riviere,zone,no_riviere,seuil_optimal,seuil_demo,page,annee,cap_petit,cap_grand,cap_total,remise_eau,jours_peche,succes,succes_ajuste,taux_petit,taux_grand,taux_total,retrait,prelevement,mont_mad,mont_red,mont_total,repro_mad,repro_red,repro_total,oeufs_millions
rivière Bonaventure,Q1,01080000,3.935,1.344,72,1984,52.0,485.0,537.0,,1757.0,0.31,,32.0,32.0,32.0,0.0,537.0,163.0,1517.0,1680.0,111.0,1032.0,1143.0,4.93
rivière Bonaventure,Q1,01080000,3.935,1.344,72,1985,163.0,381.0,544.0,,1697.0,0.32,,44.0,44.0,44.0,0.0,544.0,368.0,858.0,1226.0,205.0,477.0,682.0,2.13
rivière Bonaventure,Q1,01080000,3.935,1.344,72,1986,313.0,721.0,1034.0,,2414.0,0.43,,38.0,38.0,38.0,0.0,1034.0,821.0,1901.0,2722.0,508.0,1180.0,1688.0,5.08
rivière Bonaventure,Q1,01080000,3.935,1.344,72,1987,391.0,502.0,893.0,,2721.0,0.33,,32.0,32.0,32.0,0.0,893.0,1237.0,1588.0,2825.0,846.0,1086.0,1932.0,5.09
rivière Bonaventure,Q1,01080000,3.935,1.344,72,1988,476.0,1058.0,1534.0,,4293.0,0.36,,41.0,41.0,41.0,0.0,1534.0,1173.0,2610.0,3783.0,697.0,1552.0,2249.0,6.68
rivière Bonaventure,Q1,01080000,3.935,1.344,72,1989,343.0,1033.0,1376.0,,4741.0,0.29,,39.0,39.0,39.0,0.0,1376.0,878.0,2647.0,3525.0,535.0,1614.0,2149.0,7.12
rivière Bonaventure,Q1,01080000,3.935,1.344,72,1990,480.0,980.0,1460.0,,4419.0,0.33,,37.0,37.0,37.0,0.0,1460.0,1291.0,2633.0,3924.0,811.0,1653.0,2464.0,8.0
rivière Bonaventure,Q1,01080000,3.935,1.344,72,1991,399.0,699.0,1098.0,,4084.0,0.27,,30.0,30.0,30.0,37.0,1135.0,1329.0,2368.0,3697.0,930.0,1632.0,2562.0,7.14
rivière Bonaventure,Q1,01080000,3.935,1.344,72,1992,477.0,927.0,1404.0,,4038.0,0.35,,41.0,41.0,41.0,32.0,1436.0,1160.0,2284.0,3444.0,683.0,1325.0,2008.0,6.17
rivière Bonaventure,Q1,01080000,3.935,1.344,72,1993,536.0,767.0,1303.0,,4079.0,0.32,,65.0,43.0,50.0,32.0,1335.0,826.0,1770.0,2596.0,290.0,971.0,1261.0,4.33
rivière Bonaventure,Q1,01080000,3.935,1.344,72,1994,584.0,1134.0,1718.0,,4672.0,0.37,,64.0,41.0,46.0,26.0,1744.0,918.0,2800.0,3718.0,332.0,1642.0,1974.0,7.69
rivière Bonaventure,Q1,01080000,3.935,1.344,72,1995,164.0,870.0,1034.0,,4240.0,0.24,,49.0,33.0,35.0,40.0,1074.0,336.0,2609.0,2945.0,165.0,1706.0,1871.0,7.7
rivière Bonaventure,Q1,01080000,3.935,1.344,72,1996,321.0,370.0,691.0,,3268.0,0.21,,58.0,26.0,35.0,37.0,728.0,555.0,1440.0,1995.0,220.0,1047.0,1267.0,5.84
rivière Bonaventure,Q1,01080000,3.935,1.344,72,1997,401.0,385.0,786.0,,3183.0,0.25,,52.0,26.0,35.0,0.0,786.0,771.0,1493.0,2264.0,370.0,1108.0,1478.0,5.35
rivière Bonaventure,Q1,01080000,3.935,1.344,72,1998,398.0,241.0,639.0,200.0,3577.0,0.18,0.23,46.0,22.0,33.0,0.0,639.0,864.0,1090.0,1954.0,466.0,847.0,1313.0,4.9
rivière Bonaventure,Q1,01080000,3.935,1.344,72,1999,543.0,300.0,843.0,320.0,3688.0,0.23,0.32,41.0,18.0,28.0,0.0,843.0,1311.0,1699.0,3010.0,768.0,1399.0,2167.0,7.65
rivière Bonaventure,Q1,01080000,3.935,1.344,72,2000,431.0,467.0,898.0,433.0,3822.0,0.23,0.35,48.0,24.0,32.0,0.0,898.0,898.0,1915.0,2813.0,467.0,1448.0,1915.0,6.86
rivière Bonaventure,Q1,01080000,3.935,1.344,72,2001,350.0,436.0,786.0,449.0,4681.0,0.17,0.26,53.0,30.0,37.0,0.0,786.0,661.0,1448.0,2109.0,311.0,1012.0,1323.0,4.26
rivière Bonaventure,Q1,01080000,3.935,1.344,72,2002,930.0,148.0,1078.0,631.0,5016.0,0.21,0.34,59.0,14.0,41.0,1.0,1079.0,1583.0,1043.0,2626.0,652.0,895.0,1547.0,5.29
rivière Bonaventure,Q1,01080000,3.935,1.344,72,2003,451.0,608.0,1059.0,610.0,5759.0,0.18,0.29,52.0,27.0,34.0,3.0,1062.0,874.0,2243.0,3117.0,423.0,1632.0,2055.0,7.76
rivière Bonaventure,Q1,01080000,3.935,1.344,72,2004,897.0,401.0,1298.0,584.0,5842.0,0.22,0.32,58.0,27.0,43.0,0.0,1298.0,1544.0,1465.0,3009.0,647.0,1064.0,1711.0,5.51
rivière Bonaventure,Q1,01080000,3.935,1.344,72,2005,335.0,524.0,859.0,526.0,5784.0,0.15,0.24,64.0,35.0,43.0,0.0,859.0,522.0,1479.0,2001.0,187.0,955.0,1142.0,4.66
rivière Bonaventure,Q1,01080000,3.935,1.344,72,2006,452.0,228.0,680.0,467.0,5556.0,0.12,0.21,48.0,22.0,35.0,0.0,680.0,949.0,1019.0,1968.0,497.0,791.0,1288.0,3.93
rivière Bonaventure,Q1,01080000,3.935,1.344,72,2007,208.0,158.0,366.0,244.0,4352.0,0.08,0.14,49.0,18.0,28.0,0.0,366.0,421.0,894.0,1315.0,213.0,736.0,949.0,3.33
rivière Bonaventure,Q1,01080000,3.935,1.344,72,2008,848.0,0.0,848.0,809.0,4873.0,0.17,0.34,60.0,0.0,39.0,1.0,849.0,1424.0,753.0,2177.0,576.0,752.0,1328.0,3.54
rivière Bonaventure,Q1,01080000,3.935,1.344,72,2009,328.0,0.0,328.0,816.0,5082.0,0.06,0.23,59.0,0.0,17.0,0.0,328.0,552.0,1430.0,1982.0,224.0,1430.0,1654.0,6.54
rivière Bonaventure,Q1,01080000,3.935,1.344,72,2010,434.0,0.0,434.0,1129.0,6135.0,0.07,0.25,59.0,0.0,17.0,7.0,441.0,737.0,1851.0,2588.0,301.0,1846.0,2147.0,8.44
rivière Bonaventure,Q1,01080000,3.935,1.344,72,2011,704.0,0.0,704.0,1188.0,6151.0,0.11,0.31,68.0,0.0,31.0,6.0,710.0,1040.0,1259.0,2299.0,336.0,1253.0,1589.0,5.76
rivière Bonaventure,Q1,01080000,3.935,1.344,72,2012,297.0,0.0,297.0,843.0,6561.0,0.05,0.17,63.0,0.0,20.0,0.0,297.0,475.0,1001.0,1476.0,178.0,1001.0,1179.0,4.58
rivière Bonaventure,Q1,01080000,3.935,1.344,73,2013,186.0,0.0,186.0,1064.0,6399.0,0.03,0.2,55.0,0.0,12.0,0.0,186.0,336.0,1226.0,1562.0,150.0,1226.0,1376.0,5.6
rivière Bonaventure,Q1,01080000,3.935,1.344,73,2014,465.0,0.0,465.0,646.0,6409.0,0.07,0.17,56.0,0.0,31.0,0.0,465.0,837.0,665.0,1502.0,372.0,665.0,1037.0,3.09
rivière Bonaventure,Q1,01080000,3.935,1.344,73,2015,525.0,0.0,525.0,1100.0,7652.0,0.07,0.21,55.0,0.0,20.0,4.0,529.0,953.0,1694.0,2647.0,427.0,1691.0,2118.0,8.8
rivière Bonaventure,Q1,01080000,3.935,1.344,73,2016,219.0,0.0,219.0,825.0,7051.0,0.03,0.15,37.0,0.0,17.0,0.0,219.0,599.0,716.0,1315.0,380.0,716.0,1096.0,3.76
rivière Bonaventure,Q1,01080000,3.935,1.344,73,2017,225.0,0.0,225.0,905.0,7346.0,0.03,0.15,47.0,0.0,15.0,3.0,228.0,482.0,1067.0,1549.0,256.0,1065.0,1321.0,5.54
rivière Bonaventure,Q1,01080000,3.935,1.344,73,2018,445.0,0.0,445.0,954.0,8012.0,0.06,0.17,47.0,0.0,23.0,6.0,451.0,948.0,963.0,1911.0,500.0,960.0,1460.0,5.03
rivière Bonaventure,Q1,01080000,3.935,1.344,73,2019,199.0,0.0,199.0,843.0,8547.0,0.02,0.12,54.0,0.0,14.0,5.0,204.0,366.0,1047.0,1413.0,166.0,1043.0,1209.0,5.41
rivière Bonaventure,Q1,01080000,3.935,1.344,73,2020,317.0,0.0,317.0,740.0,7146.0,0.04,0.15,52.0,0.0,15.0,4.0,321.0,615.0,1531.0,2146.0,297.0,1528.0,1825.0,7.93
rivière Bonaventure,Q1,01080000,3.935,1.344,73,2021,400.0,0.0,400.0,799.0,8875.0,0.05,0.14,46.0,0.0,18.0,3.0,403.0,876.0,1322.0,2198.0,475.0,1320.0,1795.0,6.89
rivière Bonaventure,Q1,01080000,3.935,1.344,73,2022,355.0,0.0,355.0,1155.0,9478.0,0.04,0.16,41.0,0.0,14.0,5.0,360.0,874.0,1636.0,2510.0,518.0,1632.0,2150.0,8.5
rivière Bonaventure,Q1,01080000,3.935,1.344,73,2023,140.0,0.0,140.0,1328.0,9372.0,0.01,0.16,37.0,0.0,6.0,4.0,144.0,377.0,2031.0,2408.0,236.0,2028.0,2264.0,10.5
rivière Bonaventure,Q1,01080000,3.935,1.344,73,2024,37.0,0.0,37.0,627.0,8612.0,0.0,0.08,23.0,0.0,3.0,2.0,39.0,162.0,1002.0,1164.0,125.0,1000.0,1125.0,5.18
rivière Bonaventure,Q1,01080000,3.935,1.344,73,2025,0.0,0.0,0.0,661.0,6730.0,0.0,0.1,0.0,0.0,0.0,3.0,3.0,548.0,467.0,1015.0,546.0,466.0,1012.0,2.49
Petite rivière Cascapédia,Q1,01090000,3.076,0.951,74,1984,20.0,125.0,145.0,,555.0,0.26,,48.0,30.0,32.0,0.0,145.0,42.0,416.0,458.0,22.0,291.0,313.0,1.31
Petite rivière Cascapédia,Q1,01090000,3.076,0.951,74,1985,20.0,85.0,105.0,,523.0,0.2,,57.0,44.0,46.0,0.0,105.0,35.0,193.0,228.0,15.0,108.0,123.0,0.55
Petite rivière Cascapédia,Q1,01090000,3.076,0.951,74,1986,76.0,70.0,146.0,,428.0,0.34,,58.0,26.0,36.0,0.0,146.0,130.0,272.0,402.0,54.0,202.0,256.0,1.02
Petite rivière Cascapédia,Q1,01090000,3.076,0.951,74,1987,13.0,125.0,138.0,,429.0,0.32,,13.0,28.0,25.0,25.0,163.0,101.0,441.0,542.0,88.0,291.0,379.0,1.45
Petite rivière Cascapédia,Q1,01090000,3.076,0.951,74,1988,11.0,113.0,124.0,,441.0,0.28,,37.0,36.0,36.0,5.0,129.0,30.0,316.0,346.0,19.0,198.0,217.0,1.07
Petite rivière Cascapédia,Q1,01090000,3.076,0.951,74,1989,23.0,56.0,79.0,,400.0,0.2,,14.0,25.0,21.0,25.0,104.0,159.0,226.0,385.0,136.0,145.0,281.0,0.92
Petite rivière Cascapédia,Q1,01090000,3.076,0.951,74,1990,16.0,71.0,87.0,,370.0,0.24,,16.0,23.0,21.0,13.0,100.0,98.0,309.0,407.0,82.0,225.0,307.0,1.26
Petite rivière Cascapédia,Q1,01090000,3.076,0.951,74,1991,121.0,74.0,195.0,,566.0,0.34,,40.0,31.0,36.0,17.0,212.0,303.0,241.0,544.0,182.0,150.0,332.0,0.79
Petite rivière Cascapédia,Q1,01090000,3.076,0.951,74,1992,266.0,254.0,520.0,,1082.0,0.48,,63.0,44.0,52.0,20.0,540.0,425.0,582.0,1007.0,159.0,308.0,467.0,1.49
Petite rivière Cascapédia,Q1,01090000,3.076,0.951,74,1993,220.0,91.0,311.0,,1108.0,0.28,,66.0,24.0,44.0,11.0,322.0,331.0,375.0,706.0,111.0,273.0,384.0,1.31
Petite rivière Cascapédia,Q1,01090000,3.076,0.951,74,1994,146.0,131.0,277.0,,1158.0,0.24,,60.0,40.0,48.0,27.0,304.0,245.0,329.0,574.0,95.0,175.0,270.0,1.1
Petite rivière Cascapédia,Q1,01090000,3.076,0.951,74,1995,52.0,51.0,103.0,,859.0,0.12,,34.0,18.0,24.0,26.0,129.0,155.0,280.0,435.0,103.0,203.0,306.0,1.25
Petite rivière Cascapédia,Q1,01090000,3.076,0.951,74,1996,56.0,43.0,99.0,,744.0,0.13,,41.0,16.0,25.0,16.0,115.0,138.0,263.0,401.0,82.0,204.0,286.0,1.12
Petite rivière Cascapédia,Q1,01090000,3.076,0.951,74,1997,93.0,24.0,117.0,,785.0,0.15,,53.0,11.0,30.0,21.0,138.0,174.0,215.0,389.0,77.0,174.0,251.0,1.07
Petite rivière Cascapédia,Q1,01090000,3.076,0.951,74,1998,160.0,41.0,201.0,127.0,914.0,0.22,0.36,65.0,16.0,40.0,20.0,221.0,245.0,257.0,502.0,81.0,200.0,281.0,1.08
Petite rivière Cascapédia,Q1,01090000,3.076,0.951,74,1999,78.0,42.0,120.0,180.0,998.0,0.12,0.3,33.0,10.0,18.0,12.0,132.0,238.0,413.0,651.0,159.0,360.0,519.0,1.98
Petite rivière Cascapédia,Q1,01090000,3.076,0.951,74,2000,105.0,0.0,105.0,193.0,979.0,0.11,0.3,48.0,0.0,17.0,12.0,117.0,218.0,394.0,612.0,110.0,385.0,495.0,2.1
Petite rivière Cascapédia,Q1,01090000,3.076,0.951,74,2001,69.0,0.0,69.0,171.0,1038.0,0.07,0.23,45.0,0.0,15.0,5.0,74.0,155.0,302.0,457.0,84.0,299.0,383.0,1.63
Petite rivière Cascapédia,Q1,01090000,3.076,0.951,74,2002,115.0,0.0,115.0,195.0,918.0,0.13,0.34,69.0,0.0,26.0,3.0,118.0,167.0,267.0,434.0,51.0,265.0,316.0,1.44
Petite rivière Cascapédia,Q1,01090000,3.076,0.951,74,2003,73.0,0.0,73.0,278.0,1054.0,0.07,0.33,74.0,0.0,16.0,0.0,73.0,98.0,359.0,457.0,25.0,359.0,384.0,1.94
Petite rivière Cascapédia,Q1,01090000,3.076,0.951,74,2004,183.0,0.0,183.0,281.0,1170.0,0.16,0.4,75.0,0.0,33.0,3.0,186.0,245.0,312.0,557.0,62.0,309.0,371.0,1.68
Petite rivière Cascapédia,Q1,01090000,3.076,0.951,74,2005,26.0,0.0,26.0,205.0,1063.0,0.02,0.22,68.0,0.0,5.0,0.0,26.0,38.0,491.0,529.0,12.0,491.0,503.0,2.65
Petite rivière Cascapédia,Q1,01090000,3.076,0.951,74,2006,70.0,0.0,70.0,225.0,1192.0,0.06,0.25,40.0,0.0,14.0,0.0,70.0,177.0,336.0,513.0,107.0,336.0,443.0,1.84
Petite rivière Cascapédia,Q1,01090000,3.076,0.951,74,2007,47.0,0.0,47.0,157.0,1213.0,0.04,0.17,47.0,0.0,13.0,0.0,47.0,101.0,248.0,349.0,54.0,248.0,302.0,1.35
Petite rivière Cascapédia,Q1,01090000,3.076,0.951,74,2008,68.0,0.0,68.0,268.0,962.0,0.07,0.35,45.0,0.0,19.0,5.0,73.0,152.0,206.0,358.0,83.0,202.0,285.0,1.11
Petite rivière Cascapédia,Q1,01090000,3.076,0.951,74,2009,34.0,0.0,34.0,154.0,1029.0,0.03,0.18,52.0,0.0,12.0,0.0,34.0,65.0,214.0,279.0,31.0,214.0,245.0,1.16
Petite rivière Cascapédia,Q1,01090000,3.076,0.951,74,2010,56.0,0.0,56.0,218.0,1066.0,0.05,0.26,57.0,0.0,14.0,0.0,56.0,99.0,295.0,394.0,43.0,295.0,338.0,1.6
Petite rivière Cascapédia,Q1,01090000,3.076,0.951,74,2011,49.0,0.0,49.0,299.0,1075.0,0.05,0.32,37.0,0.0,11.0,1.0,50.0,131.0,303.0,434.0,82.0,302.0,384.0,1.65
Petite rivière Cascapédia,Q1,01090000,3.076,0.951,74,2012,16.0,0.0,16.0,140.0,1007.0,0.02,0.15,42.0,0.0,11.0,1.0,17.0,38.0,109.0,147.0,22.0,108.0,130.0,0.59
Petite rivière Cascapédia,Q1,01090000,3.076,0.951,75,2013,28.0,0.0,28.0,234.0,1168.0,0.02,0.22,28.0,0.0,6.0,2.0,30.0,99.0,339.0,438.0,71.0,337.0,408.0,1.83
Petite rivière Cascapédia,Q1,01090000,3.076,0.951,75,2014,27.0,0.0,27.0,150.0,1076.0,0.03,0.16,28.0,0.0,9.0,2.0,29.0,97.0,217.0,314.0,70.0,215.0,285.0,1.17
Petite rivière Cascapédia,Q1,01090000,3.076,0.951,75,2015,59.0,0.0,59.0,283.0,1067.0,0.06,0.32,40.0,0.0,12.0,3.0,62.0,146.0,341.0,487.0,86.0,339.0,425.0,2.09
Petite rivière Cascapédia,Q1,01090000,3.076,0.951,75,2016,13.0,0.0,13.0,173.0,1380.0,0.01,0.13,24.0,0.0,5.0,0.0,13.0,54.0,206.0,260.0,41.0,206.0,247.0,1.27
Petite rivière Cascapédia,Q1,01090000,3.076,0.951,75,2017,28.0,0.0,28.0,158.0,1333.0,0.02,0.14,35.0,0.0,8.0,0.0,28.0,79.0,251.0,330.0,51.0,251.0,302.0,1.55
Petite rivière Cascapédia,Q1,01090000,3.076,0.951,75,2018,51.0,0.0,51.0,203.0,1306.0,0.04,0.19,40.0,0.0,15.0,0.0,51.0,126.0,212.0,338.0,75.0,212.0,287.0,1.31
Petite rivière Cascapédia,Q1,01090000,3.076,0.951,75,2019,30.0,0.0,30.0,225.0,1750.0,0.02,0.15,39.0,0.0,8.0,0.0,30.0,76.0,277.0,353.0,46.0,277.0,323.0,1.71
Petite rivière Cascapédia,Q1,01090000,3.076,0.951,75,2020,44.0,0.0,44.0,198.0,1788.0,0.02,0.14,35.0,0.0,10.0,0.0,44.0,125.0,298.0,423.0,81.0,298.0,379.0,1.84
Petite rivière Cascapédia,Q1,01090000,3.076,0.951,75,2021,46.0,0.0,46.0,220.0,1884.0,0.02,0.14,27.0,0.0,12.0,4.0,50.0,172.0,217.0,389.0,125.0,214.0,339.0,1.33
Petite rivière Cascapédia,Q1,01090000,3.076,0.951,75,2022,33.0,0.0,33.0,408.0,2088.0,0.02,0.21,20.0,0.0,6.0,0.0,33.0,169.0,367.0,536.0,136.0,367.0,503.0,2.27
Petite rivière Cascapédia,Q1,01090000,3.076,0.951,75,2023,8.0,0.0,8.0,462.0,2454.0,0.0,0.19,9.0,0.0,1.0,2.0,10.0,93.0,465.0,558.0,85.0,463.0,548.0,2.85
Petite rivière Cascapédia,Q1,01090000,3.076,0.951,75,2024,4.0,0.0,4.0,254.0,2559.0,0.0,0.1,7.0,0.0,1.0,2.0,6.0,57.0,392.0,449.0,53.0,390.0,443.0,2.4
Petite rivière Cascapédia,Q1,01090000,3.076,0.951,75,2025,0.0,0.0,0.0,148.0,2074.0,0.0,0.07,0.0,0.0,0.0,1.0,1.0,19.0,188.0,207.0,19.0,187.0,206.0,1.15
rivière Cascapédia,Q1,01100000,7.164,2.494,76,1984,7.0,470.0,477.0,,2093.0,0.23,,33.0,34.0,34.0,0.0,477.0,21.0,1378.0,1399.0,14.0,908.0,922.0,7.35
rivière Cascapédia,Q1,01100000,7.164,2.494,76,1985,23.0,468.0,491.0,,2452.0,0.2,,37.0,36.0,36.0,0.0,491.0,63.0,1283.0,1346.0,40.0,815.0,855.0,6.08
rivière Cascapédia,Q1,01100000,7.164,2.494,76,1986,45.0,790.0,835.0,,2546.0,0.33,,42.0,42.0,42.0,0.0,835.0,106.0,1866.0,1972.0,61.0,1076.0,1137.0,7.22
rivière Cascapédia,Q1,01100000,7.164,2.494,76,1987,69.0,843.0,912.0,,2762.0,0.33,,43.0,43.0,43.0,0.0,912.0,160.0,1946.0,2106.0,91.0,1103.0,1194.0,8.0
rivière Cascapédia,Q1,01100000,7.164,2.494,76,1988,90.0,927.0,1017.0,,3020.0,0.34,,35.0,35.0,35.0,13.0,1030.0,256.0,2659.0,2915.0,166.0,1719.0,1885.0,12.48
rivière Cascapédia,Q1,01100000,7.164,2.494,76,1989,42.0,1055.0,1097.0,,3146.0,0.35,,33.0,33.0,33.0,15.0,1112.0,126.0,3186.0,3312.0,84.0,2116.0,2200.0,14.83
rivière Cascapédia,Q1,01100000,7.164,2.494,76,1990,95.0,1070.0,1165.0,,3462.0,0.34,,39.0,39.0,39.0,21.0,1186.0,243.0,2752.0,2995.0,148.0,1661.0,1809.0,11.98
rivière Cascapédia,Q1,01100000,7.164,2.494,76,1991,69.0,826.0,895.0,,3657.0,0.24,,35.0,35.0,35.0,1.0,896.0,197.0,2368.0,2565.0,128.0,1541.0,1669.0,11.36
rivière Cascapédia,Q1,01100000,7.164,2.494,76,1992,125.0,929.0,1054.0,,3504.0,0.3,,38.0,37.0,37.0,0.0,1054.0,332.0,2507.0,2839.0,207.0,1578.0,1785.0,11.13
rivière Cascapédia,Q1,01100000,7.164,2.494,76,1993,105.0,953.0,1058.0,,3741.0,0.28,,37.0,37.0,37.0,0.0,1058.0,284.0,2565.0,2849.0,179.0,1612.0,1791.0,11.86
rivière Cascapédia,Q1,01100000,7.164,2.494,76,1994,129.0,1127.0,1256.0,,3855.0,0.33,,49.0,49.0,49.0,31.0,1287.0,261.0,2311.0,2572.0,132.0,1153.0,1285.0,8.6
rivière Cascapédia,Q1,01100000,7.164,2.494,76,1995,38.0,920.0,958.0,,3859.0,0.25,,38.0,38.0,38.0,28.0,986.0,101.0,2452.0,2553.0,63.0,1504.0,1567.0,10.27
rivière Cascapédia,Q1,01100000,7.164,2.494,76,1996,79.0,1081.0,1160.0,,3941.0,0.29,,43.0,42.0,42.0,34.0,1194.0,183.0,2552.0,2735.0,104.0,1437.0,1541.0,11.99
rivière Cascapédia,Q1,01100000,7.164,2.494,76,1997,75.0,648.0,723.0,62.0,3909.0,0.18,0.2,40.0,39.0,39.0,38.0,761.0,186.0,1671.0,1857.0,111.0,985.0,1096.0,7.32
rivière Cascapédia,Q1,01100000,7.164,2.494,76,1998,89.0,408.0,497.0,182.0,3848.0,0.13,0.18,43.0,33.0,35.0,0.0,497.0,208.0,1224.0,1432.0,119.0,816.0,935.0,6.45
rivière Cascapédia,Q1,01100000,7.164,2.494,76,1999,61.0,463.0,524.0,493.0,4211.0,0.12,0.24,32.0,23.0,23.0,25.0,549.0,188.0,2042.0,2230.0,127.0,1554.0,1681.0,11.99
rivière Cascapédia,Q1,01100000,7.164,2.494,76,2000,77.0,186.0,263.0,502.0,4395.0,0.06,0.17,31.0,14.0,16.0,50.0,313.0,252.0,1367.0,1619.0,175.0,1131.0,1306.0,9.26
rivière Cascapédia,Q1,01100000,7.164,2.494,76,2001,67.0,262.0,329.0,704.0,4470.0,0.07,0.23,47.0,18.0,21.0,68.0,397.0,144.0,1445.0,1589.0,77.0,1115.0,1192.0,8.37
rivière Cascapédia,Q1,01100000,7.164,2.494,76,2002,180.0,127.0,307.0,874.0,4292.0,0.07,0.28,44.0,10.0,18.0,64.0,371.0,410.0,1291.0,1701.0,230.0,1100.0,1330.0,9.36
rivière Cascapédia,Q1,01100000,7.164,2.494,76,2003,34.0,296.0,330.0,1351.0,4395.0,0.08,0.38,15.0,11.0,11.0,83.0,413.0,231.0,2755.0,2986.0,197.0,2376.0,2573.0,16.74
rivière Cascapédia,Q1,01100000,7.164,2.494,76,2004,85.0,206.0,291.0,1179.0,5074.0,0.06,0.29,34.0,12.0,15.0,48.0,339.0,248.0,1720.0,1968.0,163.0,1466.0,1629.0,12.02
rivière Cascapédia,Q1,01100000,7.164,2.494,76,2005,35.0,168.0,203.0,1239.0,4944.0,0.04,0.29,30.0,7.0,8.0,212.0,415.0,115.0,2535.0,2650.0,80.0,2155.0,2235.0,15.26
rivière Cascapédia,Q1,01100000,7.164,2.494,76,2006,46.0,126.0,172.0,822.0,4638.0,0.04,0.21,19.0,6.0,7.0,225.0,397.0,238.0,2280.0,2518.0,192.0,1929.0,2121.0,14.99
rivière Cascapédia,Q1,01100000,7.164,2.494,76,2007,39.0,64.0,103.0,683.0,4684.0,0.02,0.17,28.0,5.0,7.0,36.0,139.0,139.0,1279.0,1418.0,100.0,1179.0,1279.0,8.08
rivière Cascapédia,Q1,01100000,7.164,2.494,76,2008,65.0,85.0,150.0,876.0,4159.0,0.04,0.25,23.0,8.0,11.0,145.0,295.0,282.0,1119.0,1401.0,217.0,889.0,1106.0,6.45
rivière Cascapédia,Q1,01100000,7.164,2.494,76,2009,20.0,83.0,103.0,1061.0,3866.0,0.03,0.3,12.0,5.0,5.0,0.0,103.0,171.0,1723.0,1894.0,151.0,1640.0,1791.0,9.48
rivière Cascapédia,Q1,01100000,7.164,2.494,76,2010,32.0,22.0,54.0,1359.0,4036.0,0.01,0.35,20.0,1.0,2.0,0.0,54.0,163.0,2256.0,2419.0,131.0,2234.0,2365.0,16.39
rivière Cascapédia,Q1,01100000,7.164,2.494,76,2011,55.0,43.0,98.0,2615.0,4384.0,0.02,0.62,11.0,1.0,2.0,44.0,142.0,516.0,3815.0,4331.0,461.0,3728.0,4189.0,27.42
rivière Cascapédia,Q1,01100000,7.164,2.494,76,2012,9.0,0.0,9.0,1547.0,4794.0,0.0,0.32,4.0,0.0,0.0,45.0,54.0,251.0,1999.0,2250.0,242.0,1954.0,2196.0,14.36
rivière Cascapédia,Q1,01100000,7.164,2.494,77,2013,8.0,0.0,8.0,2036.0,4774.0,0.0,0.43,8.0,0.0,0.0,0.0,8.0,100.0,2910.0,3010.0,92.0,2910.0,3002.0,21.33
rivière Cascapédia,Q1,01100000,7.164,2.494,77,2014,19.0,0.0,19.0,1514.0,5310.0,0.0,0.29,18.0,0.0,1.0,0.0,19.0,108.0,1922.0,2030.0,89.0,1922.0,2011.0,14.09
rivière Cascapédia,Q1,01100000,7.164,2.494,77,2015,14.0,0.0,14.0,2535.0,5634.0,0.0,0.45,5.0,0.0,0.0,24.0,38.0,277.0,3395.0,3672.0,260.0,3374.0,3634.0,28.14
rivière Cascapédia,Q1,01100000,7.164,2.494,77,2016,6.0,0.0,6.0,2338.0,5809.0,0.0,0.4,5.0,0.0,0.0,33.0,39.0,119.0,2229.0,2348.0,111.0,2198.0,2309.0,18.32
rivière Cascapédia,Q1,01100000,7.164,2.494,77,2017,2.0,0.0,2.0,2309.0,5753.0,0.0,0.4,1.0,0.0,0.0,10.0,12.0,142.0,2710.0,2852.0,139.0,2701.0,2840.0,22.51
rivière Cascapédia,Q1,01100000,7.164,2.494,77,2018,3.0,0.0,3.0,1982.0,5639.0,0.0,0.35,1.0,0.0,0.0,21.0,24.0,365.0,2900.0,3265.0,360.0,2881.0,3241.0,24.05
rivière Cascapédia,Q1,01100000,7.164,2.494,77,2019,2.0,0.0,2.0,2282.0,5882.0,0.0,0.39,2.0,0.0,0.0,30.0,32.0,106.0,3057.0,3163.0,103.0,3028.0,3131.0,25.22
rivière Cascapédia,Q1,01100000,7.164,2.494,77,2020,5.0,0.0,5.0,2503.0,4278.0,0.0,0.59,3.0,0.0,0.0,32.0,37.0,167.0,3755.0,3922.0,161.0,3724.0,3885.0,31.03
rivière Cascapédia,Q1,01100000,7.164,2.494,77,2021,5.0,0.0,5.0,1729.0,5202.0,0.0,0.33,3.0,0.0,0.0,25.0,30.0,191.0,2899.0,3090.0,184.0,2876.0,3060.0,23.97
rivière Cascapédia,Q1,01100000,7.164,2.494,77,2022,1.0,0.0,1.0,2592.0,6772.0,0.0,0.38,0.0,0.0,0.0,32.0,33.0,210.0,3331.0,3541.0,205.0,3303.0,3508.0,27.53
rivière Cascapédia,Q1,01100000,7.164,2.494,77,2023,0.0,0.0,0.0,2050.0,7005.0,0.0,0.29,0.0,0.0,0.0,21.0,21.0,59.0,2290.0,2349.0,58.0,2270.0,2328.0,18.91
rivière Cascapédia,Q1,01100000,7.164,2.494,77,2024,0.0,0.0,0.0,1375.0,6233.0,0.0,0.22,0.0,0.0,0.0,21.0,21.0,43.0,1816.0,1859.0,43.0,1795.0,1838.0,14.95
rivière Cascapédia,Q1,01100000,7.164,2.494,77,2025,0.0,0.0,0.0,923.0,6005.0,0.0,0.15,0.0,0.0,0.0,32.0,32.0,226.0,874.0,1100.0,220.0,848.0,1068.0,7.1
rivière Nouvelle,Q1,01120000,2.806,0.878,78,1984,,,,,,,,,,,,,,,,,,,
rivière Nouvelle,Q1,01120000,2.806,0.878,78,1985,,,,,,,,,,,,,,,,,,,
rivière Nouvelle,Q1,01120000,2.806,0.878,78,1986,,,,,,,,,,,,,,,,,,,
rivière Nouvelle,Q1,01120000,2.806,0.878,78,1987,,,,,,,,,,,,,,,,,,,
rivière Nouvelle,Q1,01120000,2.806,0.878,78,1988,,,,,,,,,,,,,,,,,,,
rivière Nouvelle,Q1,01120000,2.806,0.878,78,1989,,,,,,,,,,,,,,,,,,,
rivière Nouvelle,Q1,01120000,2.806,0.878,78,1990,,,,,,,,,,,,,,,,,,,
rivière Nouvelle,Q1,01120000,2.806,0.878,78,1991,,,,,,,,,,,,,6.0,21.0,27.0,6.0,21.0,27.0,0.1
rivière Nouvelle,Q1,01120000,2.806,0.878,78,1992,,,,,,,,,,,,,4.0,17.0,21.0,4.0,17.0,21.0,0.08
rivière Nouvelle,Q1,01120000,2.806,0.878,78,1993,4.0,6.0,10.0,,,,,15.0,22.0,19.0,1.0,11.0,27.0,27.0,54.0,23.0,20.0,43.0,0.1
rivière Nouvelle,Q1,01120000,2.806,0.878,78,1994,,,,,,,,,,,33.0,33.0,40.0,46.0,86.0,30.0,23.0,53.0,0.11
rivière Nouvelle,Q1,01120000,2.806,0.878,78,1995,,,,,,,,,,,14.0,14.0,44.0,62.0,106.0,39.0,53.0,92.0,0.31
rivière Nouvelle,Q1,01120000,2.806,0.878,78,1996,,,,,,,,,,,6.0,6.0,76.0,141.0,217.0,74.0,137.0,211.0,0.77
rivière Nouvelle,Q1,01120000,2.806,0.878,78,1997,5.0,0.0,5.0,3.0,318.0,0.02,0.03,16.0,0.0,7.0,1.0,6.0,31.0,45.0,76.0,26.0,44.0,70.0,0.25
rivière Nouvelle,Q1,01120000,2.806,0.878,78,1998,65.0,0.0,65.0,31.0,409.0,0.16,0.23,75.0,0.0,42.0,1.0,66.0,87.0,68.0,155.0,22.0,67.0,89.0,0.38
rivière Nouvelle,Q1,01120000,2.806,0.878,78,1999,40.0,0.0,40.0,41.0,823.0,0.05,0.1,40.0,0.0,21.0,7.0,47.0,100.0,94.0,194.0,57.0,90.0,147.0,0.51
rivière Nouvelle,Q1,01120000,2.806,0.878,78,2000,9.0,0.0,9.0,16.0,1008.0,0.01,0.02,35.0,0.0,13.0,10.0,19.0,26.0,46.0,72.0,15.0,38.0,53.0,0.21
rivière Nouvelle,Q1,01120000,2.806,0.878,78,2001,24.0,0.0,24.0,24.0,785.0,0.03,0.06,32.0,0.0,16.0,9.0,33.0,76.0,72.0,148.0,52.0,63.0,115.0,0.36
rivière Nouvelle,Q1,01120000,2.806,0.878,78,2002,54.0,0.0,54.0,20.0,878.0,0.06,0.08,49.0,0.0,34.0,10.0,64.0,111.0,49.0,160.0,56.0,40.0,96.0,0.24
rivière Nouvelle,Q1,01120000,2.806,0.878,78,2003,62.0,0.0,62.0,34.0,765.0,0.08,0.13,46.0,0.0,32.0,1.0,63.0,135.0,59.0,194.0,72.0,59.0,131.0,0.34
rivière Nouvelle,Q1,01120000,2.806,0.878,78,2004,13.0,0.0,13.0,24.0,473.0,0.03,0.08,42.0,0.0,10.0,1.0,14.0,31.0,93.0,124.0,17.0,93.0,110.0,0.52
rivière Nouvelle,Q1,01120000,2.806,0.878,78,2005,3.0,0.0,3.0,4.0,364.0,0.01,0.02,50.0,0.0,5.0,0.0,3.0,6.0,54.0,60.0,3.0,54.0,57.0,0.3
rivière Nouvelle,Q1,01120000,2.806,0.878,78,2006,4.0,0.0,4.0,6.0,447.0,0.01,0.02,19.0,0.0,8.0,0.0,4.0,21.0,31.0,52.0,17.0,31.0,48.0,0.18
rivière Nouvelle,Q1,01120000,2.806,0.878,78,2007,12.0,0.0,12.0,8.0,336.0,0.04,0.06,44.0,0.0,30.0,0.0,12.0,27.0,13.0,40.0,15.0,13.0,28.0,0.08
rivière Nouvelle,Q1,01120000,2.806,0.878,78,2008,10.0,0.0,10.0,14.0,281.0,0.04,0.09,19.0,0.0,11.0,0.0,10.0,52.0,39.0,91.0,42.0,39.0,81.0,0.23
rivière Nouvelle,Q1,01120000,2.806,0.878,78,2009,10.0,0.0,10.0,13.0,451.0,0.02,0.05,43.0,0.0,20.0,0.0,10.0,23.0,26.0,49.0,13.0,26.0,39.0,0.15
rivière Nouvelle,Q1,01120000,2.806,0.878,78,2010,7.0,0.0,7.0,7.0,517.0,0.01,0.03,18.0,0.0,7.0,0.0,7.0,38.0,68.0,106.0,31.0,68.0,99.0,0.38
rivière Nouvelle,Q1,01120000,2.806,0.878,78,2011,6.0,0.0,6.0,15.0,298.0,0.02,0.07,40.0,0.0,8.0,0.0,6.0,15.0,65.0,80.0,9.0,65.0,74.0,0.36
rivière Nouvelle,Q1,01120000,2.806,0.878,78,2012,6.0,0.0,6.0,6.0,399.0,0.02,0.03,46.0,0.0,19.0,0.0,6.0,13.0,18.0,31.0,7.0,18.0,25.0,0.1
rivière Nouvelle,Q1,01120000,2.806,0.878,79,2013,8.0,0.0,8.0,11.0,424.0,0.02,0.04,53.0,0.0,17.0,1.0,9.0,15.0,33.0,48.0,7.0,32.0,39.0,0.18
rivière Nouvelle,Q1,01120000,2.806,0.878,79,2014,12.0,0.0,12.0,17.0,412.0,0.03,0.07,63.0,0.0,23.0,1.0,13.0,19.0,33.0,52.0,7.0,32.0,39.0,0.18
rivière Nouvelle,Q1,01120000,2.806,0.878,79,2015,15.0,0.0,15.0,33.0,442.0,0.03,0.11,56.0,0.0,22.0,0.0,15.0,27.0,40.0,67.0,12.0,40.0,52.0,0.25
rivière Nouvelle,Q1,01120000,2.806,0.878,79,2016,5.0,0.0,5.0,34.0,439.0,0.01,0.09,33.0,0.0,15.0,0.0,5.0,15.0,19.0,34.0,10.0,19.0,29.0,0.12
rivière Nouvelle,Q1,01120000,2.806,0.878,79,2017,9.0,0.0,9.0,35.0,600.0,0.01,0.07,30.0,0.0,10.0,0.0,9.0,30.0,57.0,87.0,21.0,57.0,78.0,0.36
rivière Nouvelle,Q1,01120000,2.806,0.878,79,2018,10.0,0.0,10.0,41.0,742.0,0.01,0.07,19.0,0.0,11.0,0.0,10.0,54.0,35.0,89.0,44.0,35.0,79.0,0.23
rivière Nouvelle,Q1,01120000,2.806,0.878,79,2019,8.0,0.0,8.0,79.0,1047.0,0.01,0.08,18.0,0.0,6.0,1.0,9.0,44.0,88.0,132.0,35.0,88.0,123.0,0.56
rivière Nouvelle,Q1,01120000,2.806,0.878,79,2020,4.0,0.0,4.0,74.0,1371.0,0.0,0.06,6.0,0.0,3.0,1.0,5.0,64.0,76.0,140.0,60.0,75.0,135.0,0.48
rivière Nouvelle,Q1,01120000,2.806,0.878,79,2021,4.0,0.0,4.0,12.0,973.0,0.0,0.02,20.0,0.0,10.0,0.0,4.0,20.0,19.0,39.0,16.0,19.0,35.0,0.12
rivière Nouvelle,Q1,01120000,2.806,0.878,79,2022,17.0,0.0,17.0,108.0,965.0,0.02,0.13,18.0,0.0,10.0,0.0,17.0,92.0,71.0,163.0,75.0,71.0,146.0,0.46
rivière Nouvelle,Q1,01120000,2.806,0.878,79,2023,5.0,0.0,5.0,97.0,1218.0,0.0,0.08,28.0,0.0,5.0,1.0,6.0,18.0,75.0,93.0,13.0,74.0,87.0,0.47
rivière Nouvelle,Q1,01120000,2.806,0.878,79,2024,0.0,0.0,0.0,40.0,975.0,0.0,0.04,0.0,0.0,0.0,0.0,0.0,12.0,90.0,102.0,12.0,90.0,102.0,0.57
rivière Nouvelle,Q1,01120000,2.806,0.878,79,2025,0.0,0.0,0.0,40.0,879.0,0.0,0.05,0.0,0.0,0.0,0.0,0.0,36.0,26.0,62.0,36.0,26.0,62.0,0.17
rivière Matapédia,Q1,01150000,10.415,3.123,80,1984,285.0,560.0,845.0,,4852.0,0.17,,45.0,45.0,45.0,17.0,862.0,636.0,1249.0,1885.0,,,1023.0,3.68
rivière Matapédia,Q1,01150000,10.415,3.123,80,1985,291.0,807.0,1098.0,,5581.0,0.2,,48.0,47.0,48.0,0.0,1098.0,612.0,1699.0,2311.0,,,1213.0,4.81
rivière Matapédia,Q1,01150000,10.415,3.123,80,1986,389.0,1289.0,1678.0,,6888.0,0.24,,54.0,54.0,54.0,0.0,1678.0,725.0,2403.0,3128.0,,,1450.0,6.0
rivière Matapédia,Q1,01150000,10.415,3.123,80,1987,602.0,915.0,1517.0,,7816.0,0.19,,52.0,52.0,52.0,0.0,1517.0,1152.0,1751.0,2903.0,,,1386.0,4.57
rivière Matapédia,Q1,01150000,10.415,3.123,80,1988,680.0,1068.0,1748.0,,7457.0,0.23,,53.0,53.0,53.0,0.0,1748.0,1274.0,2002.0,3276.0,,,1528.0,5.1
rivière Matapédia,Q1,01150000,10.415,3.123,80,1989,466.0,1119.0,1585.0,,7816.0,0.2,,44.0,44.0,44.0,44.0,1629.0,1067.0,2562.0,3629.0,,,2000.0,7.64
rivière Matapédia,Q1,01150000,10.415,3.123,80,1990,718.0,856.0,1574.0,,7064.0,0.22,,45.0,45.0,45.0,0.0,1574.0,1584.0,1889.0,3473.0,,,1899.0,5.68
rivière Matapédia,Q1,01150000,10.415,3.123,80,1991,521.0,940.0,1461.0,,6650.0,0.22,,52.0,52.0,52.0,0.0,1461.0,1004.0,1812.0,2816.0,,,1355.0,4.74
rivière Matapédia,Q1,01150000,10.415,3.123,80,1992,693.0,966.0,1659.0,,6271.0,0.26,,54.0,54.0,54.0,0.0,1659.0,1273.0,1774.0,3047.0,,,1388.0,4.49
rivière Matapédia,Q1,01150000,10.415,3.123,80,1993,735.0,505.0,1240.0,,6052.0,0.2,,47.0,47.0,47.0,0.0,1240.0,1560.0,1072.0,2632.0,,,1392.0,5.93
rivière Matapédia,Q1,01150000,10.415,3.123,80,1994,793.0,795.0,1588.0,,7621.0,0.21,,69.0,45.0,55.0,0.0,1588.0,1156.0,1750.0,2906.0,363.0,955.0,1318.0,6.39
rivière Matapédia,Q1,01150000,10.415,3.123,80,1995,335.0,751.0,1086.0,,5963.0,0.18,,35.0,28.0,30.0,9.0,1095.0,946.0,2662.0,3608.0,611.0,1902.0,2513.0,11.44
rivière Matapédia,Q1,01150000,10.415,3.123,80,1996,693.0,812.0,1505.0,,6664.0,0.23,,37.0,27.0,31.0,0.0,1505.0,1875.0,3050.0,4925.0,1182.0,2238.0,3420.0,15.1
rivière Matapédia,Q1,01150000,10.415,3.123,80,1997,444.0,618.0,1062.0,,7185.0,0.15,,39.0,27.0,31.0,0.0,1062.0,1135.0,2269.0,3404.0,691.0,1651.0,2342.0,11.01
rivière Matapédia,Q1,01150000,10.415,3.123,80,1998,630.0,385.0,1015.0,,6583.0,0.15,,46.0,22.0,32.0,0.0,1015.0,1384.0,1741.0,3125.0,754.0,1356.0,2110.0,10.1
rivière Matapédia,Q1,01150000,10.415,3.123,80,1999,698.0,534.0,1232.0,,6060.0,0.2,,45.0,28.0,36.0,0.0,1232.0,1541.0,1922.0,3463.0,843.0,1388.0,2231.0,8.81
rivière Matapédia,Q1,01150000,10.415,3.123,80,2000,846.0,600.0,1446.0,443.0,6907.0,0.21,0.27,55.0,29.0,40.0,0.0,1446.0,1539.0,2075.0,3614.0,693.0,1475.0,2168.0,9.77
rivière Matapédia,Q1,01150000,10.415,3.123,80,2001,612.0,981.0,1593.0,470.0,7587.0,0.21,0.27,42.0,30.0,34.0,0.0,1593.0,1464.0,3250.0,4714.0,852.0,2269.0,3121.0,13.89
rivière Matapédia,Q1,01150000,10.415,3.123,80,2002,1299.0,456.0,1755.0,574.0,8096.0,0.22,0.29,53.0,25.0,41.0,0.0,1755.0,2440.0,1842.0,4282.0,1141.0,1386.0,2527.0,9.8
rivière Matapédia,Q1,01150000,10.415,3.123,80,2003,526.0,842.0,1368.0,285.0,8211.0,0.17,0.2,54.0,28.0,34.0,0.0,1368.0,969.0,3058.0,4027.0,443.0,2216.0,2659.0,13.57
rivière Matapédia,Q1,01150000,10.415,3.123,80,2004,1124.0,727.0,1851.0,397.0,8235.0,0.22,0.27,50.0,28.0,38.0,0.0,1851.0,2248.0,2610.0,4858.0,1124.0,1877.0,3001.0,12.74
rivière Matapédia,Q1,01150000,10.415,3.123,80,2005,578.0,810.0,1388.0,281.0,8500.0,0.16,0.2,43.0,32.0,35.0,0.0,1388.0,1348.0,2569.0,3917.0,770.0,1759.0,2529.0,10.55
rivière Matapédia,Q1,01150000,10.415,3.123,80,2006,1009.0,566.0,1575.0,376.0,8317.0,0.19,0.23,51.0,28.0,39.0,0.0,1575.0,1960.0,2042.0,4002.0,951.0,1476.0,2427.0,9.39
rivière Matapédia,Q1,01150000,10.415,3.123,80,2007,435.0,709.0,1144.0,259.0,7614.0,0.15,0.18,56.0,37.0,42.0,0.0,1144.0,773.0,1937.0,2710.0,338.0,1228.0,1566.0,7.18
rivière Matapédia,Q1,01150000,10.415,3.123,80,2008,1082.0,456.0,1538.0,325.0,7986.0,0.19,0.23,53.0,24.0,39.0,1.0,1539.0,2042.0,1863.0,3905.0,960.0,1406.0,2366.0,8.73
rivière Matapédia,Q1,01150000,10.415,3.123,80,2009,542.0,656.0,1198.0,284.0,7376.0,0.16,0.2,52.0,28.0,36.0,0.0,1198.0,1048.0,2323.0,3371.0,506.0,1667.0,2173.0,9.18
rivière Matapédia,Q1,01150000,10.415,3.123,80,2010,709.0,730.0,1439.0,421.0,7780.0,0.18,0.24,69.0,37.0,48.0,0.0,1439.0,1034.0,1949.0,2983.0,325.0,1219.0,1544.0,7.18
rivière Matapédia,Q1,01150000,10.415,3.123,80,2011,785.0,1106.0,1891.0,462.0,9096.0,0.21,0.26,52.0,35.0,41.0,0.0,1891.0,1506.0,3155.0,4661.0,721.0,2049.0,2770.0,12.77
rivière Matapédia,Q1,01150000,10.415,3.123,80,2012,376.0,512.0,888.0,154.0,7519.0,0.12,0.14,59.0,25.0,33.0,0.0,888.0,636.0,2031.0,2667.0,260.0,1519.0,1779.0,9.01
rivière Matapédia,Q1,01150000,10.415,3.123,81,2013,417.0,952.0,1369.0,234.0,8179.0,0.17,0.2,62.0,46.0,50.0,0.0,1369.0,669.0,2063.0,2732.0,252.0,1111.0,1363.0,6.56
rivière Matapédia,Q1,01150000,10.415,3.123,81,2014,370.0,448.0,818.0,368.0,8725.0,0.09,0.14,70.0,30.0,41.0,0.0,818.0,525.0,1479.0,2004.0,155.0,1031.0,1186.0,6.97
rivière Matapédia,Q1,01150000,10.415,3.123,81,2015,717.0,541.0,1258.0,370.0,8413.0,0.15,0.19,76.0,44.0,57.0,26.0,1284.0,947.0,1242.0,2189.0,230.0,677.0,907.0,4.89
rivière Matapédia,Q1,01150000,10.415,3.123,81,2016,393.0,0.0,393.0,787.0,6698.0,0.06,0.18,68.0,0.0,20.0,55.0,448.0,574.0,1367.0,1941.0,176.0,1317.0,1493.0,10.31
rivière Matapédia,Q1,01150000,10.415,3.123,81,2017,358.0,213.0,571.0,631.0,7507.0,0.08,0.16,81.0,12.0,25.0,44.0,615.0,440.0,1830.0,2270.0,74.0,1581.0,1655.0,12.35
rivière Matapédia,Q1,01150000,10.415,3.123,81,2018,663.0,118.0,781.0,723.0,7992.0,0.1,0.19,69.0,7.0,29.0,51.0,832.0,960.0,1761.0,2721.0,273.0,1616.0,1889.0,10.37
rivière Matapédia,Q1,01150000,10.415,3.123,81,2019,537.0,0.0,537.0,953.0,8430.0,0.06,0.18,88.0,0.0,26.0,71.0,608.0,611.0,1449.0,2060.0,57.0,1395.0,1452.0,10.35
rivière Matapédia,Q1,01150000,10.415,3.123,81,2020,455.0,210.0,665.0,1077.0,7989.0,0.08,0.22,65.0,7.0,17.0,75.0,740.0,699.0,3184.0,3883.0,230.0,2913.0,3143.0,21.4
rivière Matapédia,Q1,01150000,10.415,3.123,81,2021,374.0,86.0,460.0,554.0,7341.0,0.06,0.14,63.0,5.0,19.0,39.0,499.0,597.0,1837.0,2434.0,210.0,1725.0,1935.0,12.39
rivière Matapédia,Q1,01150000,10.415,3.123,81,2022,379.0,0.0,379.0,688.0,6654.0,0.06,0.16,75.0,0.0,21.0,48.0,427.0,502.0,1320.0,1822.0,110.0,1285.0,1395.0,9.21
rivière Matapédia,Q1,01150000,10.415,3.123,81,2023,175.0,0.0,175.0,581.0,6994.0,0.03,0.11,90.0,0.0,15.0,41.0,216.0,195.0,948.0,1143.0,13.0,914.0,927.0,6.64
rivière Matapédia,Q1,01150000,10.415,3.123,81,2024,19.0,0.0,19.0,603.0,6017.0,0.0,0.1,16.0,0.0,2.0,42.0,61.0,120.0,1019.0,1139.0,96.0,982.0,1078.0,6.88
rivière Matapédia,Q1,01150000,10.415,3.123,81,2025,0.0,0.0,0.0,724.0,5454.0,0.0,0.13,0.0,0.0,0.0,50.0,50.0,346.0,864.0,1210.0,307.0,853.0,1160.0,6.13
rivière Causapscal,Q1,01151000,2.42,0.755,82,1984,,,,,,,,,,,,,,,,,,,
rivière Causapscal,Q1,01151000,2.42,0.755,82,1985,,,,,,,,,,,,,,,,,,,
rivière Causapscal,Q1,01151000,2.42,0.755,82,1986,,,,,,,,,,,,,,,,,,,
rivière Causapscal,Q1,01151000,2.42,0.755,82,1987,,,,,,,,,,,17.0,17.0,19.0,180.0,199.0,,,182.0,1.06
rivière Causapscal,Q1,01151000,2.42,0.755,82,1988,,,,,,,,,,,48.0,48.0,52.0,502.0,554.0,,,506.0,2.93
rivière Causapscal,Q1,01151000,2.42,0.755,82,1989,,,,,,,,,,,14.0,14.0,57.0,555.0,612.0,,,598.0,3.46
rivière Causapscal,Q1,01151000,2.42,0.755,82,1990,,,,,,,,,,,23.0,23.0,46.0,447.0,493.0,,,470.0,2.73
rivière Causapscal,Q1,01151000,2.42,0.755,82,1991,,,,,,,,,,,23.0,23.0,43.0,417.0,460.0,,,437.0,2.53
rivière Causapscal,Q1,01151000,2.42,0.755,82,1992,,,,,,,,,,,13.0,13.0,34.0,325.0,359.0,,,346.0,2.01
rivière Causapscal,Q1,01151000,2.42,0.755,82,1993,,,,,,,,,,,22.0,22.0,25.0,243.0,268.0,,,246.0,1.43
rivière Causapscal,Q1,01151000,2.42,0.755,82,1994,29.0,122.0,151.0,,472.0,0.32,,58.0,22.0,25.0,35.0,186.0,50.0,543.0,593.0,21.0,386.0,407.0,2.58
rivière Causapscal,Q1,01151000,2.42,0.755,82,1995,2.0,78.0,80.0,,441.0,0.18,,3.0,12.0,11.0,20.0,100.0,60.0,657.0,717.0,58.0,559.0,617.0,3.96
rivière Causapscal,Q1,01151000,2.42,0.755,82,1996,28.0,110.0,138.0,,337.0,0.41,,20.0,16.0,17.0,20.0,158.0,137.0,699.0,836.0,109.0,569.0,678.0,4.34
rivière Causapscal,Q1,01151000,2.42,0.755,82,1997,6.0,71.0,77.0,,380.0,0.2,,9.0,17.0,16.0,0.0,77.0,66.0,413.0,479.0,60.0,342.0,402.0,2.82
rivière Causapscal,Q1,01151000,2.42,0.755,82,1998,20.0,56.0,76.0,,324.0,0.23,,22.0,16.0,18.0,0.0,76.0,89.0,343.0,432.0,69.0,287.0,356.0,2.48
rivière Causapscal,Q1,01151000,2.42,0.755,82,1999,9.0,53.0,62.0,,331.0,0.19,,15.0,8.0,9.0,24.0,86.0,59.0,669.0,728.0,47.0,595.0,642.0,4.02
rivière Causapscal,Q1,01151000,2.42,0.755,82,2000,7.0,83.0,90.0,5.0,345.0,0.26,0.28,15.0,16.0,16.0,7.0,97.0,47.0,508.0,555.0,40.0,418.0,458.0,3.25
rivière Causapscal,Q1,01151000,2.42,0.755,82,2001,3.0,86.0,89.0,0.0,340.0,0.26,0.26,4.0,14.0,13.0,0.0,89.0,77.0,619.0,696.0,74.0,533.0,607.0,3.62
rivière Causapscal,Q1,01151000,2.42,0.755,82,2002,18.0,51.0,69.0,5.0,371.0,0.19,0.2,18.0,11.0,13.0,15.0,84.0,100.0,450.0,550.0,82.0,417.0,499.0,3.37
rivière Causapscal,Q1,01151000,2.42,0.755,82,2003,5.0,49.0,54.0,40.0,334.0,0.16,0.28,6.0,9.0,9.0,58.0,112.0,77.0,557.0,634.0,71.0,451.0,522.0,3.07
rivière Causapscal,Q1,01151000,2.42,0.755,82,2004,29.0,113.0,142.0,19.0,338.0,0.42,0.48,42.0,19.0,21.0,67.0,209.0,69.0,608.0,677.0,40.0,428.0,468.0,3.57
rivière Causapscal,Q1,01151000,2.42,0.755,82,2005,1.0,99.0,100.0,4.0,242.0,0.41,0.43,2.0,18.0,17.0,65.0,165.0,44.0,552.0,596.0,43.0,388.0,431.0,2.55
rivière Causapscal,Q1,01151000,2.42,0.755,82,2006,16.0,67.0,83.0,9.0,353.0,0.24,0.26,25.0,11.0,12.0,50.0,133.0,64.0,601.0,665.0,48.0,484.0,532.0,3.47
rivière Causapscal,Q1,01151000,2.42,0.755,82,2007,3.0,56.0,59.0,16.0,354.0,0.17,0.21,10.0,13.0,13.0,10.0,69.0,30.0,422.0,452.0,27.0,356.0,383.0,2.4
rivière Causapscal,Q1,01151000,2.42,0.755,82,2008,17.0,57.0,74.0,19.0,343.0,0.22,0.27,23.0,12.0,13.0,9.0,83.0,74.0,483.0,557.0,56.0,418.0,474.0,2.97
rivière Causapscal,Q1,01151000,2.42,0.755,82,2009,1.0,88.0,89.0,18.0,306.0,0.29,0.35,7.0,17.0,17.0,9.0,98.0,14.0,510.0,524.0,13.0,433.0,446.0,2.99
rivière Causapscal,Q1,01151000,2.42,0.755,82,2010,18.0,61.0,79.0,8.0,307.0,0.26,0.28,38.0,9.0,11.0,21.0,100.0,47.0,680.0,727.0,30.0,597.0,627.0,4.32
rivière Causapscal,Q1,01151000,2.42,0.755,82,2011,35.0,133.0,168.0,14.0,295.0,0.57,0.62,14.0,11.0,12.0,24.0,192.0,248.0,1168.0,1416.0,210.0,1014.0,1224.0,6.59
rivière Causapscal,Q1,01151000,2.42,0.755,82,2012,26.0,88.0,114.0,15.0,341.0,0.33,0.38,72.0,14.0,18.0,55.0,169.0,36.0,614.0,650.0,10.0,471.0,481.0,2.87
rivière Causapscal,Q1,01151000,2.42,0.755,83,2013,14.0,140.0,154.0,21.0,334.0,0.46,0.52,13.0,15.0,15.0,36.0,190.0,108.0,948.0,1056.0,93.0,773.0,866.0,4.73
rivière Causapscal,Q1,01151000,2.42,0.755,83,2014,18.0,136.0,154.0,9.0,344.0,0.45,0.47,35.0,22.0,23.0,39.0,193.0,51.0,621.0,672.0,33.0,446.0,479.0,3.38
rivière Causapscal,Q1,01151000,2.42,0.755,83,2015,16.0,134.0,150.0,7.0,340.0,0.44,0.46,64.0,20.0,22.0,19.0,169.0,25.0,657.0,682.0,7.0,506.0,513.0,3.74
rivière Causapscal,Q1,01151000,2.42,0.755,83,2016,14.0,118.0,132.0,10.0,360.0,0.37,0.39,50.0,26.0,28.0,18.0,150.0,28.0,451.0,479.0,13.0,316.0,329.0,2.47
rivière Causapscal,Q1,01151000,2.42,0.755,83,2017,13.0,111.0,124.0,21.0,367.0,0.34,0.4,54.0,18.0,19.0,61.0,185.0,24.0,627.0,651.0,10.0,456.0,466.0,3.57
rivière Causapscal,Q1,01151000,2.42,0.755,83,2018,29.0,76.0,105.0,61.0,359.0,0.29,0.46,74.0,19.0,24.0,32.0,137.0,39.0,407.0,446.0,10.0,299.0,309.0,2.42
rivière Causapscal,Q1,01151000,2.42,0.755,83,2019,24.0,84.0,108.0,70.0,348.0,0.31,0.51,86.0,22.0,27.0,11.0,119.0,28.0,374.0,402.0,4.0,279.0,283.0,2.13
rivière Causapscal,Q1,01151000,2.42,0.755,83,2020,16.0,68.0,84.0,51.0,330.0,0.25,0.41,76.0,17.0,20.0,56.0,140.0,21.0,409.0,430.0,5.0,285.0,290.0,2.44
rivière Causapscal,Q1,01151000,2.42,0.755,83,2021,13.0,36.0,49.0,28.0,377.0,0.13,0.2,87.0,9.0,12.0,44.0,93.0,15.0,396.0,411.0,2.0,316.0,318.0,2.84
rivière Causapscal,Q1,01151000,2.42,0.755,83,2022,23.0,57.0,80.0,136.0,354.0,0.23,0.61,100.0,11.0,15.0,22.0,102.0,23.0,515.0,538.0,0.0,436.0,436.0,3.35
rivière Causapscal,Q1,01151000,2.42,0.755,83,2023,7.0,53.0,60.0,79.0,383.0,0.16,0.36,100.0,19.0,21.0,9.0,69.0,7.0,282.0,289.0,0.0,220.0,220.0,1.73
rivière Causapscal,Q1,01151000,2.42,0.755,83,2024,0.0,0.0,0.0,52.0,359.0,0.0,0.14,0.0,0.0,0.0,52.0,52.0,20.0,356.0,376.0,0.0,350.0,350.0,2.83
rivière Causapscal,Q1,01151000,2.42,0.755,83,2025,0.0,0.0,0.0,108.0,316.0,0.0,0.34,0.0,0.0,0.0,8.0,8.0,26.0,515.0,541.0,0.0,508.0,508.0,3.94
rivière Kedgwick,Q1,01162000,1.027,0.308,84,1984,4.0,10.0,14.0,,393.0,0.04,,,,21.0,0.0,14.0,,,67.0,,,53.0,0.39
rivière Kedgwick,Q1,01162000,1.027,0.308,84,1985,4.0,13.0,17.0,,197.0,0.09,,,,20.0,0.0,17.0,,,87.0,,,70.0,0.53
rivière Kedgwick,Q1,01162000,1.027,0.308,84,1986,5.0,43.0,48.0,,212.0,0.23,,,,35.0,0.0,48.0,,,137.0,,,89.0,1.06
rivière Kedgwick,Q1,01162000,1.027,0.308,84,1987,8.0,15.0,23.0,,246.0,0.09,,,,21.0,0.0,23.0,,,110.0,,,87.0,0.81
rivière Kedgwick,Q1,01162000,1.027,0.308,84,1988,4.0,31.0,35.0,,328.0,0.11,,,,24.0,0.0,35.0,,,148.0,,,113.0,1.11
rivière Kedgwick,Q1,01162000,1.027,0.308,84,1989,1.0,16.0,17.0,,196.0,0.09,,,,9.0,0.0,17.0,,,198.0,,,181.0,1.34
rivière Kedgwick,Q1,01162000,1.027,0.308,84,1990,4.0,14.0,18.0,,177.0,0.1,,,,12.0,0.0,18.0,,,152.0,,,134.0,1.12
rivière Kedgwick,Q1,01162000,1.027,0.308,84,1991,0.0,3.0,3.0,,81.0,0.04,,,,2.0,0.0,3.0,,,127.0,,,124.0,0.88
rivière Kedgwick,Q1,01162000,1.027,0.308,84,1992,3.0,17.0,20.0,,162.0,0.12,,,,18.0,0.0,20.0,,,112.0,,,92.0,0.76
rivière Kedgwick,Q1,01162000,1.027,0.308,84,1993,0.0,2.0,2.0,,95.0,0.02,,,,2.0,0.0,2.0,,,127.0,,,125.0,0.76
rivière Kedgwick,Q1,01162000,1.027,0.308,84,1994,4.0,27.0,31.0,,88.0,0.35,,,,23.0,0.0,31.0,,,135.0,,,104.0,0.97
rivière Kedgwick,Q1,01162000,1.027,0.308,84,1995,0.0,0.0,0.0,,28.0,0.0,,,,0.0,0.0,0.0,,,130.0,,,130.0,1.48
rivière Kedgwick,Q1,01162000,1.027,0.308,84,1996,2.0,27.0,29.0,,76.0,0.38,,,,,0.0,29.0,,,,,,,2.43
rivière Kedgwick,Q1,01162000,1.027,0.308,84,1997,0.0,5.0,5.0,,81.0,0.06,,0.0,13.0,10.0,0.0,5.0,10.0,39.0,49.0,10.0,34.0,44.0,1.55
rivière Kedgwick,Q1,01162000,1.027,0.308,84,1998,9.0,0.0,9.0,,48.0,0.19,,,,,0.0,9.0,,,,,,,1.73
rivière Kedgwick,Q1,01162000,1.027,0.308,84,1999,1.0,6.0,7.0,,33.0,0.21,,,,,0.0,7.0,,,,,,,1.62
rivière Kedgwick,Q1,01162000,1.027,0.308,84,2000,0.0,1.0,1.0,,57.0,0.02,,,,,0.0,1.0,,,,,,,1.59
rivière Kedgwick,Q1,01162000,1.027,0.308,84,2001,2.0,2.0,4.0,,95.0,0.04,,,,,0.0,4.0,,,,,,,2.1
rivière Kedgwick,Q1,01162000,1.027,0.308,84,2002,13.0,3.0,16.0,4.0,67.0,0.24,0.3,,,,0.0,16.0,,,,,,,1.78
rivière Kedgwick,Q1,01162000,1.027,0.308,84,2003,0.0,4.0,4.0,0.0,133.0,0.03,0.03,,,,0.0,4.0,,,,,,,2.01
rivière Kedgwick,Q1,01162000,1.027,0.308,84,2004,15.0,5.0,20.0,8.0,149.0,0.13,0.19,,,,0.0,20.0,,,,,,,2.05
rivière Kedgwick,Q1,01162000,1.027,0.308,84,2005,1.0,6.0,7.0,1.0,148.0,0.05,0.05,,,,0.0,7.0,,,,,,,1.77
rivière Kedgwick,Q1,01162000,1.027,0.308,84,2006,6.0,5.0,11.0,2.0,162.0,0.07,0.08,,,,0.0,11.0,,,,,,,1.61
rivière Kedgwick,Q1,01162000,1.027,0.308,84,2007,1.0,2.0,3.0,0.0,180.0,0.02,0.02,,,,0.0,3.0,,,,,,,1.56
rivière Kedgwick,Q1,01162000,1.027,0.308,84,2008,16.0,9.0,25.0,6.0,188.0,0.13,0.16,,,,0.0,25.0,,,,,,,1.34
rivière Kedgwick,Q1,01162000,1.027,0.308,84,2009,10.0,18.0,28.0,1.0,237.0,0.12,0.12,,,,0.0,28.0,,,,,,,1.39
rivière Kedgwick,Q1,01162000,1.027,0.308,84,2010,8.0,7.0,15.0,0.0,227.0,0.07,0.07,,,,0.0,15.0,,,,,,,1.5
rivière Kedgwick,Q1,01162000,1.027,0.308,84,2011,27.0,20.0,47.0,16.0,270.0,0.17,0.23,,,,0.0,47.0,,,,,,,2.58
rivière Kedgwick,Q1,01162000,1.027,0.308,84,2012,7.0,13.0,20.0,0.0,183.0,0.11,0.11,,,,0.0,20.0,,,,,,,1.83
rivière Kedgwick,Q1,01162000,1.027,0.308,85,2013,11.0,28.0,39.0,6.0,268.0,0.15,0.17,,,,0.0,39.0,,,,,,,1.43
rivière Kedgwick,Q1,01162000,1.027,0.308,85,2014,2.0,4.0,6.0,0.0,222.0,0.03,0.03,,,,0.0,6.0,,,,,,,0.95
rivière Kedgwick,Q1,01162000,1.027,0.308,85,2015,10.0,6.0,16.0,1.0,236.0,0.07,0.07,,,,0.0,16.0,,,,,,,1.23
rivière Kedgwick,Q1,01162000,1.027,0.308,85,2016,4.0,0.0,4.0,3.0,185.0,0.02,0.04,,,,0.0,4.0,,,,,,,0.8
rivière Kedgwick,Q1,01162000,1.027,0.308,85,2017,1.0,0.0,1.0,3.0,185.0,0.01,0.02,,,,0.0,1.0,,,,,,,1.13
rivière Kedgwick,Q1,01162000,1.027,0.308,85,2018,0.0,0.0,0.0,7.0,157.0,0.0,0.04,,,,0.0,0.0,,,,,,,0.94
rivière Kedgwick,Q1,01162000,1.027,0.308,85,2019,4.0,0.0,4.0,5.0,146.0,0.03,0.06,,,,0.0,4.0,,,,,,,0.86
rivière Kedgwick,Q1,01162000,1.027,0.308,85,2020,3.0,0.0,3.0,9.0,151.0,0.02,0.08,,,,0.0,3.0,,,,,,,1.21
rivière Kedgwick,Q1,01162000,1.027,0.308,85,2021,0.0,0.0,0.0,0.0,89.0,0.0,0.0,,,,0.0,0.0,,,,,,,1.12
rivière Kedgwick,Q1,01162000,1.027,0.308,85,2022,7.0,0.0,7.0,16.0,180.0,0.04,0.13,,,,1.0,8.0,,,,,,,1.12
rivière Kedgwick,Q1,01162000,1.027,0.308,85,2023,0.0,0.0,0.0,0.0,143.0,0.0,0.0,,,,0.0,0.0,,,,,,,0.71
rivière Kedgwick,Q1,01162000,1.027,0.308,85,2024,0.0,0.0,0.0,1.0,80.0,0.0,0.01,,,,0.0,0.0,,,,,,,0.78
rivière Kedgwick,Q1,01162000,1.027,0.308,85,2025,0.0,0.0,0.0,2.0,28.0,0.0,0.07,,,,0.0,0.0,,,,,,,0.62
rivière Patapédia,Q1,01163000,2.806,0.887,86,1984,25.0,34.0,59.0,,394.0,0.15,,26.0,13.0,17.0,0.0,59.0,97.0,252.0,349.0,,,290.0,1.14
rivière Patapédia,Q1,01163000,2.806,0.887,86,1985,49.0,31.0,80.0,,576.0,0.14,,37.0,9.0,17.0,0.0,80.0,133.0,342.0,475.0,,,395.0,1.55
rivière Patapédia,Q1,01163000,2.806,0.887,86,1986,111.0,36.0,147.0,,700.0,0.21,,33.0,4.0,12.0,0.0,147.0,332.0,855.0,1187.0,,,1040.0,3.89
rivière Patapédia,Q1,01163000,2.806,0.887,86,1987,74.0,20.0,94.0,,750.0,0.13,,31.0,3.0,11.0,0.0,94.0,237.0,613.0,850.0,,,756.0,2.84
rivière Patapédia,Q1,01163000,2.806,0.887,86,1988,108.0,27.0,135.0,,594.0,0.23,,34.0,3.0,12.0,0.0,135.0,318.0,821.0,1139.0,,,1004.0,3.94
rivière Patapédia,Q1,01163000,2.806,0.887,86,1989,42.0,27.0,69.0,,732.0,0.09,,13.0,3.0,6.0,0.0,69.0,333.0,858.0,1191.0,,,1122.0,4.41
rivière Patapédia,Q1,01163000,2.806,0.887,86,1990,44.0,22.0,66.0,,666.0,0.1,,15.0,3.0,6.0,15.0,81.0,301.0,777.0,1078.0,,,997.0,3.92
rivière Patapédia,Q1,01163000,2.806,0.887,86,1991,14.0,13.0,27.0,,533.0,0.05,,6.0,2.0,3.0,0.0,27.0,216.0,559.0,775.0,,,748.0,2.94
rivière Patapédia,Q1,01163000,2.806,0.887,86,1992,63.0,14.0,77.0,,515.0,0.15,,31.0,3.0,11.0,0.0,77.0,201.0,519.0,720.0,,,643.0,2.53
rivière Patapédia,Q1,01163000,2.806,0.887,86,1993,61.0,7.0,68.0,,486.0,0.14,,36.0,2.0,11.0,0.0,68.0,170.0,438.0,608.0,,,540.0,2.21
rivière Patapédia,Q1,01163000,2.806,0.887,86,1994,74.0,20.0,94.0,,385.0,0.24,,21.0,3.0,9.0,0.0,94.0,356.0,690.0,1046.0,282.0,670.0,952.0,3.36
rivière Patapédia,Q1,01163000,2.806,0.887,86,1995,17.0,36.0,53.0,,548.0,0.1,,10.0,4.0,5.0,0.0,53.0,167.0,944.0,1111.0,150.0,907.0,1057.0,4.13
rivière Patapédia,Q1,01163000,2.806,0.887,86,1996,32.0,52.0,84.0,,609.0,0.14,,9.0,6.0,7.0,0.0,84.0,370.0,829.0,1199.0,338.0,777.0,1115.0,4.81
rivière Patapédia,Q1,01163000,2.806,0.887,86,1997,43.0,35.0,78.0,,678.0,0.12,,22.0,7.0,12.0,0.0,78.0,193.0,483.0,676.0,150.0,448.0,598.0,2.6
rivière Patapédia,Q1,01163000,2.806,0.887,86,1998,56.0,16.0,72.0,,597.0,0.12,,20.0,3.0,10.0,0.0,72.0,274.0,470.0,744.0,218.0,454.0,672.0,3.63
rivière Patapédia,Q1,01163000,2.806,0.887,86,1999,19.0,19.0,38.0,,576.0,0.07,,7.0,3.0,5.0,0.0,38.0,265.0,548.0,813.0,246.0,529.0,775.0,3.58
rivière Patapédia,Q1,01163000,2.806,0.887,86,2000,44.0,14.0,58.0,5.0,616.0,0.09,0.1,15.0,3.0,7.0,0.0,58.0,291.0,483.0,774.0,247.0,469.0,716.0,3.15
rivière Patapédia,Q1,01163000,2.806,0.887,86,2001,20.0,31.0,51.0,0.0,498.0,0.1,0.1,11.0,5.0,7.0,0.0,51.0,177.0,598.0,775.0,157.0,567.0,724.0,3.85
rivière Patapédia,Q1,01163000,2.806,0.887,86,2002,106.0,12.0,118.0,17.0,591.0,0.2,0.23,34.0,2.0,13.0,0.0,118.0,308.0,596.0,904.0,202.0,584.0,786.0,3.9
rivière Patapédia,Q1,01163000,2.806,0.887,86,2003,18.0,18.0,36.0,17.0,646.0,0.06,0.08,9.0,3.0,4.0,0.0,36.0,194.0,645.0,839.0,176.0,627.0,803.0,3.63
rivière Patapédia,Q1,01163000,2.806,0.887,86,2004,105.0,35.0,140.0,0.0,814.0,0.17,0.17,33.0,6.0,15.0,0.0,140.0,320.0,632.0,952.0,215.0,597.0,812.0,4.04
rivière Patapédia,Q1,01163000,2.806,0.887,86,2005,28.0,36.0,64.0,35.0,850.0,0.08,0.12,12.0,6.0,8.0,0.0,64.0,227.0,605.0,832.0,199.0,569.0,768.0,3.62
rivière Patapédia,Q1,01163000,2.806,0.887,86,2006,52.0,22.0,74.0,25.0,921.0,0.08,0.11,17.0,4.0,8.0,0.0,74.0,308.0,581.0,889.0,256.0,559.0,815.0,3.36
rivière Patapédia,Q1,01163000,2.806,0.887,86,2007,38.0,20.0,58.0,25.0,846.0,0.07,0.1,22.0,3.0,7.0,0.0,58.0,175.0,695.0,870.0,137.0,675.0,812.0,3.88
rivière Patapédia,Q1,01163000,2.806,0.887,86,2008,126.0,12.0,138.0,28.0,847.0,0.16,0.2,39.0,2.0,17.0,0.0,138.0,322.0,481.0,803.0,196.0,469.0,665.0,2.52
rivière Patapédia,Q1,01163000,2.806,0.887,86,2009,46.0,28.0,74.0,26.0,813.0,0.09,0.12,24.0,6.0,11.0,0.0,74.0,195.0,487.0,682.0,149.0,459.0,608.0,2.54
rivière Patapédia,Q1,01163000,2.806,0.887,86,2010,81.0,6.0,87.0,17.0,840.0,0.1,0.12,24.0,1.0,9.0,0.0,87.0,338.0,661.0,999.0,257.0,655.0,912.0,3.64
rivière Patapédia,Q1,01163000,2.806,0.887,86,2011,101.0,63.0,164.0,96.0,823.0,0.2,0.32,19.0,6.0,10.0,0.0,164.0,539.0,1048.0,1587.0,438.0,985.0,1423.0,6.12
rivière Patapédia,Q1,01163000,2.806,0.887,86,2012,45.0,21.0,66.0,25.0,765.0,0.09,0.12,18.0,3.0,7.0,0.0,66.0,245.0,671.0,916.0,200.0,650.0,850.0,4.35
rivière Patapédia,Q1,01163000,2.806,0.887,87,2013,37.0,38.0,75.0,54.0,809.0,0.09,0.16,19.0,6.0,9.0,0.0,75.0,194.0,683.0,877.0,157.0,645.0,802.0,3.56
rivière Patapédia,Q1,01163000,2.806,0.887,87,2014,40.0,10.0,50.0,34.0,792.0,0.06,0.11,31.0,4.0,13.0,0.0,50.0,130.0,244.0,374.0,90.0,234.0,324.0,1.53
rivière Patapédia,Q1,01163000,2.806,0.887,87,2015,53.0,25.0,78.0,38.0,864.0,0.09,0.13,25.0,5.0,11.0,3.0,81.0,210.0,480.0,690.0,157.0,452.0,609.0,3.31
rivière Patapédia,Q1,01163000,2.806,0.887,87,2016,44.0,0.0,44.0,64.0,861.0,0.05,0.13,80.0,0.0,16.0,4.0,48.0,55.0,220.0,275.0,11.0,216.0,227.0,1.58
rivière Patapédia,Q1,01163000,2.806,0.887,87,2017,12.0,0.0,12.0,29.0,666.0,0.02,0.06,20.0,0.0,3.0,2.0,14.0,60.0,393.0,453.0,48.0,391.0,439.0,2.83
rivière Patapédia,Q1,01163000,2.806,0.887,87,2018,35.0,0.0,35.0,26.0,581.0,0.06,0.1,28.0,0.0,8.0,2.0,37.0,123.0,342.0,465.0,87.0,341.0,428.0,2.27
rivière Patapédia,Q1,01163000,2.806,0.887,87,2019,44.0,0.0,44.0,57.0,595.0,0.07,0.17,46.0,0.0,11.0,4.0,48.0,95.0,306.0,401.0,50.0,303.0,353.0,1.9
rivière Patapédia,Q1,01163000,2.806,0.887,87,2020,42.0,0.0,42.0,61.0,424.0,0.1,0.24,29.0,0.0,10.0,5.0,47.0,144.0,292.0,436.0,100.0,289.0,389.0,2.59
rivière Patapédia,Q1,01163000,2.806,0.887,87,2021,25.0,0.0,25.0,21.0,729.0,0.03,0.06,26.0,0.0,6.0,2.0,27.0,98.0,331.0,429.0,72.0,330.0,402.0,2.78
rivière Patapédia,Q1,01163000,2.806,0.887,87,2022,76.0,0.0,76.0,116.0,763.0,0.1,0.25,28.0,0.0,10.0,8.0,84.0,272.0,511.0,783.0,193.0,506.0,699.0,3.62
rivière Patapédia,Q1,01163000,2.806,0.887,87,2023,38.0,0.0,38.0,90.0,703.0,0.05,0.18,97.0,0.0,11.0,6.0,44.0,39.0,317.0,356.0,0.0,312.0,312.0,2.11
rivière Patapédia,Q1,01163000,2.806,0.887,87,2024,0.0,0.0,0.0,37.0,794.0,0.0,0.05,0.0,0.0,0.0,2.0,2.0,40.0,337.0,377.0,40.0,335.0,375.0,2.38
rivière Patapédia,Q1,01163000,2.806,0.887,87,2025,0.0,0.0,0.0,143.0,788.0,0.0,0.18,0.0,0.0,0.0,10.0,10.0,123.0,235.0,358.0,116.0,232.0,348.0,1.75
rivière Grande Rivière,Q2,01010000,0.997,0.376,88,1984,9.0,124.0,133.0,,598.0,0.22,,14.0,27.0,26.0,20.0,153.0,64.0,455.0,519.0,54.0,312.0,366.0,1.32
rivière Grande Rivière,Q2,01010000,0.997,0.376,88,1985,31.0,245.0,276.0,,838.0,0.33,,42.0,34.0,34.0,0.0,276.0,74.0,729.0,803.0,43.0,484.0,527.0,2.05
rivière Grande Rivière,Q2,01010000,0.997,0.376,88,1986,26.0,128.0,154.0,,716.0,0.22,,31.0,29.0,29.0,0.0,154.0,85.0,446.0,531.0,59.0,318.0,377.0,1.35
rivière Grande Rivière,Q2,01010000,0.997,0.376,88,1987,26.0,117.0,143.0,,706.0,0.2,,19.0,25.0,23.0,52.0,195.0,139.0,472.0,611.0,108.0,308.0,416.0,1.32
rivière Grande Rivière,Q2,01010000,0.997,0.376,88,1988,105.0,227.0,332.0,,1084.0,0.31,,31.0,27.0,28.0,24.0,356.0,337.0,838.0,1175.0,232.0,587.0,819.0,2.51
rivière Grande Rivière,Q2,01010000,0.997,0.376,88,1989,104.0,240.0,344.0,,1507.0,0.23,,36.0,26.0,29.0,26.0,370.0,292.0,914.0,1206.0,179.0,657.0,836.0,2.8
rivière Grande Rivière,Q2,01010000,0.997,0.376,88,1990,118.0,220.0,338.0,,1277.0,0.26,,47.0,33.0,37.0,29.0,367.0,251.0,667.0,918.0,127.0,424.0,551.0,1.81
rivière Grande Rivière,Q2,01010000,0.997,0.376,88,1991,28.0,223.0,251.0,,1276.0,0.2,,15.0,34.0,30.0,18.0,269.0,188.0,655.0,843.0,160.0,414.0,574.0,1.77
rivière Grande Rivière,Q2,01010000,0.997,0.376,88,1992,223.0,290.0,513.0,,1319.0,0.39,,53.0,32.0,38.0,33.0,546.0,423.0,910.0,1333.0,197.0,590.0,787.0,2.52
rivière Grande Rivière,Q2,01010000,0.997,0.376,88,1993,122.0,307.0,429.0,,1679.0,0.26,,41.0,41.0,41.0,0.0,429.0,299.0,743.0,1042.0,177.0,436.0,613.0,1.87
rivière Grande Rivière,Q2,01010000,0.997,0.376,88,1994,69.0,212.0,281.0,,1265.0,0.22,,39.0,35.0,36.0,0.0,281.0,179.0,602.0,781.0,110.0,390.0,500.0,1.64
rivière Grande Rivière,Q2,01010000,0.997,0.376,88,1995,24.0,98.0,122.0,,817.0,0.15,,22.0,17.0,18.0,0.0,122.0,111.0,564.0,675.0,87.0,466.0,553.0,1.98
rivière Grande Rivière,Q2,01010000,0.997,0.376,88,1996,134.0,225.0,359.0,,1165.0,0.31,,43.0,40.0,41.0,8.0,367.0,309.0,567.0,876.0,173.0,336.0,509.0,1.45
rivière Grande Rivière,Q2,01010000,0.997,0.376,88,1997,48.0,163.0,211.0,5.0,1170.0,0.18,0.18,26.0,34.0,32.0,0.0,211.0,187.0,477.0,664.0,139.0,314.0,453.0,1.47
rivière Grande Rivière,Q2,01010000,0.997,0.376,88,1998,117.0,73.0,190.0,6.0,1185.0,0.16,0.17,59.0,18.0,31.0,0.0,190.0,198.0,414.0,612.0,81.0,341.0,422.0,1.63
rivière Grande Rivière,Q2,01010000,0.997,0.376,88,1999,57.0,112.0,169.0,29.0,1021.0,0.17,0.19,36.0,26.0,28.0,1.0,170.0,157.0,437.0,594.0,100.0,324.0,424.0,1.53
rivière Grande Rivière,Q2,01010000,0.997,0.376,88,2000,43.0,70.0,113.0,15.0,831.0,0.14,0.15,42.0,29.0,33.0,1.0,114.0,102.0,239.0,341.0,59.0,168.0,227.0,0.8
rivière Grande Rivière,Q2,01010000,0.997,0.376,88,2001,19.0,63.0,82.0,6.0,898.0,0.09,0.1,28.0,21.0,22.0,0.0,82.0,69.0,299.0,368.0,50.0,236.0,286.0,1.14
rivière Grande Rivière,Q2,01010000,0.997,0.376,88,2002,100.0,29.0,129.0,41.0,634.0,0.2,0.27,46.0,10.0,26.0,0.0,129.0,219.0,281.0,500.0,119.0,252.0,371.0,1.11
rivière Grande Rivière,Q2,01010000,0.997,0.376,88,2003,53.0,32.0,85.0,84.0,534.0,0.16,0.32,38.0,5.0,11.0,0.0,85.0,140.0,619.0,759.0,87.0,587.0,674.0,2.55
rivière Grande Rivière,Q2,01010000,0.997,0.376,88,2004,62.0,0.0,62.0,58.0,774.0,0.08,0.16,21.0,0.0,11.0,0.0,62.0,301.0,239.0,540.0,239.0,239.0,478.0,1.08
rivière Grande Rivière,Q2,01010000,0.997,0.376,88,2005,41.0,0.0,41.0,62.0,786.0,0.05,0.13,26.0,0.0,8.0,1.0,42.0,159.0,384.0,543.0,118.0,383.0,501.0,1.67
rivière Grande Rivière,Q2,01010000,0.997,0.376,88,2006,44.0,23.0,67.0,50.0,759.0,0.09,0.15,25.0,8.0,14.0,4.0,71.0,178.0,300.0,478.0,132.0,275.0,407.0,1.21
rivière Grande Rivière,Q2,01010000,0.997,0.376,88,2007,35.0,23.0,58.0,70.0,718.0,0.08,0.18,32.0,8.0,15.0,0.0,58.0,111.0,289.0,400.0,76.0,266.0,342.0,1.16
rivière Grande Rivière,Q2,01010000,0.997,0.376,88,2008,83.0,26.0,109.0,26.0,571.0,0.19,0.24,42.0,8.0,20.0,1.0,110.0,199.0,337.0,536.0,116.0,310.0,426.0,1.36
rivière Grande Rivière,Q2,01010000,0.997,0.376,88,2009,86.0,31.0,117.0,35.0,727.0,0.16,0.21,43.0,7.0,18.0,0.0,117.0,202.0,442.0,644.0,116.0,411.0,527.0,1.8
rivière Grande Rivière,Q2,01010000,0.997,0.376,88,2010,103.0,0.0,103.0,69.0,471.0,0.22,0.37,51.0,0.0,13.0,0.0,103.0,201.0,577.0,778.0,98.0,577.0,675.0,2.51
rivière Grande Rivière,Q2,01010000,0.997,0.376,88,2011,135.0,28.0,163.0,222.0,995.0,0.16,0.39,57.0,5.0,21.0,5.0,168.0,237.0,533.0,770.0,100.0,502.0,602.0,2.19
rivière Grande Rivière,Q2,01010000,0.997,0.376,88,2012,76.0,0.0,76.0,134.0,971.0,0.08,0.22,68.0,0.0,20.0,1.0,77.0,112.0,261.0,373.0,36.0,260.0,296.0,1.13
rivière Grande Rivière,Q2,01010000,0.997,0.376,89,2013,68.0,0.0,68.0,124.0,727.0,0.09,0.26,40.0,0.0,11.0,1.0,69.0,172.0,433.0,605.0,104.0,432.0,536.0,1.89
rivière Grande Rivière,Q2,01010000,0.997,0.376,89,2014,104.0,0.0,104.0,130.0,942.0,0.11,0.25,56.0,0.0,38.0,0.0,104.0,186.0,86.0,272.0,82.0,86.0,168.0,0.39
rivière Grande Rivière,Q2,01010000,0.997,0.376,89,2015,124.0,0.0,124.0,263.0,999.0,0.12,0.39,35.0,0.0,19.0,18.0,142.0,352.0,298.0,650.0,225.0,283.0,508.0,1.43
rivière Grande Rivière,Q2,01010000,0.997,0.376,89,2016,70.0,0.0,70.0,184.0,1130.0,0.06,0.22,29.0,0.0,12.0,4.0,74.0,241.0,320.0,561.0,171.0,316.0,487.0,1.58
rivière Grande Rivière,Q2,01010000,0.997,0.376,89,2017,23.0,0.0,23.0,151.0,970.0,0.02,0.18,34.0,0.0,4.0,1.0,24.0,68.0,467.0,535.0,45.0,466.0,511.0,2.29
rivière Grande Rivière,Q2,01010000,0.997,0.376,89,2018,55.0,0.0,55.0,87.0,836.0,0.07,0.17,44.0,0.0,18.0,0.0,55.0,124.0,187.0,311.0,69.0,187.0,256.0,0.93
rivière Grande Rivière,Q2,01010000,0.997,0.376,89,2019,55.0,0.0,55.0,111.0,763.0,0.07,0.22,65.0,0.0,17.0,0.0,55.0,85.0,234.0,319.0,30.0,234.0,264.0,1.15
rivière Grande Rivière,Q2,01010000,0.997,0.376,89,2020,44.0,0.0,44.0,97.0,726.0,0.06,0.19,35.0,0.0,8.0,4.0,48.0,124.0,426.0,550.0,79.0,423.0,502.0,2.09
rivière Grande Rivière,Q2,01010000,0.997,0.376,89,2021,93.0,0.0,93.0,172.0,1087.0,0.09,0.24,35.0,0.0,16.0,0.0,93.0,264.0,313.0,577.0,171.0,313.0,484.0,1.56
rivière Grande Rivière,Q2,01010000,0.997,0.376,89,2022,112.0,0.0,112.0,265.0,1037.0,0.11,0.36,44.0,0.0,14.0,0.0,112.0,252.0,521.0,773.0,140.0,521.0,661.0,2.58
rivière Grande Rivière,Q2,01010000,0.997,0.376,89,2023,60.0,0.0,60.0,429.0,1421.0,0.04,0.34,36.0,0.0,8.0,2.0,62.0,165.0,621.0,786.0,105.0,619.0,724.0,3.05
rivière Grande Rivière,Q2,01010000,0.997,0.376,89,2024,6.0,0.0,6.0,180.0,1065.0,0.01,0.17,14.0,0.0,2.0,0.0,6.0,43.0,347.0,390.0,37.0,347.0,384.0,1.71
rivière Grande Rivière,Q2,01010000,0.997,0.376,89,2025,0.0,0.0,0.0,171.0,893.0,0.0,0.19,0.0,0.0,0.0,1.0,1.0,111.0,156.0,267.0,111.0,155.0,266.0,0.78
rivière du Petit Pabos,Q2,01020000,1.302,0.395,90,1984,,,,,,,,,,,0.0,0.0,2.0,11.0,13.0,2.0,11.0,13.0,0.05
rivière du Petit Pabos,Q2,01020000,1.302,0.395,90,1985,,,,,,,,,,,0.0,0.0,4.0,0.0,4.0,4.0,0.0,4.0,0.02
rivière du Petit Pabos,Q2,01020000,1.302,0.395,90,1986,,,,,,,,,,,0.0,0.0,3.0,8.0,11.0,3.0,8.0,11.0,0.04
rivière du Petit Pabos,Q2,01020000,1.302,0.395,90,1987,,,,,,,,,,,0.0,0.0,0.0,31.0,31.0,0.0,31.0,31.0,0.14
rivière du Petit Pabos,Q2,01020000,1.302,0.395,90,1988,,,,,,,,,,,0.0,0.0,5.0,13.0,18.0,5.0,13.0,18.0,0.06
rivière du Petit Pabos,Q2,01020000,1.302,0.395,90,1989,,,,,,,,,,,0.0,0.0,16.0,13.0,29.0,16.0,13.0,29.0,0.06
rivière du Petit Pabos,Q2,01020000,1.302,0.395,90,1990,,,,,,,,,,,12.0,12.0,99.0,101.0,200.0,96.0,92.0,188.0,0.42
rivière du Petit Pabos,Q2,01020000,1.302,0.395,90,1991,,,,,,,,,,,40.0,40.0,15.0,105.0,120.0,13.0,67.0,80.0,0.3
rivière du Petit Pabos,Q2,01020000,1.302,0.395,90,1992,,,,,,,,,,,17.0,17.0,54.0,61.0,115.0,53.0,45.0,98.0,0.21
rivière du Petit Pabos,Q2,01020000,1.302,0.395,90,1993,,,,,,,,,,,34.0,34.0,59.0,102.0,161.0,47.0,80.0,127.0,0.36
rivière du Petit Pabos,Q2,01020000,1.302,0.395,90,1994,,,,,,,,,,,0.0,0.0,52.0,96.0,148.0,52.0,96.0,148.0,0.43
rivière du Petit Pabos,Q2,01020000,1.302,0.395,90,1995,,,,,,,,,,,0.0,0.0,29.0,61.0,90.0,29.0,61.0,90.0,0.27
rivière du Petit Pabos,Q2,01020000,1.302,0.395,90,1996,,,,,,,,,,,0.0,0.0,43.0,67.0,110.0,43.0,67.0,110.0,0.3
rivière du Petit Pabos,Q2,01020000,1.302,0.395,90,1997,2.0,0.0,2.0,4.0,54.0,0.04,0.11,12.0,0.0,2.0,20.0,22.0,17.0,70.0,87.0,15.0,50.0,65.0,0.21
rivière du Petit Pabos,Q2,01020000,1.302,0.395,90,1998,6.0,0.0,6.0,0.0,98.0,0.06,0.06,12.0,0.0,7.0,0.0,6.0,51.0,35.0,86.0,45.0,35.0,80.0,0.15
rivière du Petit Pabos,Q2,01020000,1.302,0.395,90,1999,3.0,0.0,3.0,0.0,35.0,0.09,0.09,6.0,0.0,2.0,17.0,20.0,50.0,88.0,138.0,43.0,75.0,118.0,0.32
rivière du Petit Pabos,Q2,01020000,1.302,0.395,90,2000,11.0,0.0,11.0,3.0,89.0,0.12,0.16,22.0,0.0,11.0,0.0,11.0,51.0,51.0,102.0,40.0,51.0,91.0,0.22
rivière du Petit Pabos,Q2,01020000,1.302,0.395,90,2001,0.0,0.0,0.0,2.0,33.0,0.0,0.06,,,,0.0,0.0,,,,,,,
rivière du Petit Pabos,Q2,01020000,1.302,0.395,90,2002,20.0,0.0,20.0,8.0,95.0,0.21,0.29,16.0,0.0,11.0,12.0,32.0,125.0,52.0,177.0,94.0,51.0,145.0,0.23
rivière du Petit Pabos,Q2,01020000,1.302,0.395,90,2003,6.0,0.0,6.0,2.0,87.0,0.07,0.09,24.0,0.0,10.0,1.0,7.0,25.0,34.0,59.0,19.0,33.0,52.0,0.14
rivière du Petit Pabos,Q2,01020000,1.302,0.395,90,2004,5.0,0.0,5.0,1.0,87.0,0.06,0.07,12.0,0.0,5.0,0.0,5.0,42.0,60.0,102.0,37.0,60.0,97.0,0.25
rivière du Petit Pabos,Q2,01020000,1.302,0.395,90,2005,5.0,0.0,5.0,26.0,162.0,0.03,0.19,7.0,0.0,3.0,0.0,5.0,69.0,101.0,170.0,64.0,101.0,165.0,0.43
rivière du Petit Pabos,Q2,01020000,1.302,0.395,90,2006,3.0,0.0,3.0,10.0,105.0,0.03,0.12,5.0,0.0,2.0,1.0,4.0,65.0,62.0,127.0,62.0,61.0,123.0,0.26
rivière du Petit Pabos,Q2,01020000,1.302,0.395,90,2007,18.0,0.0,18.0,37.0,136.0,0.13,0.4,28.0,0.0,14.0,0.0,18.0,65.0,65.0,130.0,47.0,65.0,112.0,0.28
rivière du Petit Pabos,Q2,01020000,1.302,0.395,90,2008,8.0,0.0,8.0,44.0,189.0,0.04,0.28,9.0,0.0,4.0,0.0,8.0,89.0,119.0,208.0,81.0,119.0,200.0,0.51
rivière du Petit Pabos,Q2,01020000,1.302,0.395,90,2009,6.0,0.0,6.0,13.0,133.0,0.05,0.14,15.0,0.0,6.0,0.0,6.0,39.0,65.0,104.0,33.0,65.0,98.0,0.27
rivière du Petit Pabos,Q2,01020000,1.302,0.395,90,2010,18.0,0.0,18.0,29.0,226.0,0.08,0.21,18.0,0.0,8.0,0.0,18.0,102.0,126.0,228.0,84.0,126.0,210.0,0.54
rivière du Petit Pabos,Q2,01020000,1.302,0.395,90,2011,12.0,0.0,12.0,32.0,167.0,0.07,0.26,11.0,0.0,5.0,0.0,12.0,109.0,117.0,226.0,97.0,117.0,214.0,0.5
rivière du Petit Pabos,Q2,01020000,1.302,0.395,90,2012,20.0,0.0,20.0,28.0,219.0,0.09,0.22,19.0,0.0,9.0,0.0,20.0,104.0,108.0,212.0,84.0,108.0,192.0,0.45
rivière du Petit Pabos,Q2,01020000,1.302,0.395,91,2013,8.0,0.0,8.0,68.0,248.0,0.03,0.31,5.0,0.0,2.0,0.0,8.0,148.0,260.0,408.0,140.0,260.0,400.0,1.1
rivière du Petit Pabos,Q2,01020000,1.302,0.395,91,2014,19.0,0.0,19.0,19.0,271.0,0.07,0.14,40.0,0.0,17.0,0.0,19.0,48.0,66.0,114.0,29.0,66.0,95.0,0.28
rivière du Petit Pabos,Q2,01020000,1.302,0.395,91,2015,38.0,0.0,38.0,63.0,328.0,0.12,0.31,17.0,0.0,8.0,0.0,38.0,218.0,270.0,488.0,180.0,270.0,450.0,1.3
rivière du Petit Pabos,Q2,01020000,1.302,0.395,91,2016,13.0,0.0,13.0,59.0,369.0,0.04,0.2,15.0,0.0,5.0,0.0,13.0,89.0,175.0,264.0,76.0,175.0,251.0,0.83
rivière du Petit Pabos,Q2,01020000,1.302,0.395,91,2017,15.0,0.0,15.0,31.0,389.0,0.04,0.12,22.0,0.0,5.0,0.0,15.0,68.0,213.0,281.0,53.0,213.0,266.0,1.01
rivière du Petit Pabos,Q2,01020000,1.302,0.395,91,2018,8.0,0.0,8.0,12.0,285.0,0.03,0.07,33.0,0.0,17.0,0.0,8.0,24.0,24.0,48.0,16.0,24.0,40.0,0.12
rivière du Petit Pabos,Q2,01020000,1.302,0.395,91,2019,4.0,0.0,4.0,26.0,230.0,0.02,0.13,21.0,0.0,4.0,0.0,4.0,19.0,90.0,109.0,15.0,90.0,105.0,0.43
rivière du Petit Pabos,Q2,01020000,1.302,0.395,91,2020,7.0,0.0,7.0,18.0,229.0,0.03,0.11,16.0,0.0,4.0,0.0,7.0,45.0,153.0,198.0,38.0,153.0,191.0,0.72
rivière du Petit Pabos,Q2,01020000,1.302,0.395,91,2021,4.0,0.0,4.0,23.0,274.0,0.01,0.1,5.0,0.0,2.0,0.0,4.0,81.0,80.0,161.0,77.0,80.0,157.0,0.39
rivière du Petit Pabos,Q2,01020000,1.302,0.395,91,2022,0.0,0.0,0.0,76.0,297.0,0.0,0.26,0.0,0.0,0.0,0.0,0.0,77.0,180.0,257.0,77.0,180.0,257.0,0.86
rivière du Petit Pabos,Q2,01020000,1.302,0.395,91,2023,0.0,0.0,0.0,37.0,269.0,0.0,0.14,0.0,0.0,0.0,0.0,0.0,42.0,170.0,212.0,42.0,170.0,212.0,0.8
rivière du Petit Pabos,Q2,01020000,1.302,0.395,91,2024,0.0,0.0,0.0,8.0,265.0,0.0,0.03,0.0,0.0,0.0,0.0,0.0,2.0,20.0,22.0,2.0,20.0,22.0,0.09
rivière du Petit Pabos,Q2,01020000,1.302,0.395,91,2025,0.0,0.0,0.0,9.0,213.0,0.0,0.04,0.0,0.0,0.0,0.0,0.0,9.0,14.0,23.0,9.0,14.0,23.0,0.07
rivière du Grand Pabos,Q2,01030000,1.298,0.395,92,1984,,,,,,,,,,,0.0,0.0,2.0,7.0,9.0,2.0,7.0,9.0,0.03
rivière du Grand Pabos,Q2,01030000,1.298,0.395,92,1985,,,,,,,,,,,0.0,0.0,13.0,21.0,34.0,13.0,21.0,34.0,0.09
rivière du Grand Pabos,Q2,01030000,1.298,0.395,92,1986,,,,,,,,,,,0.0,0.0,3.0,12.0,15.0,3.0,12.0,15.0,0.05
rivière du Grand Pabos,Q2,01030000,1.298,0.395,92,1987,,,,,,,,,,,0.0,0.0,7.0,30.0,37.0,7.0,30.0,37.0,0.13
rivière du Grand Pabos,Q2,01030000,1.298,0.395,92,1988,,,,,,,,,,,0.0,0.0,6.0,37.0,43.0,6.0,37.0,43.0,0.16
rivière du Grand Pabos,Q2,01030000,1.298,0.395,92,1989,,,,,,,,,,,0.0,0.0,13.0,11.0,24.0,13.0,11.0,24.0,0.05
rivière du Grand Pabos,Q2,01030000,1.298,0.395,92,1990,,,,,,,,,,,0.0,0.0,26.0,41.0,67.0,26.0,41.0,67.0,0.18
rivière du Grand Pabos,Q2,01030000,1.298,0.395,92,1991,,,,,,,,,,,0.0,0.0,13.0,2.0,15.0,13.0,2.0,15.0,0.01
rivière du Grand Pabos,Q2,01030000,1.298,0.395,92,1992,,,,,,,,,,,0.0,0.0,40.0,117.0,157.0,40.0,117.0,157.0,0.67
rivière du Grand Pabos,Q2,01030000,1.298,0.395,92,1993,,,,,,,,,,,1.0,1.0,124.0,87.0,211.0,124.0,86.0,210.0,0.39
rivière du Grand Pabos,Q2,01030000,1.298,0.395,92,1994,,,,,,,,,,,47.0,47.0,49.0,84.0,133.0,43.0,43.0,86.0,0.19
rivière du Grand Pabos,Q2,01030000,1.298,0.395,92,1995,,,,,,,,,,,0.0,0.0,32.0,112.0,144.0,32.0,112.0,144.0,0.49
rivière du Grand Pabos,Q2,01030000,1.298,0.395,92,1996,,,,,,,,,,,2.0,2.0,35.0,59.0,94.0,35.0,57.0,92.0,0.25
rivière du Grand Pabos,Q2,01030000,1.298,0.395,92,1997,16.0,0.0,16.0,5.0,171.0,0.09,0.12,29.0,0.0,13.0,1.0,17.0,55.0,69.0,124.0,39.0,68.0,107.0,0.3
rivière du Grand Pabos,Q2,01030000,1.298,0.395,92,1998,17.0,0.0,17.0,12.0,176.0,0.1,0.16,25.0,0.0,17.0,0.0,17.0,67.0,32.0,99.0,50.0,32.0,82.0,0.15
rivière du Grand Pabos,Q2,01030000,1.298,0.395,92,1999,8.0,0.0,8.0,11.0,154.0,0.05,0.12,17.0,0.0,7.0,31.0,39.0,46.0,65.0,111.0,24.0,48.0,72.0,0.21
rivière du Grand Pabos,Q2,01030000,1.298,0.395,92,2000,22.0,0.0,22.0,35.0,184.0,0.12,0.31,18.0,0.0,8.0,28.0,50.0,122.0,144.0,266.0,92.0,124.0,216.0,0.55
rivière du Grand Pabos,Q2,01030000,1.298,0.395,92,2001,8.0,0.0,8.0,12.0,224.0,0.04,0.09,,,,8.0,16.0,,,,,,,
rivière du Grand Pabos,Q2,01030000,1.298,0.395,92,2002,41.0,0.0,41.0,29.0,248.0,0.17,0.28,18.0,0.0,13.0,14.0,55.0,233.0,72.0,305.0,179.0,71.0,250.0,0.34
rivière du Grand Pabos,Q2,01030000,1.298,0.395,92,2003,29.0,0.0,29.0,78.0,340.0,0.09,0.31,25.0,0.0,9.0,16.0,45.0,115.0,221.0,336.0,82.0,209.0,291.0,0.92
rivière du Grand Pabos,Q2,01030000,1.298,0.395,92,2004,40.0,0.0,40.0,54.0,399.0,0.1,0.24,33.0,0.0,15.0,0.0,40.0,121.0,149.0,270.0,81.0,149.0,230.0,0.66
rivière du Grand Pabos,Q2,01030000,1.298,0.395,92,2005,11.0,0.0,11.0,52.0,414.0,0.03,0.15,11.0,0.0,4.0,0.0,11.0,100.0,171.0,271.0,89.0,171.0,260.0,0.75
rivière du Grand Pabos,Q2,01030000,1.298,0.395,92,2006,37.0,0.0,37.0,35.0,422.0,0.09,0.17,26.0,0.0,13.0,0.0,37.0,142.0,153.0,295.0,105.0,153.0,258.0,0.68
rivière du Grand Pabos,Q2,01030000,1.298,0.395,92,2007,10.0,0.0,10.0,79.0,368.0,0.03,0.24,13.0,0.0,6.0,0.0,10.0,75.0,80.0,155.0,65.0,80.0,145.0,0.36
rivière du Grand Pabos,Q2,01030000,1.298,0.395,92,2008,18.0,0.0,18.0,60.0,213.0,0.08,0.37,25.0,0.0,11.0,0.0,18.0,72.0,96.0,168.0,54.0,96.0,150.0,0.42
rivière du Grand Pabos,Q2,01030000,1.298,0.395,92,2009,11.0,0.0,11.0,13.0,162.0,0.07,0.15,22.0,0.0,10.0,0.0,11.0,51.0,63.0,114.0,40.0,63.0,103.0,0.28
rivière du Grand Pabos,Q2,01030000,1.298,0.395,92,2010,58.0,0.0,58.0,38.0,292.0,0.2,0.33,32.0,0.0,17.0,0.0,58.0,180.0,162.0,342.0,122.0,162.0,284.0,0.72
rivière du Grand Pabos,Q2,01030000,1.298,0.395,92,2011,33.0,1.0,34.0,73.0,277.0,0.12,0.39,19.0,1.0,11.0,0.0,34.0,170.0,153.0,323.0,137.0,152.0,289.0,0.68
rivière du Grand Pabos,Q2,01030000,1.298,0.395,92,2012,12.0,0.0,12.0,27.0,250.0,0.05,0.16,16.0,0.0,8.0,0.0,12.0,77.0,72.0,149.0,65.0,72.0,137.0,0.32
rivière du Grand Pabos,Q2,01030000,1.298,0.395,93,2013,28.0,1.0,29.0,49.0,361.0,0.08,0.22,20.0,0.0,8.0,0.0,29.0,142.0,212.0,354.0,114.0,211.0,325.0,0.93
rivière du Grand Pabos,Q2,01030000,1.298,0.395,93,2014,30.0,0.0,30.0,43.0,313.0,0.1,0.23,30.0,0.0,17.0,0.0,30.0,101.0,71.0,172.0,71.0,71.0,142.0,0.32
rivière du Grand Pabos,Q2,01030000,1.298,0.395,93,2015,21.0,0.0,21.0,50.0,345.0,0.06,0.21,12.0,0.0,5.0,0.0,21.0,171.0,225.0,396.0,150.0,225.0,375.0,1.13
rivière du Grand Pabos,Q2,01030000,1.298,0.395,93,2016,27.0,0.0,27.0,67.0,345.0,0.08,0.27,28.0,0.0,10.0,0.0,27.0,96.0,162.0,258.0,69.0,162.0,231.0,0.81
rivière du Grand Pabos,Q2,01030000,1.298,0.395,93,2017,5.0,0.0,5.0,60.0,323.0,0.02,0.2,13.0,0.0,3.0,0.0,5.0,38.0,132.0,170.0,33.0,132.0,165.0,0.65
rivière du Grand Pabos,Q2,01030000,1.298,0.395,93,2018,21.0,0.0,21.0,25.0,392.0,0.05,0.12,38.0,0.0,21.0,0.0,21.0,56.0,45.0,101.0,35.0,45.0,80.0,0.23
rivière du Grand Pabos,Q2,01030000,1.298,0.395,93,2019,14.0,0.0,14.0,61.0,382.0,0.04,0.2,40.0,0.0,13.0,0.0,14.0,35.0,77.0,112.0,21.0,77.0,98.0,0.38
rivière du Grand Pabos,Q2,01030000,1.298,0.395,93,2020,22.0,0.0,22.0,25.0,339.0,0.06,0.14,24.0,0.0,10.0,0.0,22.0,90.0,129.0,219.0,68.0,129.0,197.0,0.64
rivière du Grand Pabos,Q2,01030000,1.298,0.395,93,2021,15.0,0.0,15.0,43.0,350.0,0.04,0.17,19.0,0.0,10.0,0.0,15.0,81.0,66.0,147.0,66.0,66.0,132.0,0.34
rivière du Grand Pabos,Q2,01030000,1.298,0.395,93,2022,6.0,0.0,6.0,110.0,410.0,0.01,0.28,5.0,0.0,3.0,0.0,6.0,112.0,106.0,218.0,106.0,106.0,212.0,0.54
rivière du Grand Pabos,Q2,01030000,1.298,0.395,93,2023,1.0,0.0,1.0,75.0,379.0,0.0,0.2,3.0,0.0,1.0,0.0,1.0,31.0,168.0,199.0,30.0,168.0,198.0,0.83
rivière du Grand Pabos,Q2,01030000,1.298,0.395,93,2024,1.0,0.0,1.0,34.0,388.0,0.0,0.09,11.0,0.0,1.0,0.0,1.0,9.0,67.0,76.0,8.0,67.0,75.0,0.33
rivière du Grand Pabos,Q2,01030000,1.298,0.395,93,2025,0.0,0.0,0.0,16.0,335.0,0.0,0.05,0.0,0.0,0.0,0.0,0.0,17.0,27.0,44.0,17.0,27.0,44.0,0.14
rivière du Grand Pabos Ouest,Q2,01040000,0.717,0.198,94,1984,,,,,,,,,,,0.0,0.0,26.0,0.0,26.0,26.0,0.0,26.0,0.01
rivière du Grand Pabos Ouest,Q2,01040000,0.717,0.198,94,1985,,,,,,,,,,,0.0,0.0,50.0,65.0,115.0,50.0,65.0,115.0,0.38
rivière du Grand Pabos Ouest,Q2,01040000,0.717,0.198,94,1986,,,,,,,,,,,0.0,0.0,26.0,26.0,52.0,26.0,26.0,52.0,0.15
rivière du Grand Pabos Ouest,Q2,01040000,0.717,0.198,94,1987,,,,,,,,,,,0.0,0.0,2.0,3.0,5.0,2.0,3.0,5.0,0.02
rivière du Grand Pabos Ouest,Q2,01040000,0.717,0.198,94,1988,,,,,,,,,,,0.0,0.0,1.0,4.0,5.0,1.0,4.0,5.0,0.02
rivière du Grand Pabos Ouest,Q2,01040000,0.717,0.198,94,1989,,,,,,,,,,,0.0,0.0,34.0,18.0,52.0,34.0,18.0,52.0,0.11
rivière du Grand Pabos Ouest,Q2,01040000,0.717,0.198,94,1990,,,,,,,,,,,,,,,,,,,
rivière du Grand Pabos Ouest,Q2,01040000,0.717,0.198,94,1991,,,,,,,,,,,2.0,2.0,78.0,70.0,148.0,78.0,68.0,146.0,0.4
rivière du Grand Pabos Ouest,Q2,01040000,0.717,0.198,94,1992,,,,,,,,,,,5.0,5.0,40.0,124.0,164.0,40.0,119.0,159.0,0.69
rivière du Grand Pabos Ouest,Q2,01040000,0.717,0.198,94,1993,,,,,,,,,,,50.0,50.0,48.0,75.0,123.0,32.0,41.0,73.0,0.24
rivière du Grand Pabos Ouest,Q2,01040000,0.717,0.198,94,1994,,,,,,,,,,,2.0,2.0,43.0,63.0,106.0,43.0,61.0,104.0,0.36
rivière du Grand Pabos Ouest,Q2,01040000,0.717,0.198,94,1995,,,,,,,,,,,113.0,113.0,60.0,65.0,125.0,7.0,5.0,12.0,0.03
rivière du Grand Pabos Ouest,Q2,01040000,0.717,0.198,94,1996,,,,,,,,,,,60.0,60.0,80.0,139.0,219.0,59.0,100.0,159.0,0.58
rivière du Grand Pabos Ouest,Q2,01040000,0.717,0.198,94,1997,10.0,0.0,10.0,2.0,99.0,0.1,0.12,9.0,0.0,3.0,72.0,82.0,111.0,179.0,290.0,94.0,114.0,208.0,0.67
rivière du Grand Pabos Ouest,Q2,01040000,0.717,0.198,94,1998,14.0,0.0,14.0,20.0,156.0,0.09,0.22,13.0,0.0,7.0,58.0,72.0,106.0,91.0,197.0,70.0,55.0,125.0,0.33
rivière du Grand Pabos Ouest,Q2,01040000,0.717,0.198,94,1999,3.0,0.0,3.0,12.0,69.0,0.04,0.22,5.0,0.0,2.0,20.0,23.0,63.0,130.0,193.0,55.0,115.0,170.0,0.67
rivière du Grand Pabos Ouest,Q2,01040000,0.717,0.198,94,2000,12.0,0.0,12.0,14.0,56.0,0.21,0.46,12.0,0.0,5.0,60.0,72.0,100.0,151.0,251.0,70.0,109.0,179.0,0.64
rivière du Grand Pabos Ouest,Q2,01040000,0.717,0.198,94,2001,2.0,0.0,2.0,1.0,42.0,0.05,0.07,,,,26.0,28.0,,,,,,,
rivière du Grand Pabos Ouest,Q2,01040000,0.717,0.198,94,2002,18.0,0.0,18.0,14.0,90.0,0.2,0.36,19.0,0.0,12.0,0.0,18.0,97.0,59.0,156.0,79.0,59.0,138.0,0.35
rivière du Grand Pabos Ouest,Q2,01040000,0.717,0.198,94,2003,6.0,0.0,6.0,7.0,85.0,0.07,0.15,17.0,0.0,5.0,0.0,6.0,36.0,91.0,127.0,30.0,91.0,121.0,0.52
rivière du Grand Pabos Ouest,Q2,01040000,0.717,0.198,94,2004,13.0,0.0,13.0,17.0,96.0,0.14,0.31,15.0,0.0,7.0,0.0,13.0,84.0,114.0,198.0,71.0,114.0,185.0,0.66
rivière du Grand Pabos Ouest,Q2,01040000,0.717,0.198,94,2005,2.0,0.0,2.0,4.0,59.0,0.03,0.1,6.0,0.0,2.0,0.0,2.0,34.0,73.0,107.0,32.0,73.0,105.0,0.42
rivière du Grand Pabos Ouest,Q2,01040000,0.717,0.198,94,2006,2.0,0.0,2.0,0.0,20.0,0.1,0.1,3.0,0.0,1.0,0.0,2.0,63.0,84.0,147.0,61.0,84.0,145.0,0.49
rivière du Grand Pabos Ouest,Q2,01040000,0.717,0.198,94,2007,20.0,0.0,20.0,49.0,111.0,0.18,0.62,34.0,0.0,21.0,1.0,21.0,59.0,38.0,97.0,39.0,37.0,76.0,0.22
rivière du Grand Pabos Ouest,Q2,01040000,0.717,0.198,94,2008,18.0,0.0,18.0,51.0,93.0,0.19,0.74,16.0,0.0,7.0,0.0,18.0,115.0,153.0,268.0,97.0,153.0,250.0,0.89
rivière du Grand Pabos Ouest,Q2,01040000,0.717,0.198,94,2009,27.0,0.0,27.0,17.0,117.0,0.23,0.38,31.0,0.0,14.0,0.0,27.0,88.0,102.0,190.0,61.0,102.0,163.0,0.59
rivière du Grand Pabos Ouest,Q2,01040000,0.717,0.198,94,2010,49.0,0.0,49.0,45.0,297.0,0.16,0.32,28.0,0.0,11.0,0.0,49.0,172.0,265.0,437.0,123.0,265.0,388.0,1.53
rivière du Grand Pabos Ouest,Q2,01040000,0.717,0.198,94,2011,97.0,0.0,97.0,79.0,319.0,0.3,0.55,35.0,0.0,20.0,2.0,99.0,281.0,211.0,492.0,184.0,209.0,393.0,1.23
rivière du Grand Pabos Ouest,Q2,01040000,0.717,0.198,94,2012,16.0,0.0,16.0,20.0,231.0,0.07,0.16,16.0,0.0,8.0,0.0,16.0,101.0,94.0,195.0,85.0,94.0,179.0,0.55
rivière du Grand Pabos Ouest,Q2,01040000,0.717,0.198,95,2013,33.0,0.0,33.0,38.0,283.0,0.12,0.25,20.0,0.0,8.0,0.0,33.0,166.0,247.0,413.0,133.0,247.0,380.0,1.43
rivière du Grand Pabos Ouest,Q2,01040000,0.717,0.198,95,2014,33.0,0.0,33.0,23.0,251.0,0.13,0.22,44.0,0.0,24.0,0.0,33.0,75.0,63.0,138.0,42.0,63.0,105.0,0.37
rivière du Grand Pabos Ouest,Q2,01040000,0.717,0.198,95,2015,50.0,0.0,50.0,83.0,314.0,0.16,0.42,11.0,0.0,7.0,0.0,50.0,440.0,260.0,700.0,390.0,260.0,650.0,1.75
rivière du Grand Pabos Ouest,Q2,01040000,0.717,0.198,95,2016,21.0,0.0,21.0,45.0,297.0,0.07,0.22,12.0,0.0,6.0,0.0,21.0,181.0,159.0,340.0,160.0,159.0,319.0,1.06
rivière du Grand Pabos Ouest,Q2,01040000,0.717,0.198,95,2017,7.0,0.0,7.0,14.0,152.0,0.05,0.14,7.0,0.0,2.0,0.0,7.0,104.0,228.0,332.0,97.0,228.0,325.0,1.49
rivière du Grand Pabos Ouest,Q2,01040000,0.717,0.198,95,2018,9.0,0.0,9.0,4.0,220.0,0.04,0.06,31.0,0.0,15.0,0.0,9.0,29.0,30.0,59.0,20.0,30.0,50.0,0.2
rivière du Grand Pabos Ouest,Q2,01040000,0.717,0.198,95,2019,10.0,0.0,10.0,15.0,185.0,0.05,0.14,19.0,0.0,7.0,0.0,10.0,53.0,95.0,148.0,43.0,95.0,138.0,0.62
rivière du Grand Pabos Ouest,Q2,01040000,0.717,0.198,95,2020,18.0,0.0,18.0,0.0,166.0,0.11,0.11,16.0,0.0,6.0,0.0,18.0,113.0,166.0,279.0,95.0,166.0,261.0,1.09
rivière du Grand Pabos Ouest,Q2,01040000,0.717,0.198,95,2021,6.0,0.0,6.0,14.0,157.0,0.04,0.13,4.0,0.0,3.0,0.0,6.0,138.0,91.0,229.0,132.0,91.0,223.0,0.61
rivière du Grand Pabos Ouest,Q2,01040000,0.717,0.198,95,2022,22.0,0.0,22.0,31.0,243.0,0.09,0.22,17.0,0.0,11.0,0.0,22.0,132.0,72.0,204.0,110.0,72.0,182.0,0.48
rivière du Grand Pabos Ouest,Q2,01040000,0.717,0.198,95,2023,4.0,0.0,4.0,30.0,251.0,0.02,0.14,9.0,0.0,2.0,0.0,4.0,44.0,124.0,168.0,40.0,124.0,164.0,0.81
rivière du Grand Pabos Ouest,Q2,01040000,0.717,0.198,95,2024,3.0,0.0,3.0,14.0,201.0,0.01,0.08,38.0,0.0,6.0,0.0,3.0,8.0,40.0,48.0,5.0,40.0,45.0,0.26
rivière du Grand Pabos Ouest,Q2,01040000,0.717,0.198,95,2025,0.0,0.0,0.0,8.0,153.0,0.0,0.05,0.0,0.0,0.0,0.0,0.0,9.0,11.0,20.0,9.0,11.0,20.0,0.07
rivière Port-Daniel du Milieu,Q2,01050000,,,96,1984,,,,,,,,,,,,,,,,,,,
rivière Port-Daniel du Milieu,Q2,01050000,,,96,1985,,,,,,,,,,,,,,,,,,,
rivière Port-Daniel du Milieu,Q2,01050000,,,96,1986,,,,,,,,,,,,,,,,,,,
rivière Port-Daniel du Milieu,Q2,01050000,,,96,1987,,,,,,,,,,,,,,,,,,,
rivière Port-Daniel du Milieu,Q2,01050000,,,96,1988,,,,,,,,,,,,,,,,,,,
rivière Port-Daniel du Milieu,Q2,01050000,,,96,1989,,,,,,,,,,,,,5.0,3.0,8.0,5.0,3.0,8.0,0.02
rivière Port-Daniel du Milieu,Q2,01050000,,,96,1990,,,,,,,,,,,,,,,,,,,
rivière Port-Daniel du Milieu,Q2,01050000,,,96,1991,,,,,,,,,,,,,2.0,2.0,4.0,3.0,1.0,4.0,0.01
rivière Port-Daniel du Milieu,Q2,01050000,,,96,1992,,,,,,,,,,,,,,,,,,,
rivière Port-Daniel du Milieu,Q2,01050000,,,96,1993,,,,,,,,,,,,,,,,,,,
rivière Port-Daniel du Milieu,Q2,01050000,,,96,1994,,,,,,,,,,,,,6.0,4.0,10.0,6.0,4.0,10.0,0.02
rivière Port-Daniel du Milieu,Q2,01050000,,,96,1995,,,,,,,,,,,,,,,,,,,
rivière Port-Daniel du Milieu,Q2,01050000,,,96,1996,,,,,,,,,,,,,,,,,,,
rivière Port-Daniel du Milieu,Q2,01050000,,,96,1997,,,,,,,,,,,,,,,,,,,
rivière Port-Daniel du Milieu,Q2,01050000,,,96,1998,,,,,,,,,,,,,,,,,,,
rivière Port-Daniel du Milieu,Q2,01050000,,,96,1999,,,,,,,,,,,,,,,,,,,
rivière Port-Daniel du Milieu,Q2,01050000,,,96,2000,,,,,,,,,,,,,,,,,,,
rivière Port-Daniel du Milieu,Q2,01050000,,,96,2001,,,,,,,,,,,,,,,,,,,
rivière Port-Daniel du Milieu,Q2,01050000,,,96,2002,,,,,,,,,,,,,,,,,,,
rivière Port-Daniel du Milieu,Q2,01050000,,,96,2003,,,,,,,,,,,,,,,,,,,
rivière Port-Daniel du Milieu,Q2,01050000,,,96,2004,,,,,,,,,,,,,,,,,,,
rivière Port-Daniel du Milieu,Q2,01050000,,,96,2005,,,,,,,,,,,,,,,,,,,
rivière Port-Daniel du Milieu,Q2,01050000,,,96,2006,,,,,,,,,,,,,,,,,,,
rivière Port-Daniel du Milieu,Q2,01050000,,,96,2007,,,,,,,,,,,,,,,,,,,
rivière Port-Daniel du Milieu,Q2,01050000,,,96,2008,,,,,,,,,,,,,,,,,,,
rivière Port-Daniel du Milieu,Q2,01050000,,,96,2009,,,,,,,,,,,,,,,,,,,
rivière Port-Daniel du Milieu,Q2,01050000,,,96,2010,,,,,,,,,,,,,,,,,,,
rivière Port-Daniel du Milieu,Q2,01050000,,,96,2011,,,,,,,,,,,,,,,,,,,
rivière Port-Daniel du Milieu,Q2,01050000,,,96,2012,,,,,,,,,,,,,,,,,,,
rivière Port-Daniel du Milieu,Q2,01050000,,,97,2013,,,,,,,,,,,,,,,,,,,
rivière Port-Daniel du Milieu,Q2,01050000,,,97,2014,,,,,,,,,,,,,,,,,,,
rivière Port-Daniel du Milieu,Q2,01050000,,,97,2015,,,,,,,,,,,,,,,,,,,
rivière Port-Daniel du Milieu,Q2,01050000,,,97,2016,,,,,,,,,,,,,,,,,,,
rivière Port-Daniel du Milieu,Q2,01050000,,,97,2017,,,,,,,,,,,,,,,,,,,
rivière Port-Daniel du Milieu,Q2,01050000,,,97,2018,,,,,,,,,,,,,,,,,,,
rivière Port-Daniel du Milieu,Q2,01050000,,,97,2019,,,,,,,,,,,,,,,,,,,
rivière Port-Daniel du Milieu,Q2,01050000,,,97,2020,,,,,,,,,,,,,,,,,,,
rivière Port-Daniel du Milieu,Q2,01050000,,,97,2021,,,,,,,,,,,,,,,,,,,
rivière Port-Daniel du Milieu,Q2,01050000,,,97,2022,,,,,,,,,,,,,,,,,,,
rivière Port-Daniel du Milieu,Q2,01050000,,,97,2023,,,,,,,,,,,,,,,,,,,
rivière Port-Daniel du Milieu,Q2,01050000,,,97,2024,,,,,,,,,,,,,,,,,,,
rivière Port-Daniel du Milieu,Q2,01050000,,,97,2025,,,,,,,,,,,,,,,,,,,
Petite rivière Port-Daniel,Q2,01060000,0.26,0.078,98,1984,,,,,,,,,,,,,,,,,,,
Petite rivière Port-Daniel,Q2,01060000,0.26,0.078,98,1985,,,,,,,,,,,,,14.0,9.0,23.0,14.0,9.0,23.0,0.07
Petite rivière Port-Daniel,Q2,01060000,0.26,0.078,98,1986,,,,,,,,,,,,,,,,,,,
Petite rivière Port-Daniel,Q2,01060000,0.26,0.078,98,1987,,,,,,,,,,,,,,,,,,,
Petite rivière Port-Daniel,Q2,01060000,0.26,0.078,98,1988,,,,,,,,,,,,,,,,,,,
Petite rivière Port-Daniel,Q2,01060000,0.26,0.078,98,1989,,,,,,,,,,,,,6.0,4.0,10.0,6.0,4.0,10.0,0.03
Petite rivière Port-Daniel,Q2,01060000,0.26,0.078,98,1990,,,,,,,,,,,,,,,,,,,
Petite rivière Port-Daniel,Q2,01060000,0.26,0.078,98,1991,,,,,,,,,,,,,39.0,28.0,67.0,39.0,28.0,67.0,0.11
Petite rivière Port-Daniel,Q2,01060000,0.26,0.078,98,1992,,,,,,,,,,,,,41.0,28.0,69.0,41.0,28.0,69.0,0.12
Petite rivière Port-Daniel,Q2,01060000,0.26,0.078,98,1993,,,,,,,,,,,,,3.0,2.0,5.0,3.0,2.0,5.0,0.01
Petite rivière Port-Daniel,Q2,01060000,0.26,0.078,98,1994,,,,,,,,,,,,,26.0,19.0,45.0,26.0,19.0,45.0,0.08
Petite rivière Port-Daniel,Q2,01060000,0.26,0.078,98,1995,,,,,,,,,,,,,15.0,10.0,25.0,15.0,10.0,25.0,0.04
Petite rivière Port-Daniel,Q2,01060000,0.26,0.078,98,1996,,,,,,,,,,,,,15.0,10.0,25.0,15.0,10.0,25.0,0.04
Petite rivière Port-Daniel,Q2,01060000,0.26,0.078,98,1997,,,,,,,,,,,,,2.0,17.0,19.0,2.0,17.0,19.0,0.07
Petite rivière Port-Daniel,Q2,01060000,0.26,0.078,98,1998,,,,,,,,,,,1.0,1.0,4.0,8.0,12.0,4.0,7.0,11.0,0.11
Petite rivière Port-Daniel,Q2,01060000,0.26,0.078,98,1999,,,,,,,,,,,,,,,,,,,
Petite rivière Port-Daniel,Q2,01060000,0.26,0.078,98,2000,,,,,,,,,,,,,,,,,,,
Petite rivière Port-Daniel,Q2,01060000,0.26,0.078,98,2001,,,,,,,,,,,,,,,,,,,
Petite rivière Port-Daniel,Q2,01060000,0.26,0.078,98,2002,,,,,,,,,,,,,,,,,,,
Petite rivière Port-Daniel,Q2,01060000,0.26,0.078,98,2003,,,,,,,,,,,,,,,,,,,
Petite rivière Port-Daniel,Q2,01060000,0.26,0.078,98,2004,,,,,,,,,,,,,,,,,,,
Petite rivière Port-Daniel,Q2,01060000,0.26,0.078,98,2005,,,,,,,,,,,,,,,,,,,
Petite rivière Port-Daniel,Q2,01060000,0.26,0.078,98,2006,,,,,,,,,,,,,,,,,,,
Petite rivière Port-Daniel,Q2,01060000,0.26,0.078,98,2007,,,,,,,,,,,,,,,,,,,
Petite rivière Port-Daniel,Q2,01060000,0.26,0.078,98,2008,,,,,,,,,,,,,,,,,,,
Petite rivière Port-Daniel,Q2,01060000,0.26,0.078,98,2009,,,,,,,,,,,,,,,,,,,
Petite rivière Port-Daniel,Q2,01060000,0.26,0.078,98,2010,,,,,,,,,,,,,,,,,,,
Petite rivière Port-Daniel,Q2,01060000,0.26,0.078,98,2011,,,,,,,,,,,,,,,,,,,
Petite rivière Port-Daniel,Q2,01060000,0.26,0.078,98,2012,,,,,,,,,,,,,,,,,,,
Petite rivière Port-Daniel,Q2,01060000,0.26,0.078,99,2013,,,,,,,,,,,,,,,,,,,
Petite rivière Port-Daniel,Q2,01060000,0.26,0.078,99,2014,,,,,,,,,,,,,,,,,,,
Petite rivière Port-Daniel,Q2,01060000,0.26,0.078,99,2015,,,,,,,,,,,,,,,,,,,
Petite rivière Port-Daniel,Q2,01060000,0.26,0.078,99,2016,,,,,,,,,,,,,,,,,,,
Petite rivière Port-Daniel,Q2,01060000,0.26,0.078,99,2017,,,,,,,,,,,,,,,,,,,
Petite rivière Port-Daniel,Q2,01060000,0.26,0.078,99,2018,,,,,,,,,,,,,,,,,,,
Petite rivière Port-Daniel,Q2,01060000,0.26,0.078,99,2019,,,,,,,,,,,,,,,,,,,
Petite rivière Port-Daniel,Q2,01060000,0.26,0.078,99,2020,,,,,,,,,,,,,,,,,,,
Petite rivière Port-Daniel,Q2,01060000,0.26,0.078,99,2021,,,,,,,,,,,,,,,,,,,
Petite rivière Port-Daniel,Q2,01060000,0.26,0.078,99,2022,,,,,,,,,,,,,,,,,,,
Petite rivière Port-Daniel,Q2,01060000,0.26,0.078,99,2023,,,,,,,,,,,,,,,,,,,
Petite rivière Port-Daniel,Q2,01060000,0.26,0.078,99,2024,,,,,,,,,,,,,,,,,,,
Petite rivière Port-Daniel,Q2,01060000,0.26,0.078,99,2025,,,,,,,,,,,,,,,,,,,
rivière Port-Daniel Nord,Q2,01180000,0.415,0.124,100,1984,,,,,,,,,,,0.0,0.0,5.0,17.0,22.0,5.0,17.0,22.0,0.07
rivière Port-Daniel Nord,Q2,01180000,0.415,0.124,100,1985,,,,,,,,,,,0.0,0.0,6.0,13.0,19.0,6.0,13.0,19.0,0.05
rivière Port-Daniel Nord,Q2,01180000,0.415,0.124,100,1986,,,,,,,,,,,0.0,0.0,12.0,29.0,41.0,12.0,29.0,41.0,0.12
rivière Port-Daniel Nord,Q2,01180000,0.415,0.124,100,1987,,,,,,,,,,,0.0,0.0,18.0,274.0,292.0,18.0,274.0,292.0,1.13
rivière Port-Daniel Nord,Q2,01180000,0.415,0.124,100,1988,,,,,,,,,,,0.0,0.0,43.0,366.0,409.0,43.0,366.0,409.0,1.52
rivière Port-Daniel Nord,Q2,01180000,0.415,0.124,100,1989,,,,,,,,,,,0.0,0.0,45.0,85.0,130.0,45.0,85.0,130.0,0.36
rivière Port-Daniel Nord,Q2,01180000,0.415,0.124,100,1990,,,,,,,,,,,5.0,5.0,101.0,119.0,220.0,101.0,114.0,215.0,0.49
rivière Port-Daniel Nord,Q2,01180000,0.415,0.124,100,1991,,,,,,,,,,,0.0,0.0,17.0,51.0,68.0,17.0,51.0,68.0,0.21
rivière Port-Daniel Nord,Q2,01180000,0.415,0.124,100,1992,,,,,,,,,,,3.0,3.0,83.0,138.0,221.0,83.0,135.0,218.0,0.57
rivière Port-Daniel Nord,Q2,01180000,0.415,0.124,100,1993,,,,,,,,,,,0.0,0.0,50.0,200.0,250.0,50.0,200.0,250.0,0.84
rivière Port-Daniel Nord,Q2,01180000,0.415,0.124,100,1994,,,,,,,,,,,1.0,1.0,73.0,112.0,185.0,73.0,111.0,184.0,0.47
rivière Port-Daniel Nord,Q2,01180000,0.415,0.124,100,1995,,,,,,,,,,,2.0,2.0,35.0,53.0,88.0,33.0,53.0,86.0,0.22
rivière Port-Daniel Nord,Q2,01180000,0.415,0.124,100,1996,34.0,0.0,34.0,,88.0,0.39,,50.0,0.0,18.0,2.0,36.0,68.0,125.0,193.0,34.0,123.0,157.0,0.51
rivière Port-Daniel Nord,Q2,01180000,0.415,0.124,100,1997,15.0,0.0,15.0,3.0,60.0,0.25,0.3,47.0,0.0,24.0,0.0,15.0,32.0,30.0,62.0,17.0,30.0,47.0,0.13
rivière Port-Daniel Nord,Q2,01180000,0.415,0.124,100,1998,7.0,0.0,7.0,5.0,60.0,0.12,0.2,30.0,0.0,15.0,0.0,7.0,23.0,25.0,48.0,16.0,25.0,41.0,0.11
rivière Port-Daniel Nord,Q2,01180000,0.415,0.124,100,1999,8.0,0.0,8.0,1.0,40.0,0.2,0.23,17.0,0.0,7.0,0.0,8.0,46.0,69.0,115.0,38.0,69.0,107.0,0.29
rivière Port-Daniel Nord,Q2,01180000,0.415,0.124,100,2000,17.0,0.0,17.0,3.0,102.0,0.17,0.2,41.0,0.0,17.0,0.0,17.0,41.0,60.0,101.0,24.0,60.0,84.0,0.25
rivière Port-Daniel Nord,Q2,01180000,0.415,0.124,100,2001,1.0,0.0,1.0,0.0,36.0,0.03,0.03,5.0,0.0,2.0,0.0,1.0,21.0,30.0,51.0,20.0,30.0,50.0,0.13
rivière Port-Daniel Nord,Q2,01180000,0.415,0.124,100,2002,29.0,0.0,29.0,0.0,71.0,0.41,0.41,58.0,0.0,28.0,0.0,29.0,50.0,53.0,103.0,21.0,53.0,74.0,0.22
rivière Port-Daniel Nord,Q2,01180000,0.415,0.124,100,2003,11.0,0.0,11.0,2.0,74.0,0.15,0.18,26.0,0.0,5.0,0.0,11.0,43.0,172.0,215.0,32.0,172.0,204.0,0.72
rivière Port-Daniel Nord,Q2,01180000,0.415,0.124,100,2004,19.0,0.0,19.0,5.0,53.0,0.36,0.45,44.0,0.0,13.0,0.0,19.0,43.0,103.0,146.0,24.0,103.0,127.0,0.43
rivière Port-Daniel Nord,Q2,01180000,0.415,0.124,100,2005,5.0,0.0,5.0,1.0,43.0,0.12,0.14,14.0,0.0,3.0,0.0,5.0,37.0,118.0,155.0,32.0,118.0,150.0,0.49
rivière Port-Daniel Nord,Q2,01180000,0.415,0.124,100,2006,9.0,0.0,9.0,0.0,44.0,0.2,0.2,38.0,0.0,17.0,1.0,10.0,24.0,30.0,54.0,14.0,30.0,44.0,0.13
rivière Port-Daniel Nord,Q2,01180000,0.415,0.124,100,2007,5.0,0.0,5.0,1.0,27.0,0.19,0.22,42.0,0.0,16.0,4.0,9.0,12.0,20.0,32.0,7.0,16.0,23.0,0.07
rivière Port-Daniel Nord,Q2,01180000,0.415,0.124,100,2008,3.0,0.0,3.0,0.0,21.0,0.14,0.14,13.0,0.0,6.0,8.0,11.0,23.0,26.0,49.0,19.0,19.0,38.0,0.08
rivière Port-Daniel Nord,Q2,01180000,0.415,0.124,100,2009,14.0,0.0,14.0,3.0,67.0,0.21,0.25,44.0,0.0,17.0,0.0,14.0,32.0,51.0,83.0,18.0,51.0,69.0,0.21
rivière Port-Daniel Nord,Q2,01180000,0.415,0.124,100,2010,18.0,0.0,18.0,7.0,107.0,0.17,0.23,28.0,0.0,13.0,0.0,18.0,64.0,74.0,138.0,46.0,74.0,120.0,0.31
rivière Port-Daniel Nord,Q2,01180000,0.415,0.124,100,2011,21.0,0.0,21.0,6.0,195.0,0.11,0.14,41.0,0.0,12.0,1.0,22.0,51.0,121.0,172.0,30.0,120.0,150.0,0.5
rivière Port-Daniel Nord,Q2,01180000,0.415,0.124,100,2012,4.0,0.0,4.0,1.0,153.0,0.03,0.03,8.0,0.0,4.0,1.0,5.0,48.0,57.0,105.0,44.0,56.0,100.0,0.24
rivière Port-Daniel Nord,Q2,01180000,0.415,0.124,101,2013,15.0,0.0,15.0,22.0,166.0,0.09,0.22,12.0,0.0,7.0,0.0,15.0,125.0,90.0,215.0,110.0,90.0,200.0,0.39
rivière Port-Daniel Nord,Q2,01180000,0.415,0.124,101,2014,8.0,0.0,8.0,0.0,173.0,0.05,0.05,24.0,0.0,14.0,0.0,8.0,33.0,25.0,58.0,25.0,25.0,50.0,0.11
rivière Port-Daniel Nord,Q2,01180000,0.415,0.124,101,2015,34.0,0.0,34.0,12.0,169.0,0.2,0.27,25.0,0.0,14.0,1.0,35.0,134.0,101.0,235.0,100.0,100.0,200.0,0.49
rivière Port-Daniel Nord,Q2,01180000,0.415,0.124,101,2016,27.0,0.0,27.0,32.0,388.0,0.07,0.15,47.0,0.0,20.0,0.0,27.0,57.0,80.0,137.0,30.0,80.0,110.0,0.38
rivière Port-Daniel Nord,Q2,01180000,0.415,0.124,101,2017,8.0,0.0,8.0,11.0,144.0,0.06,0.13,13.0,0.0,3.0,0.0,8.0,64.0,169.0,233.0,56.0,169.0,225.0,0.8
rivière Port-Daniel Nord,Q2,01180000,0.415,0.124,101,2018,13.0,0.0,13.0,1.0,225.0,0.06,0.06,41.0,0.0,34.0,0.0,13.0,32.0,6.0,38.0,19.0,6.0,25.0,0.03
rivière Port-Daniel Nord,Q2,01180000,0.415,0.124,101,2019,15.0,0.0,15.0,44.0,212.0,0.07,0.28,43.0,0.0,16.0,0.0,15.0,35.0,60.0,95.0,20.0,60.0,80.0,0.29
rivière Port-Daniel Nord,Q2,01180000,0.415,0.124,101,2020,5.0,0.0,5.0,12.0,84.0,0.06,0.2,33.0,0.0,14.0,0.0,5.0,15.0,20.0,35.0,10.0,20.0,30.0,0.1
rivière Port-Daniel Nord,Q2,01180000,0.415,0.124,101,2021,29.0,0.0,29.0,42.0,182.0,0.16,0.39,22.0,0.0,12.0,0.0,29.0,129.0,115.0,244.0,100.0,115.0,215.0,0.55
rivière Port-Daniel Nord,Q2,01180000,0.415,0.124,101,2022,22.0,0.0,22.0,25.0,228.0,0.1,0.21,31.0,0.0,11.0,0.0,22.0,72.0,125.0,197.0,50.0,125.0,175.0,0.59
rivière Port-Daniel Nord,Q2,01180000,0.415,0.124,101,2023,24.0,0.0,24.0,37.0,212.0,0.11,0.29,26.0,0.0,9.0,0.0,24.0,94.0,162.0,256.0,70.0,162.0,232.0,0.77
rivière Port-Daniel Nord,Q2,01180000,0.415,0.124,101,2024,1.0,0.0,1.0,5.0,154.0,0.01,0.04,5.0,0.0,2.0,0.0,1.0,21.0,40.0,61.0,20.0,40.0,60.0,0.19
rivière Port-Daniel Nord,Q2,01180000,0.415,0.124,101,2025,0.0,0.0,0.0,8.0,73.0,0.0,0.11,0.0,0.0,0.0,0.0,0.0,15.0,5.0,20.0,15.0,5.0,20.0,0.03
rivière Port-Daniel Nord,Q2,01180000,0.415,0.124,101,1995,,,,,,,,,,,,,,,,,,,
rivière de l'Anse à la Barbe,Q2,01440000,,,102,1984,,,,,,,,,,,,,,,,,,,
rivière de l'Anse à la Barbe,Q2,01440000,,,102,1985,,,,,,,,,,,,,,,,,,,
rivière de l'Anse à la Barbe,Q2,01440000,,,102,1986,,,,,,,,,,,,,,,,,,,
rivière de l'Anse à la Barbe,Q2,01440000,,,102,1987,,,,,,,,,,,,,,,,,,,
rivière de l'Anse à la Barbe,Q2,01440000,,,102,1988,,,,,,,,,,,,,,,,,,,
rivière de l'Anse à la Barbe,Q2,01440000,,,102,1989,,,,,,,,,,,,,,,,,,,
rivière de l'Anse à la Barbe,Q2,01440000,,,102,1990,,,,,,,,,,,,,,,,,,,
rivière de l'Anse à la Barbe,Q2,01440000,,,102,1991,,,,,,,,,,,7.0,7.0,,,7.0,,,,
rivière de l'Anse à la Barbe,Q2,01440000,,,102,1992,,,,,,,,,,,63.0,63.0,,,63.0,,,,
rivière de l'Anse à la Barbe,Q2,01440000,,,102,1993,,,,,,,,,,,43.0,43.0,,,43.0,,,,
rivière de l'Anse à la Barbe,Q2,01440000,,,102,1994,,,,,,,,,,,36.0,36.0,,,36.0,,,,
rivière de l'Anse à la Barbe,Q2,01440000,,,102,1995,,,,,,,,,,,20.0,20.0,,,20.0,,,,
rivière de l'Anse à la Barbe,Q2,01440000,,,102,1996,,,,,,,,,,,,,,,,,,,
rivière de l'Anse à la Barbe,Q2,01440000,,,102,1997,,,,,,,,,,,,,,,40.0,13.0,27.0,40.0,0.11
rivière de l'Anse à la Barbe,Q2,01440000,,,102,1998,,,,,,,,,,,,,,,,,,,
rivière de l'Anse à la Barbe,Q2,01440000,,,102,1999,,,,,,,,,,,,,,,,,,,
rivière de l'Anse à la Barbe,Q2,01440000,,,102,2000,,,,,,,,,,,,,,,,,,,
rivière de l'Anse à la Barbe,Q2,01440000,,,102,2001,,,,,,,,,,,,,,,,,,,
rivière de l'Anse à la Barbe,Q2,01440000,,,102,2002,,,,,,,,,,,,,,,,,,,
rivière de l'Anse à la Barbe,Q2,01440000,,,102,2003,,,,,,,,,,,,,,,,,,,
rivière de l'Anse à la Barbe,Q2,01440000,,,102,2004,,,,,,,,,,,,,,,,,,,
rivière de l'Anse à la Barbe,Q2,01440000,,,102,2005,,,,,,,,,,,,,,,,,,,
rivière de l'Anse à la Barbe,Q2,01440000,,,102,2006,,,,,,,,,,,,,,,,,,,
rivière de l'Anse à la Barbe,Q2,01440000,,,102,2007,,,,,,,,,,,,,,,,,,,
rivière de l'Anse à la Barbe,Q2,01440000,,,102,2008,,,,,,,,,,,,,,,,,,,
rivière de l'Anse à la Barbe,Q2,01440000,,,102,2009,,,,,,,,,,,,,,,,,,,
rivière de l'Anse à la Barbe,Q2,01440000,,,102,2010,,,,,,,,,,,,,,,,,,,
rivière de l'Anse à la Barbe,Q2,01440000,,,102,2011,,,,,,,,,,,,,,,,,,,
rivière de l'Anse à la Barbe,Q2,01440000,,,102,2012,,,,,,,,,,,,,,,,,,,
rivière de l'Anse à la Barbe,Q2,01440000,,,103,2013,,,,,,,,,,,,,,,,,,,
rivière de l'Anse à la Barbe,Q2,01440000,,,103,2014,,,,,,,,,,,,,,,,,,,
rivière de l'Anse à la Barbe,Q2,01440000,,,103,2015,,,,,,,,,,,,,,,,,,,
rivière de l'Anse à la Barbe,Q2,01440000,,,103,2016,,,,,,,,,,,,,,,,,,,
rivière de l'Anse à la Barbe,Q2,01440000,,,103,2017,,,,,,,,,,,,,,,,,,,
rivière de l'Anse à la Barbe,Q2,01440000,,,103,2018,,,,,,,,,,,,,,,,,,,
rivière de l'Anse à la Barbe,Q2,01440000,,,103,2019,,,,,,,,,,,,,,,,,,,
rivière de l'Anse à la Barbe,Q2,01440000,,,103,2020,,,,,,,,,,,,,,,,,,,
rivière de l'Anse à la Barbe,Q2,01440000,,,103,2021,,,,,,,,,,,,,,,,,,,
rivière de l'Anse à la Barbe,Q2,01440000,,,103,2022,,,,,,,,,,,,,,,,,,,
rivière de l'Anse à la Barbe,Q2,01440000,,,103,2023,,,,,,,,,,,,,,,,,,,
rivière de l'Anse à la Barbe,Q2,01440000,,,103,2024,,,,,,,,,,,,,,,,,,,
rivière de l'Anse à la Barbe,Q2,01440000,,,103,2025,,,,,,,,,,,,,,,,,,,
rivière Malbaie,Q2,02010000,0.348,0.104,104,1984,,,,,,,,,,,0.0,0.0,5.0,15.0,20.0,5.0,15.0,20.0,0.06
rivière Malbaie,Q2,02010000,0.348,0.104,104,1985,,,,,,,,,,,0.0,0.0,17.0,36.0,53.0,17.0,36.0,53.0,0.15
rivière Malbaie,Q2,02010000,0.348,0.104,104,1986,,,,,,,,,,,0.0,0.0,40.0,47.0,87.0,40.0,47.0,87.0,0.2
rivière Malbaie,Q2,02010000,0.348,0.104,104,1987,,,,,,,,,,,0.0,0.0,34.0,101.0,135.0,34.0,101.0,135.0,0.42
rivière Malbaie,Q2,02010000,0.348,0.104,104,1988,,,,,,,,,,,0.0,0.0,29.0,140.0,169.0,29.0,140.0,169.0,0.57
rivière Malbaie,Q2,02010000,0.348,0.104,104,1989,0.0,0.0,0.0,,5.0,0.0,,0.0,0.0,0.0,0.0,0.0,14.0,133.0,147.0,14.0,133.0,147.0,0.54
rivière Malbaie,Q2,02010000,0.348,0.104,104,1990,13.0,11.0,24.0,,118.0,0.2,,33.0,13.0,20.0,0.0,24.0,40.0,83.0,123.0,27.0,72.0,99.0,0.3
rivière Malbaie,Q2,02010000,0.348,0.104,104,1991,20.0,22.0,42.0,,372.0,0.11,,22.0,23.0,23.0,0.0,42.0,89.0,97.0,186.0,69.0,75.0,144.0,0.32
rivière Malbaie,Q2,02010000,0.348,0.104,104,1992,30.0,39.0,69.0,,721.0,0.1,,36.0,30.0,32.0,3.0,72.0,83.0,130.0,213.0,53.0,88.0,141.0,0.36
rivière Malbaie,Q2,02010000,0.348,0.104,104,1993,79.0,50.0,129.0,,1278.0,0.1,,59.0,13.0,25.0,0.0,129.0,134.0,392.0,526.0,55.0,342.0,397.0,1.4
rivière Malbaie,Q2,02010000,0.348,0.104,104,1994,30.0,99.0,129.0,,1126.0,0.11,,45.0,25.0,27.0,0.0,129.0,67.0,404.0,471.0,37.0,305.0,342.0,1.25
rivière Malbaie,Q2,02010000,0.348,0.104,104,1995,1.0,11.0,12.0,,310.0,0.04,,4.0,4.0,4.0,13.0,25.0,26.0,249.0,275.0,25.0,225.0,250.0,0.92
rivière Malbaie,Q2,02010000,0.348,0.104,104,1996,5.0,0.0,5.0,,85.0,0.06,,7.0,0.0,2.0,1.0,6.0,68.0,173.0,241.0,63.0,172.0,235.0,0.71
rivière Malbaie,Q2,02010000,0.348,0.104,104,1997,1.0,0.0,1.0,,4.0,0.25,,4.0,0.0,1.0,1.0,2.0,25.0,95.0,120.0,24.0,94.0,118.0,0.39
rivière Malbaie,Q2,02010000,0.348,0.104,104,1998,1.0,1.0,2.0,,29.0,0.07,,6.0,1.0,2.0,0.0,2.0,16.0,102.0,118.0,15.0,101.0,116.0,0.39
rivière Malbaie,Q2,02010000,0.348,0.104,104,1999,5.0,5.0,10.0,,91.0,0.11,,15.0,2.0,4.0,0.0,10.0,34.0,213.0,247.0,29.0,208.0,237.0,0.8
rivière Malbaie,Q2,02010000,0.348,0.104,104,2000,2.0,1.0,3.0,9.0,34.0,0.09,0.35,11.0,1.0,3.0,0.0,3.0,19.0,70.0,89.0,17.0,69.0,86.0,0.27
rivière Malbaie,Q2,02010000,0.348,0.104,104,2001,0.0,0.0,0.0,0.0,,,,0.0,0.0,0.0,0.0,0.0,50.0,100.0,150.0,50.0,100.0,150.0,0.39
rivière Malbaie,Q2,02010000,0.348,0.104,104,2002,1.0,0.0,1.0,1.0,24.0,0.04,0.08,3.0,0.0,1.0,7.0,8.0,40.0,132.0,172.0,34.0,130.0,164.0,0.5
rivière Malbaie,Q2,02010000,0.348,0.104,104,2003,6.0,27.0,33.0,0.0,132.0,0.25,0.25,16.0,13.0,13.0,0.0,33.0,38.0,210.0,248.0,32.0,183.0,215.0,0.7
rivière Malbaie,Q2,02010000,0.348,0.104,104,2004,11.0,0.0,11.0,25.0,82.0,0.13,0.44,11.0,0.0,4.0,0.0,11.0,102.0,148.0,250.0,91.0,148.0,239.0,0.58
rivière Malbaie,Q2,02010000,0.348,0.104,104,2005,1.0,0.0,1.0,4.0,12.0,0.08,0.42,2.0,0.0,0.0,0.0,1.0,51.0,200.0,251.0,50.0,200.0,250.0,0.77
rivière Malbaie,Q2,02010000,0.348,0.104,104,2006,14.0,0.0,14.0,0.0,140.0,0.1,0.1,37.0,0.0,12.0,0.0,14.0,38.0,82.0,120.0,24.0,82.0,106.0,0.32
rivière Malbaie,Q2,02010000,0.348,0.104,104,2007,6.0,0.0,6.0,14.0,73.0,0.08,0.27,29.0,0.0,10.0,0.0,6.0,21.0,40.0,61.0,15.0,40.0,55.0,0.15
rivière Malbaie,Q2,02010000,0.348,0.104,104,2008,12.0,0.0,12.0,0.0,124.0,0.1,0.1,15.0,0.0,6.0,0.0,12.0,80.0,106.0,186.0,68.0,106.0,174.0,0.42
rivière Malbaie,Q2,02010000,0.348,0.104,104,2009,0.0,0.0,0.0,0.0,24.0,0.0,0.0,0.0,0.0,0.0,0.0,0.0,58.0,115.0,173.0,58.0,115.0,173.0,0.45
rivière Malbaie,Q2,02010000,0.348,0.104,104,2010,18.0,2.0,20.0,0.0,182.0,0.11,0.11,51.0,1.0,12.0,0.0,20.0,35.0,136.0,171.0,17.0,134.0,151.0,0.51
rivière Malbaie,Q2,02010000,0.348,0.104,104,2011,18.0,0.0,18.0,24.0,202.0,0.09,0.21,35.0,0.0,8.0,0.0,18.0,52.0,166.0,218.0,34.0,166.0,200.0,0.64
rivière Malbaie,Q2,02010000,0.348,0.104,104,2012,9.0,0.0,9.0,32.0,150.0,0.06,0.27,31.0,0.0,7.0,0.0,9.0,29.0,100.0,129.0,20.0,100.0,120.0,0.38
rivière Malbaie,Q2,02010000,0.348,0.104,105,2013,0.0,0.0,0.0,28.0,30.0,0.0,0.93,0.0,0.0,0.0,0.0,0.0,33.0,173.0,206.0,33.0,173.0,206.0,0.66
rivière Malbaie,Q2,02010000,0.348,0.104,105,2014,0.0,0.0,0.0,22.0,41.0,0.0,0.54,0.0,0.0,0.0,1.0,1.0,25.0,68.0,93.0,25.0,67.0,92.0,0.26
rivière Malbaie,Q2,02010000,0.348,0.104,105,2015,11.0,0.0,11.0,0.0,66.0,0.17,0.17,19.0,0.0,9.0,0.0,11.0,59.0,58.0,117.0,48.0,58.0,106.0,0.26
rivière Malbaie,Q2,02010000,0.348,0.104,105,2016,3.0,0.0,3.0,0.0,20.0,0.15,0.15,18.0,0.0,4.0,0.0,3.0,17.0,54.0,71.0,14.0,54.0,68.0,0.23
rivière Malbaie,Q2,02010000,0.348,0.104,105,2017,1.0,0.0,1.0,0.0,6.0,0.17,0.17,4.0,0.0,1.0,0.0,1.0,23.0,62.0,85.0,22.0,62.0,84.0,0.27
rivière Malbaie,Q2,02010000,0.348,0.104,105,2018,0.0,0.0,0.0,0.0,0.0,,,,,,0.0,0.0,,,,,,,
rivière Malbaie,Q2,02010000,0.348,0.104,105,2019,0.0,0.0,0.0,0.0,0.0,,,0.0,0.0,0.0,0.0,0.0,17.0,19.0,36.0,17.0,19.0,36.0,0.09
rivière Malbaie,Q2,02010000,0.348,0.104,105,2020,16.0,0.0,16.0,0.0,96.0,0.17,0.17,73.0,0.0,25.0,0.0,16.0,22.0,41.0,63.0,6.0,41.0,47.0,0.18
rivière Malbaie,Q2,02010000,0.348,0.104,105,2021,0.0,0.0,0.0,0.0,0.0,,,0.0,0.0,0.0,0.0,0.0,25.0,25.0,50.0,25.0,25.0,50.0,0.11
rivière Malbaie,Q2,02010000,0.348,0.104,105,2022,2.0,0.0,2.0,0.0,12.0,0.17,0.17,4.0,0.0,1.0,0.0,2.0,47.0,134.0,181.0,45.0,134.0,179.0,0.59
rivière Malbaie,Q2,02010000,0.348,0.104,105,2023,0.0,0.0,0.0,0.0,0.0,,,0.0,0.0,0.0,1.0,1.0,10.0,123.0,133.0,10.0,122.0,132.0,0.53
rivière Malbaie,Q2,02010000,0.348,0.104,105,2024,0.0,0.0,0.0,0.0,0.0,,,0.0,0.0,0.0,0.0,0.0,2.0,13.0,15.0,2.0,13.0,15.0,0.06
rivière Malbaie,Q2,02010000,0.348,0.104,105,2025,0.0,0.0,0.0,0.0,0.0,,,0.0,0.0,0.0,0.0,0.0,7.0,1.0,8.0,7.0,1.0,8.0,0.01
rivière Saint-Jean,Q2,02030000,2.121,0.793,106,1984,25.0,345.0,370.0,,819.0,0.45,,22.0,31.0,30.0,52.0,422.0,113.0,1116.0,1229.0,88.0,719.0,807.0,3.42
rivière Saint-Jean,Q2,02030000,2.121,0.793,106,1985,19.0,322.0,341.0,,925.0,0.37,,31.0,41.0,40.0,0.0,341.0,61.0,795.0,856.0,42.0,473.0,515.0,2.25
rivière Saint-Jean,Q2,02030000,2.121,0.793,106,1986,70.0,240.0,310.0,,854.0,0.36,,45.0,29.0,32.0,20.0,330.0,155.0,819.0,974.0,85.0,559.0,644.0,2.66
rivière Saint-Jean,Q2,02030000,2.121,0.793,106,1987,114.0,267.0,381.0,,1186.0,0.32,,20.0,25.0,23.0,11.0,392.0,563.0,1069.0,1632.0,449.0,791.0,1240.0,3.78
rivière Saint-Jean,Q2,02030000,2.121,0.793,106,1988,150.0,587.0,737.0,,1419.0,0.52,,34.0,30.0,31.0,27.0,764.0,436.0,1937.0,2373.0,280.0,1329.0,1609.0,6.33
rivière Saint-Jean,Q2,02030000,2.121,0.793,106,1989,107.0,504.0,611.0,,2135.0,0.29,,41.0,37.0,37.0,24.0,635.0,262.0,1375.0,1637.0,139.0,863.0,1002.0,4.11
rivière Saint-Jean,Q2,02030000,2.121,0.793,106,1990,220.0,254.0,474.0,,1717.0,0.28,,43.0,33.0,37.0,9.0,483.0,512.0,772.0,1284.0,291.0,510.0,801.0,2.44
rivière Saint-Jean,Q2,02030000,2.121,0.793,106,1991,143.0,507.0,650.0,,1504.0,0.43,,33.0,34.0,34.0,0.0,650.0,437.0,1487.0,1924.0,294.0,980.0,1274.0,4.67
rivière Saint-Jean,Q2,02030000,2.121,0.793,106,1992,303.0,623.0,926.0,,2053.0,0.45,,54.0,42.0,45.0,3.0,929.0,559.0,1478.0,2037.0,255.0,853.0,1108.0,4.38
rivière Saint-Jean,Q2,02030000,2.121,0.793,106,1993,320.0,508.0,828.0,,1763.0,0.47,,52.0,46.0,48.0,6.0,834.0,619.0,1102.0,1721.0,295.0,592.0,887.0,3.05
rivière Saint-Jean,Q2,02030000,2.121,0.793,106,1994,256.0,578.0,834.0,,2710.0,0.31,,52.0,46.0,48.0,9.0,843.0,494.0,1258.0,1752.0,232.0,677.0,909.0,3.48
rivière Saint-Jean,Q2,02030000,2.121,0.793,106,1995,80.0,420.0,500.0,,1998.0,0.25,,33.0,37.0,36.0,27.0,527.0,245.0,1138.0,1383.0,163.0,693.0,856.0,3.56
rivière Saint-Jean,Q2,02030000,2.121,0.793,106,1996,152.0,364.0,516.0,,1494.0,0.35,,45.0,46.0,45.0,20.0,536.0,341.0,798.0,1139.0,185.0,418.0,603.0,2.15
rivière Saint-Jean,Q2,02030000,2.121,0.793,106,1997,129.0,204.0,333.0,122.0,1394.0,0.24,0.33,42.0,34.0,37.0,14.0,347.0,304.0,598.0,902.0,171.0,384.0,555.0,1.98
rivière Saint-Jean,Q2,02030000,2.121,0.793,106,1998,171.0,0.0,171.0,291.0,1245.0,0.14,0.37,35.0,0.0,19.0,1.0,172.0,483.0,431.0,914.0,312.0,430.0,742.0,2.22
rivière Saint-Jean,Q2,02030000,2.121,0.793,106,1999,92.0,0.0,92.0,279.0,1229.0,0.07,0.3,28.0,0.0,9.0,1.0,93.0,324.0,736.0,1060.0,232.0,735.0,967.0,3.78
rivière Saint-Jean,Q2,02030000,2.121,0.793,106,2000,90.0,0.0,90.0,320.0,1298.0,0.07,0.32,24.0,0.0,11.0,5.0,95.0,370.0,421.0,791.0,283.0,413.0,696.0,2.13
rivière Saint-Jean,Q2,02030000,2.121,0.793,106,2001,60.0,0.0,60.0,480.0,1178.0,0.05,0.46,22.0,0.0,5.0,5.0,65.0,268.0,880.0,1148.0,208.0,875.0,1083.0,4.49
rivière Saint-Jean,Q2,02030000,2.121,0.793,106,2002,168.0,0.0,168.0,393.0,1197.0,0.14,0.47,32.0,0.0,14.0,3.0,171.0,520.0,686.0,1206.0,352.0,683.0,1035.0,3.52
rivière Saint-Jean,Q2,02030000,2.121,0.793,106,2003,85.0,0.0,85.0,599.0,1294.0,0.07,0.53,22.0,0.0,6.0,4.0,89.0,394.0,1013.0,1407.0,307.0,1011.0,1318.0,5.19
rivière Saint-Jean,Q2,02030000,2.121,0.793,106,2004,106.0,0.0,106.0,462.0,1370.0,0.08,0.41,28.0,0.0,10.0,1.0,107.0,384.0,677.0,1061.0,277.0,677.0,954.0,3.48
rivière Saint-Jean,Q2,02030000,2.121,0.793,106,2005,72.0,0.0,72.0,551.0,1690.0,0.04,0.37,20.0,0.0,6.0,2.0,74.0,366.0,908.0,1274.0,294.0,906.0,1200.0,4.65
rivière Saint-Jean,Q2,02030000,2.121,0.793,106,2006,104.0,0.0,104.0,439.0,1588.0,0.07,0.34,30.0,0.0,9.0,2.0,106.0,346.0,758.0,1104.0,242.0,756.0,998.0,3.89
rivière Saint-Jean,Q2,02030000,2.121,0.793,106,2007,78.0,40.0,118.0,327.0,1717.0,0.07,0.26,28.0,6.0,13.0,0.0,118.0,275.0,647.0,922.0,197.0,607.0,804.0,3.12
rivière Saint-Jean,Q2,02030000,2.121,0.793,106,2008,240.0,15.0,255.0,410.0,1700.0,0.15,0.39,40.0,2.0,21.0,2.0,257.0,599.0,605.0,1204.0,359.0,588.0,947.0,3.03
rivière Saint-Jean,Q2,02030000,2.121,0.793,106,2009,96.0,3.0,99.0,409.0,1695.0,0.06,0.3,34.0,0.0,10.0,109.0,208.0,282.0,722.0,1004.0,182.0,614.0,796.0,3.16
rivière Saint-Jean,Q2,02030000,2.121,0.793,106,2010,138.0,44.0,182.0,434.0,1929.0,0.09,0.32,47.0,5.0,15.0,94.0,276.0,295.0,898.0,1193.0,143.0,774.0,917.0,3.97
rivière Saint-Jean,Q2,02030000,2.121,0.793,106,2011,206.0,43.0,249.0,505.0,1993.0,0.12,0.38,60.0,6.0,24.0,3.0,252.0,343.0,688.0,1031.0,136.0,643.0,779.0,3.3
rivière Saint-Jean,Q2,02030000,2.121,0.793,106,2012,81.0,2.0,83.0,349.0,1909.0,0.04,0.23,47.0,0.0,12.0,1.0,84.0,171.0,530.0,701.0,89.0,528.0,617.0,3.08
rivière Saint-Jean,Q2,02030000,2.121,0.793,107,2013,76.0,49.0,125.0,378.0,1798.0,0.07,0.28,42.0,6.0,13.0,28.0,153.0,180.0,786.0,966.0,104.0,709.0,813.0,4.14
rivière Saint-Jean,Q2,02030000,2.121,0.793,107,2014,164.0,0.0,164.0,247.0,1773.0,0.09,0.23,51.0,0.0,27.0,6.0,170.0,319.0,278.0,597.0,153.0,274.0,427.0,1.61
rivière Saint-Jean,Q2,02030000,2.121,0.793,107,2015,214.0,50.0,264.0,511.0,1863.0,0.14,0.42,43.0,7.0,21.0,9.0,273.0,499.0,744.0,1243.0,280.0,690.0,970.0,3.99
rivière Saint-Jean,Q2,02030000,2.121,0.793,107,2016,80.0,41.0,121.0,573.0,1898.0,0.06,0.37,46.0,6.0,14.0,13.0,134.0,173.0,662.0,835.0,92.0,609.0,701.0,3.56
rivière Saint-Jean,Q2,02030000,2.121,0.793,107,2017,50.0,0.0,50.0,329.0,1502.0,0.03,0.25,38.0,0.0,7.0,11.0,61.0,131.0,554.0,685.0,81.0,543.0,624.0,3.17
rivière Saint-Jean,Q2,02030000,2.121,0.793,107,2018,63.0,0.0,63.0,411.0,1427.0,0.04,0.33,23.0,0.0,9.0,16.0,79.0,280.0,403.0,683.0,212.0,392.0,604.0,2.3
rivière Saint-Jean,Q2,02030000,2.121,0.793,107,2019,65.0,30.0,95.0,588.0,1585.0,0.06,0.43,34.0,4.0,10.0,13.0,108.0,189.0,716.0,905.0,119.0,678.0,797.0,3.96
rivière Saint-Jean,Q2,02030000,2.121,0.793,107,2020,96.0,23.0,119.0,685.0,1543.0,0.08,0.52,18.0,3.0,9.0,24.0,143.0,523.0,814.0,1337.0,426.0,768.0,1194.0,4.5
rivière Saint-Jean,Q2,02030000,2.121,0.793,107,2021,179.0,16.0,195.0,945.0,1731.0,0.11,0.66,39.0,2.0,16.0,0.0,195.0,459.0,787.0,1246.0,280.0,771.0,1051.0,4.4
rivière Saint-Jean,Q2,02030000,2.121,0.793,107,2022,111.0,17.0,128.0,762.0,1821.0,0.07,0.49,25.0,1.0,8.0,2.0,130.0,450.0,1256.0,1706.0,339.0,1237.0,1576.0,7.02
rivière Saint-Jean,Q2,02030000,2.121,0.793,107,2023,58.0,17.0,75.0,727.0,1941.0,0.04,0.41,26.0,1.0,5.0,12.0,87.0,227.0,1374.0,1601.0,169.0,1345.0,1514.0,7.7
rivière Saint-Jean,Q2,02030000,2.121,0.793,107,2024,8.0,0.0,8.0,383.0,1710.0,0.0,0.23,11.0,0.0,1.0,1.0,9.0,74.0,643.0,717.0,66.0,642.0,708.0,3.96
rivière Saint-Jean,Q2,02030000,2.121,0.793,107,2025,0.0,0.0,0.0,382.0,1525.0,0.0,0.25,0.0,0.0,0.0,0.0,0.0,446.0,239.0,685.0,446.0,239.0,685.0,1.49
rivière York,Q2,02040000,3.514,1.254,108,1984,8.0,444.0,452.0,,2170.0,0.21,,8.0,34.0,32.0,19.0,471.0,104.0,1290.0,1394.0,96.0,827.0,923.0,4.56
rivière York,Q2,02040000,3.514,1.254,108,1985,57.0,366.0,423.0,,2538.0,0.17,,43.0,41.0,41.0,15.0,438.0,132.0,903.0,1035.0,75.0,522.0,597.0,2.88
rivière York,Q2,02040000,3.514,1.254,108,1986,91.0,488.0,579.0,,2643.0,0.22,,46.0,46.0,46.0,13.0,592.0,196.0,1066.0,1262.0,105.0,565.0,670.0,3.12
rivière York,Q2,02040000,3.514,1.254,108,1987,63.0,420.0,483.0,,2540.0,0.19,,13.0,27.0,24.0,0.0,483.0,467.0,1551.0,2018.0,404.0,1131.0,1535.0,6.29
rivière York,Q2,02040000,3.514,1.254,108,1988,128.0,894.0,1022.0,,3632.0,0.28,,29.0,42.0,40.0,0.0,1022.0,436.0,2150.0,2586.0,308.0,1256.0,1564.0,6.96
rivière York,Q2,02040000,3.514,1.254,108,1989,89.0,806.0,895.0,,4445.0,0.2,,36.0,44.0,43.0,0.0,895.0,248.0,1845.0,2093.0,159.0,1039.0,1198.0,5.73
rivière York,Q2,02040000,3.514,1.254,108,1990,161.0,369.0,530.0,,3062.0,0.17,,41.0,30.0,33.0,0.0,530.0,388.0,1230.0,1618.0,227.0,861.0,1088.0,4.77
rivière York,Q2,02040000,3.514,1.254,108,1991,118.0,566.0,684.0,,3238.0,0.21,,40.0,39.0,39.0,0.0,684.0,292.0,1453.0,1745.0,174.0,887.0,1061.0,4.9
rivière York,Q2,02040000,3.514,1.254,108,1992,329.0,730.0,1059.0,,3803.0,0.28,,58.0,44.0,48.0,21.0,1080.0,566.0,1655.0,2221.0,237.0,904.0,1141.0,5.01
rivière York,Q2,02040000,3.514,1.254,108,1993,329.0,620.0,949.0,,3776.0,0.25,,76.0,47.0,54.0,1.0,950.0,433.0,1320.0,1753.0,104.0,699.0,803.0,3.86
rivière York,Q2,02040000,3.514,1.254,108,1994,261.0,750.0,1011.0,,3657.0,0.28,,58.0,47.0,49.0,48.0,1059.0,451.0,1592.0,2043.0,183.0,801.0,984.0,4.37
rivière York,Q2,02040000,3.514,1.254,108,1995,68.0,484.0,552.0,,3236.0,0.17,,30.0,32.0,32.0,6.0,558.0,223.0,1515.0,1738.0,153.0,1027.0,1180.0,5.67
rivière York,Q2,02040000,3.514,1.254,108,1996,215.0,744.0,959.0,,4118.0,0.23,,50.0,52.0,51.0,4.0,963.0,432.0,1440.0,1872.0,217.0,692.0,909.0,3.84
rivière York,Q2,02040000,3.514,1.254,108,1997,147.0,401.0,548.0,50.0,3229.0,0.17,0.19,39.0,35.0,36.0,6.0,554.0,375.0,1137.0,1512.0,227.0,731.0,958.0,3.94
rivière York,Q2,02040000,3.514,1.254,108,1998,251.0,252.0,503.0,53.0,3153.0,0.16,0.18,71.0,31.0,43.0,14.0,517.0,352.0,813.0,1165.0,100.0,548.0,648.0,2.84
rivière York,Q2,02040000,3.514,1.254,108,1999,81.0,230.0,311.0,45.0,3039.0,0.1,0.12,27.0,16.0,18.0,4.0,315.0,302.0,1405.0,1707.0,219.0,1173.0,1392.0,6.35
rivière York,Q2,02040000,3.514,1.254,108,2000,151.0,188.0,339.0,70.0,3019.0,0.11,0.14,29.0,25.0,27.0,3.0,342.0,518.0,741.0,1259.0,367.0,550.0,917.0,3.28
rivière York,Q2,02040000,3.514,1.254,108,2001,122.0,431.0,553.0,58.0,3135.0,0.18,0.19,38.0,32.0,33.0,10.0,563.0,325.0,1348.0,1673.0,202.0,908.0,1110.0,4.92
rivière York,Q2,02040000,3.514,1.254,108,2002,260.0,158.0,418.0,174.0,3713.0,0.11,0.16,48.0,16.0,27.0,1.0,419.0,543.0,987.0,1530.0,282.0,829.0,1111.0,5.18
rivière York,Q2,02040000,3.514,1.254,108,2003,130.0,356.0,486.0,159.0,3715.0,0.13,0.17,40.0,19.0,22.0,10.0,496.0,324.0,1853.0,2177.0,191.0,1490.0,1681.0,7.89
rivière York,Q2,02040000,3.514,1.254,108,2004,225.0,326.0,551.0,201.0,4263.0,0.13,0.18,36.0,26.0,29.0,2.0,553.0,620.0,1272.0,1892.0,395.0,944.0,1339.0,5.45
rivière York,Q2,02040000,3.514,1.254,108,2005,133.0,234.0,367.0,,3533.0,0.1,,35.0,17.0,21.0,19.0,386.0,380.0,1338.0,1718.0,244.0,1088.0,1332.0,6.05
rivière York,Q2,02040000,3.514,1.254,108,2006,187.0,207.0,394.0,140.0,3876.0,0.1,0.14,50.0,16.0,24.0,26.0,420.0,377.0,1264.0,1641.0,179.0,1042.0,1221.0,6.16
rivière York,Q2,02040000,3.514,1.254,108,2007,142.0,308.0,450.0,107.0,4008.0,0.11,0.14,48.0,27.0,31.0,1.0,451.0,297.0,1155.0,1452.0,155.0,846.0,1001.0,4.53
rivière York,Q2,02040000,3.514,1.254,108,2008,368.0,271.0,639.0,157.0,4097.0,0.16,0.19,51.0,20.0,31.0,0.0,639.0,725.0,1357.0,2082.0,357.0,1086.0,1443.0,6.01
rivière York,Q2,02040000,3.514,1.254,108,2009,195.0,349.0,544.0,142.0,4477.0,0.12,0.15,53.0,23.0,29.0,9.0,553.0,368.0,1497.0,1865.0,171.0,1141.0,1312.0,5.91
rivière York,Q2,02040000,3.514,1.254,108,2010,234.0,454.0,688.0,143.0,4847.0,0.14,0.17,54.0,23.0,29.0,21.0,709.0,433.0,1959.0,2392.0,198.0,1485.0,1683.0,7.83
rivière York,Q2,02040000,3.514,1.254,108,2011,381.0,359.0,740.0,120.0,4915.0,0.15,0.17,72.0,23.0,35.0,200.0,940.0,529.0,1585.0,2114.0,141.0,1033.0,1174.0,5.3
rivière York,Q2,02040000,3.514,1.254,108,2012,111.0,269.0,380.0,81.0,4642.0,0.08,0.1,56.0,22.0,27.0,79.0,459.0,198.0,1211.0,1409.0,87.0,863.0,950.0,4.13
rivière York,Q2,02040000,3.514,1.254,109,2013,111.0,64.0,175.0,174.0,3934.0,0.04,0.09,43.0,5.0,11.0,122.0,297.0,261.0,1295.0,1556.0,149.0,1110.0,1259.0,5.45
rivière York,Q2,02040000,3.514,1.254,109,2014,185.0,78.0,263.0,141.0,3893.0,0.07,0.1,51.0,13.0,27.0,54.0,317.0,365.0,598.0,963.0,180.0,466.0,646.0,2.59
rivière York,Q2,02040000,3.514,1.254,109,2015,197.0,107.0,304.0,304.0,3580.0,0.08,0.17,29.0,9.0,16.0,51.0,355.0,674.0,1231.0,1905.0,474.0,1076.0,1550.0,6.26
rivière York,Q2,02040000,3.514,1.254,109,2016,76.0,189.0,265.0,486.0,4193.0,0.06,0.18,48.0,17.0,21.0,45.0,310.0,158.0,1128.0,1286.0,82.0,894.0,976.0,4.78
rivière York,Q2,02040000,3.514,1.254,109,2017,116.0,68.0,184.0,423.0,4242.0,0.04,0.14,42.0,5.0,12.0,31.0,215.0,278.0,1267.0,1545.0,160.0,1170.0,1330.0,6.51
rivière York,Q2,02040000,3.514,1.254,109,2018,76.0,4.0,80.0,296.0,3742.0,0.02,0.1,29.0,1.0,8.0,55.0,135.0,263.0,767.0,1030.0,187.0,708.0,895.0,4.36
rivière York,Q2,02040000,3.514,1.254,109,2019,105.0,82.0,187.0,398.0,3750.0,0.05,0.16,55.0,9.0,16.0,50.0,237.0,191.0,948.0,1139.0,84.0,818.0,902.0,4.31
rivière York,Q2,02040000,3.514,1.254,109,2020,182.0,40.0,222.0,676.0,4309.0,0.05,0.21,32.0,2.0,10.0,65.0,287.0,572.0,1676.0,2248.0,389.0,1572.0,1961.0,9.68
rivière York,Q2,02040000,3.514,1.254,109,2021,198.0,24.0,222.0,494.0,5703.0,0.04,0.13,26.0,2.0,10.0,83.0,305.0,757.0,1422.0,2179.0,557.0,1317.0,1874.0,7.13
rivière York,Q2,02040000,3.514,1.254,109,2022,128.0,10.0,138.0,678.0,5135.0,0.03,0.16,28.0,1.0,7.0,144.0,282.0,464.0,1463.0,1927.0,333.0,1312.0,1645.0,7.06
rivière York,Q2,02040000,3.514,1.254,109,2023,80.0,49.0,129.0,479.0,5643.0,0.02,0.11,43.0,3.0,8.0,128.0,257.0,188.0,1435.0,1623.0,108.0,1258.0,1366.0,6.7
rivière York,Q2,02040000,3.514,1.254,109,2024,8.0,1.0,9.0,232.0,3996.0,0.0,0.06,9.0,0.0,1.0,103.0,112.0,94.0,803.0,897.0,86.0,699.0,785.0,3.72
rivière York,Q2,02040000,3.514,1.254,109,2025,0.0,0.0,0.0,135.0,3018.0,0.0,0.04,0.0,0.0,0.0,6.0,6.0,403.0,273.0,676.0,403.0,267.0,670.0,1.48
rivière York,Q2,02040000,3.514,1.254,109,2019,,,,,,,,,,,,,,,2003.0,,,,
rivière Dartmouth,Q2,02060000,1.872,0.724,110,1984,8.0,166.0,174.0,,773.0,0.23,,21.0,25.0,25.0,34.0,208.0,39.0,669.0,708.0,31.0,469.0,500.0,2.23
rivière Dartmouth,Q2,02060000,1.872,0.724,110,1985,34.0,210.0,244.0,,898.0,0.27,,58.0,42.0,44.0,0.0,244.0,59.0,498.0,557.0,25.0,288.0,313.0,1.37
rivière Dartmouth,Q2,02060000,1.872,0.724,110,1986,43.0,140.0,183.0,,845.0,0.22,,36.0,23.0,25.0,0.0,183.0,121.0,602.0,723.0,78.0,462.0,540.0,2.2
rivière Dartmouth,Q2,02060000,1.872,0.724,110,1987,35.0,138.0,173.0,,977.0,0.18,,7.0,14.0,12.0,0.0,173.0,518.0,961.0,1479.0,483.0,823.0,1306.0,3.99
rivière Dartmouth,Q2,02060000,1.872,0.724,110,1988,57.0,304.0,361.0,,1245.0,0.29,,19.0,24.0,23.0,0.0,361.0,293.0,1248.0,1541.0,236.0,944.0,1180.0,4.52
rivière Dartmouth,Q2,02060000,1.872,0.724,110,1989,36.0,323.0,359.0,,1713.0,0.21,,19.0,27.0,26.0,0.0,359.0,190.0,1214.0,1404.0,154.0,891.0,1045.0,4.25
rivière Dartmouth,Q2,02060000,1.872,0.724,110,1990,150.0,195.0,345.0,,1628.0,0.21,,31.0,25.0,27.0,1.0,346.0,485.0,788.0,1273.0,335.0,592.0,927.0,2.87
rivière Dartmouth,Q2,02060000,1.872,0.724,110,1991,130.0,287.0,417.0,,1886.0,0.22,,35.0,25.0,27.0,0.0,417.0,369.0,1169.0,1538.0,239.0,882.0,1121.0,4.23
rivière Dartmouth,Q2,02060000,1.872,0.724,110,1992,141.0,390.0,531.0,,2113.0,0.25,,34.0,30.0,31.0,0.0,531.0,411.0,1282.0,1693.0,270.0,892.0,1162.0,4.28
rivière Dartmouth,Q2,02060000,1.872,0.724,110,1993,267.0,473.0,740.0,,2669.0,0.28,,72.0,44.0,51.0,1.0,741.0,372.0,1069.0,1441.0,105.0,595.0,700.0,2.84
rivière Dartmouth,Q2,02060000,1.872,0.724,110,1994,202.0,588.0,790.0,,2822.0,0.28,,60.0,55.0,56.0,9.0,799.0,337.0,1071.0,1408.0,129.0,480.0,609.0,2.3
rivière Dartmouth,Q2,02060000,1.872,0.724,110,1995,35.0,319.0,354.0,,2119.0,0.17,,19.0,32.0,30.0,0.0,354.0,185.0,1001.0,1186.0,150.0,682.0,832.0,3.26
rivière Dartmouth,Q2,02060000,1.872,0.724,110,1996,152.0,347.0,499.0,,2199.0,0.23,,45.0,43.0,43.0,18.0,517.0,340.0,811.0,1151.0,188.0,446.0,634.0,2.15
rivière Dartmouth,Q2,02060000,1.872,0.724,110,1997,58.0,211.0,269.0,16.0,1731.0,0.16,0.16,25.0,27.0,26.0,3.0,272.0,236.0,789.0,1025.0,178.0,575.0,753.0,2.86
rivière Dartmouth,Q2,02060000,1.872,0.724,110,1998,116.0,110.0,226.0,,1425.0,0.16,,41.0,28.0,33.0,10.0,236.0,284.0,392.0,676.0,165.0,275.0,440.0,1.34
rivière Dartmouth,Q2,02060000,1.872,0.724,110,1999,38.0,63.0,101.0,,965.0,0.1,,21.0,10.0,13.0,5.0,106.0,177.0,620.0,797.0,139.0,552.0,691.0,2.69
rivière Dartmouth,Q2,02060000,1.872,0.724,110,2000,119.0,70.0,189.0,,1107.0,0.17,,28.0,20.0,24.0,3.0,192.0,425.0,356.0,781.0,304.0,285.0,589.0,1.42
rivière Dartmouth,Q2,02060000,1.872,0.724,110,2001,40.0,182.0,222.0,,1085.0,0.2,,20.0,24.0,23.0,2.0,224.0,198.0,756.0,954.0,158.0,572.0,730.0,2.58
rivière Dartmouth,Q2,02060000,1.872,0.724,110,2002,173.0,53.0,226.0,1.0,1081.0,0.21,0.21,38.0,11.0,24.0,0.0,226.0,450.0,485.0,935.0,277.0,432.0,709.0,2.32
rivière Dartmouth,Q2,02060000,1.872,0.724,110,2003,64.0,115.0,179.0,,1179.0,0.15,,30.0,11.0,14.0,5.0,184.0,216.0,1072.0,1288.0,149.0,955.0,1104.0,4.37
rivière Dartmouth,Q2,02060000,1.872,0.724,110,2004,189.0,68.0,257.0,,1336.0,0.19,,43.0,10.0,23.0,8.0,265.0,440.0,657.0,1097.0,245.0,587.0,832.0,3.18
rivière Dartmouth,Q2,02060000,1.872,0.724,110,2005,35.0,63.0,98.0,,1221.0,0.08,,17.0,9.0,11.0,3.0,101.0,212.0,699.0,911.0,176.0,634.0,810.0,2.95
rivière Dartmouth,Q2,02060000,1.872,0.724,110,2006,141.0,50.0,191.0,,1167.0,0.16,,31.0,9.0,19.0,13.0,204.0,457.0,566.0,1023.0,308.0,511.0,819.0,2.77
rivière Dartmouth,Q2,02060000,1.872,0.724,110,2007,47.0,76.0,123.0,,1163.0,0.11,,26.0,14.0,17.0,4.0,127.0,183.0,549.0,732.0,133.0,472.0,605.0,2.21
rivière Dartmouth,Q2,02060000,1.872,0.724,110,2008,138.0,22.0,160.0,,970.0,0.16,,31.0,6.0,20.0,0.0,160.0,441.0,348.0,789.0,303.0,326.0,629.0,1.57
rivière Dartmouth,Q2,02060000,1.872,0.724,110,2009,63.0,35.0,98.0,,952.0,0.1,,35.0,5.0,12.0,5.0,103.0,180.0,653.0,833.0,117.0,613.0,730.0,2.85
rivière Dartmouth,Q2,02060000,1.872,0.724,110,2010,124.0,39.0,163.0,,1018.0,0.16,,47.0,7.0,19.0,23.0,186.0,262.0,580.0,842.0,134.0,522.0,656.0,2.43
rivière Dartmouth,Q2,02060000,1.872,0.724,110,2011,167.0,8.0,175.0,,1271.0,0.14,,45.0,1.0,11.0,29.0,204.0,375.0,1171.0,1546.0,206.0,1136.0,1342.0,5.28
rivière Dartmouth,Q2,02060000,1.872,0.724,110,2012,54.0,12.0,66.0,,1249.0,0.05,,19.0,2.0,7.0,16.0,82.0,281.0,661.0,942.0,225.0,635.0,860.0,2.97
rivière Dartmouth,Q2,02060000,1.872,0.724,111,2013,62.0,10.0,72.0,140.0,1380.0,0.05,0.15,29.0,1.0,6.0,4.0,76.0,211.0,926.0,1137.0,148.0,913.0,1061.0,4.24
rivière Dartmouth,Q2,02060000,1.872,0.724,111,2014,80.0,5.0,85.0,80.0,1375.0,0.06,0.12,36.0,1.0,13.0,9.0,94.0,224.0,408.0,632.0,143.0,395.0,538.0,1.85
rivière Dartmouth,Q2,02060000,1.872,0.724,111,2015,113.0,12.0,125.0,59.0,1174.0,0.11,0.16,25.0,2.0,11.0,25.0,150.0,446.0,642.0,1088.0,330.0,608.0,938.0,3.24
rivière Dartmouth,Q2,02060000,1.872,0.724,111,2016,82.0,26.0,108.0,197.0,1277.0,0.08,0.24,34.0,4.0,12.0,30.0,138.0,243.0,655.0,898.0,157.0,603.0,760.0,3.18
rivière Dartmouth,Q2,02060000,1.872,0.724,111,2017,72.0,40.0,112.0,196.0,1448.0,0.08,0.21,42.0,4.0,10.0,17.0,129.0,172.0,927.0,1099.0,100.0,870.0,970.0,4.57
rivière Dartmouth,Q2,02060000,1.872,0.724,111,2018,94.0,8.0,102.0,159.0,1419.0,0.07,0.18,37.0,1.0,12.0,38.0,140.0,253.0,584.0,837.0,159.0,538.0,697.0,2.84
rivière Dartmouth,Q2,02060000,1.872,0.724,111,2019,44.0,33.0,77.0,173.0,1255.0,0.06,0.2,24.0,4.0,8.0,31.0,108.0,187.0,742.0,929.0,143.0,678.0,821.0,3.57
rivière Dartmouth,Q2,02060000,1.872,0.724,111,2020,47.0,30.0,77.0,169.0,1253.0,0.06,0.2,37.0,3.0,8.0,38.0,115.0,128.0,889.0,1017.0,81.0,821.0,902.0,4.31
rivière Dartmouth,Q2,02060000,1.872,0.724,111,2021,91.0,6.0,97.0,166.0,1501.0,0.06,0.18,25.0,1.0,10.0,54.0,151.0,358.0,585.0,943.0,267.0,525.0,792.0,2.89
rivière Dartmouth,Q2,02060000,1.872,0.724,111,2022,61.0,25.0,86.0,213.0,1517.0,0.06,0.2,20.0,3.0,8.0,54.0,140.0,298.0,747.0,1045.0,237.0,668.0,905.0,3.74
rivière Dartmouth,Q2,02060000,1.872,0.724,111,2023,17.0,20.0,37.0,172.0,1551.0,0.02,0.13,14.0,2.0,4.0,60.0,97.0,123.0,808.0,931.0,106.0,728.0,834.0,3.91
rivière Dartmouth,Q2,02060000,1.872,0.724,111,2024,4.0,2.0,6.0,60.0,1710.0,0.0,0.04,24.0,1.0,2.0,77.0,83.0,17.0,375.0,392.0,13.0,296.0,309.0,1.54
rivière Dartmouth,Q2,02060000,1.872,0.724,111,2025,0.0,0.0,0.0,67.0,754.0,0.0,0.09,0.0,0.0,0.0,0.0,0.0,341.0,132.0,473.0,341.0,132.0,473.0,0.74
rivière Madeleine,Q3,02080000,2.18,0.966,112,1984,15.0,89.0,104.0,,399.0,0.26,,12.0,13.0,12.0,26.0,130.0,130.0,709.0,839.0,113.0,596.0,709.0,3.12
rivière Madeleine,Q3,02080000,2.18,0.966,112,1985,29.0,95.0,124.0,,300.0,0.41,,10.0,15.0,14.0,19.0,143.0,286.0,614.0,900.0,257.0,500.0,757.0,2.65
rivière Madeleine,Q3,02080000,2.18,0.966,112,1986,122.0,89.0,211.0,,540.0,0.39,,17.0,11.0,13.0,0.0,211.0,734.0,836.0,1570.0,612.0,747.0,1359.0,4.02
rivière Madeleine,Q3,02080000,2.18,0.966,112,1987,105.0,117.0,222.0,,608.0,0.37,,17.0,9.0,12.0,0.0,222.0,606.0,1286.0,1892.0,501.0,1169.0,1670.0,6.19
rivière Madeleine,Q3,02080000,2.18,0.966,112,1988,148.0,226.0,374.0,,978.0,0.38,,20.0,20.0,20.0,0.0,374.0,731.0,1137.0,1868.0,583.0,911.0,1494.0,4.86
rivière Madeleine,Q3,02080000,2.18,0.966,112,1989,133.0,185.0,318.0,,1577.0,0.2,,19.0,16.0,18.0,0.0,318.0,686.0,1127.0,1813.0,553.0,942.0,1495.0,5.02
rivière Madeleine,Q3,02080000,2.18,0.966,112,1990,133.0,251.0,384.0,,1493.0,0.26,,20.0,22.0,22.0,0.0,384.0,651.0,1134.0,1785.0,518.0,883.0,1401.0,4.7
rivière Madeleine,Q3,02080000,2.18,0.966,112,1991,132.0,190.0,322.0,,1410.0,0.23,,20.0,20.0,20.0,0.0,322.0,659.0,957.0,1616.0,527.0,767.0,1294.0,4.1
rivière Madeleine,Q3,02080000,2.18,0.966,112,1992,223.0,192.0,415.0,,745.0,0.56,,30.0,22.0,26.0,0.0,415.0,737.0,890.0,1627.0,514.0,698.0,1212.0,3.74
rivière Madeleine,Q3,02080000,2.18,0.966,112,1993,267.0,249.0,516.0,,957.0,0.54,,38.0,25.0,31.0,0.0,516.0,694.0,979.0,1673.0,427.0,730.0,1157.0,3.89
rivière Madeleine,Q3,02080000,2.18,0.966,112,1994,204.0,316.0,520.0,,1182.0,0.44,,33.0,28.0,30.0,0.0,520.0,624.0,1111.0,1735.0,420.0,795.0,1215.0,4.22
rivière Madeleine,Q3,02080000,2.18,0.966,112,1995,109.0,170.0,279.0,,1562.0,0.18,,25.0,23.0,24.0,0.0,279.0,442.0,740.0,1182.0,333.0,570.0,903.0,3.04
rivière Madeleine,Q3,02080000,2.18,0.966,112,1996,147.0,313.0,460.0,,1175.0,0.39,,29.0,27.0,28.0,0.0,460.0,500.0,1144.0,1644.0,353.0,831.0,1184.0,4.4
rivière Madeleine,Q3,02080000,2.18,0.966,112,1997,108.0,189.0,297.0,,1234.0,0.24,,23.0,27.0,26.0,11.0,308.0,466.0,692.0,1158.0,352.0,498.0,850.0,2.41
rivière Madeleine,Q3,02080000,2.18,0.966,112,1998,124.0,169.0,293.0,15.0,1390.0,0.21,0.22,29.0,28.0,28.0,8.0,301.0,432.0,599.0,1031.0,304.0,426.0,730.0,2.11
rivière Madeleine,Q3,02080000,2.18,0.966,112,1999,87.0,97.0,184.0,6.0,1520.0,0.12,0.13,24.0,17.0,20.0,13.0,197.0,356.0,583.0,939.0,266.0,476.0,742.0,2.44
rivière Madeleine,Q3,02080000,2.18,0.966,112,2000,149.0,113.0,262.0,53.0,1611.0,0.16,0.2,35.0,17.0,24.0,7.0,269.0,422.0,653.0,1075.0,273.0,533.0,806.0,2.37
rivière Madeleine,Q3,02080000,2.18,0.966,112,2001,161.0,100.0,261.0,52.0,1598.0,0.16,0.2,37.0,13.0,22.0,14.0,275.0,431.0,744.0,1175.0,266.0,634.0,900.0,3.21
rivière Madeleine,Q3,02080000,2.18,0.966,112,2002,146.0,47.0,193.0,54.0,882.0,0.22,0.28,25.0,16.0,22.0,1.0,194.0,576.0,299.0,875.0,429.0,252.0,681.0,1.22
rivière Madeleine,Q3,02080000,2.18,0.966,112,2003,111.0,47.0,158.0,0.0,1247.0,0.13,0.13,22.0,8.0,14.0,33.0,191.0,502.0,619.0,1121.0,385.0,545.0,930.0,2.51
rivière Madeleine,Q3,02080000,2.18,0.966,112,2004,134.0,42.0,176.0,48.0,903.0,0.19,0.25,21.0,7.0,14.0,6.0,182.0,635.0,631.0,1266.0,499.0,585.0,1084.0,2.72
rivière Madeleine,Q3,02080000,2.18,0.966,112,2005,42.0,11.0,53.0,42.0,716.0,0.07,0.13,12.0,2.0,5.0,51.0,104.0,357.0,693.0,1050.0,301.0,645.0,946.0,2.92
rivière Madeleine,Q3,02080000,2.18,0.966,112,2006,129.0,28.0,157.0,14.0,597.0,0.26,0.29,22.0,6.0,14.0,9.0,166.0,600.0,506.0,1106.0,469.0,471.0,940.0,2.19
rivière Madeleine,Q3,02080000,2.18,0.966,112,2007,51.0,32.0,83.0,89.0,566.0,0.15,0.3,15.0,5.0,9.0,0.0,83.0,336.0,592.0,928.0,285.0,560.0,845.0,2.54
rivière Madeleine,Q3,02080000,2.18,0.966,112,2008,128.0,40.0,168.0,37.0,963.0,0.17,0.21,28.0,6.0,15.0,5.0,173.0,463.0,623.0,1086.0,333.0,580.0,913.0,2.65
rivière Madeleine,Q3,02080000,2.18,0.966,112,2009,43.0,30.0,73.0,48.0,759.0,0.1,0.16,10.0,5.0,7.0,0.0,73.0,417.0,620.0,1037.0,374.0,590.0,964.0,2.69
rivière Madeleine,Q3,02080000,2.18,0.966,112,2010,95.0,43.0,138.0,37.0,1016.0,0.14,0.17,22.0,7.0,13.0,0.0,138.0,432.0,620.0,1052.0,337.0,577.0,914.0,2.64
rivière Madeleine,Q3,02080000,2.18,0.966,112,2011,133.0,62.0,195.0,137.0,1053.0,0.19,0.32,16.0,6.0,11.0,4.0,199.0,837.0,996.0,1833.0,702.0,932.0,1634.0,4.61
rivière Madeleine,Q3,02080000,2.18,0.966,112,2012,66.0,45.0,111.0,54.0,1144.0,0.1,0.14,16.0,6.0,10.0,3.0,114.0,423.0,737.0,1160.0,355.0,691.0,1046.0,3.13
rivière Madeleine,Q3,02080000,2.18,0.966,113,2013,55.0,49.0,104.0,54.0,1280.0,0.08,0.12,18.0,5.0,8.0,0.0,104.0,314.0,1060.0,1374.0,259.0,1011.0,1270.0,4.54
rivière Madeleine,Q3,02080000,2.18,0.966,113,2014,50.0,0.0,50.0,22.0,675.0,0.07,0.11,18.0,0.0,9.0,0.0,50.0,274.0,308.0,582.0,224.0,308.0,532.0,1.41
rivière Madeleine,Q3,02080000,2.18,0.966,113,2015,150.0,30.0,180.0,62.0,1045.0,0.17,0.23,19.0,5.0,13.0,17.0,197.0,807.0,546.0,1353.0,650.0,506.0,1156.0,2.66
rivière Madeleine,Q3,02080000,2.18,0.966,113,2016,74.0,35.0,109.0,91.0,1103.0,0.1,0.18,15.0,5.0,9.0,18.0,127.0,505.0,652.0,1157.0,427.0,603.0,1030.0,3.11
rivière Madeleine,Q3,02080000,2.18,0.966,113,2017,31.0,40.0,71.0,158.0,1025.0,0.07,0.22,13.0,6.0,8.0,14.0,85.0,231.0,672.0,903.0,193.0,625.0,818.0,3.18
rivière Madeleine,Q3,02080000,2.18,0.966,113,2018,63.0,0.0,63.0,67.0,965.0,0.07,0.13,19.0,0.0,9.0,18.0,81.0,339.0,365.0,704.0,269.0,354.0,623.0,1.83
rivière Madeleine,Q3,02080000,2.18,0.966,113,2019,36.0,0.0,36.0,99.0,972.0,0.04,0.14,17.0,0.0,5.0,7.0,43.0,214.0,538.0,752.0,176.0,533.0,709.0,2.71
rivière Madeleine,Q3,02080000,2.18,0.966,113,2020,146.0,42.0,188.0,221.0,1550.0,0.12,0.26,18.0,5.0,11.0,43.0,231.0,823.0,922.0,1745.0,657.0,857.0,1514.0,4.45
rivière Madeleine,Q3,02080000,2.18,0.966,113,2021,129.0,44.0,173.0,186.0,1788.0,0.1,0.2,16.0,5.0,11.0,18.0,191.0,787.0,859.0,1646.0,650.0,805.0,1455.0,4.96
rivière Madeleine,Q3,02080000,2.18,0.966,113,2022,82.0,50.0,132.0,203.0,1901.0,0.07,0.18,14.0,5.0,8.0,34.0,166.0,601.0,1102.0,1703.0,500.0,1037.0,1537.0,5.52
rivière Madeleine,Q3,02080000,2.18,0.966,113,2023,45.0,37.0,82.0,202.0,1975.0,0.04,0.14,34.0,5.0,9.0,21.0,103.0,132.0,737.0,869.0,85.0,681.0,766.0,3.69
rivière Madeleine,Q3,02080000,2.18,0.966,113,2024,13.0,0.0,13.0,66.0,1270.0,0.01,0.06,16.0,0.0,4.0,15.0,28.0,79.0,287.0,366.0,63.0,275.0,338.0,1.4
rivière Madeleine,Q3,02080000,2.18,0.966,113,2025,0.0,0.0,0.0,235.0,996.0,0.0,0.24,0.0,0.0,0.0,13.0,13.0,306.0,81.0,387.0,297.0,77.0,374.0,0.44
rivière de Mont-Louis,Q3,02090000,0.177,0.053,114,1984,,,,,,,,,,,,,,,,,,,
rivière de Mont-Louis,Q3,02090000,0.177,0.053,114,1985,,,,,,,,,,,,,,,,,,,
rivière de Mont-Louis,Q3,02090000,0.177,0.053,114,1986,,,,,,,,,,,,,,,,,,,
rivière de Mont-Louis,Q3,02090000,0.177,0.053,114,1987,,,,,,,,,,,,,,,,,,,
rivière de Mont-Louis,Q3,02090000,0.177,0.053,114,1988,,,,,,,,,,,,,,,,,,,
rivière de Mont-Louis,Q3,02090000,0.177,0.053,114,1989,,,,,,,,,,,,,,,,,,,
rivière de Mont-Louis,Q3,02090000,0.177,0.053,114,1990,,,,,,,,,,,,,,,,,,,
rivière de Mont-Louis,Q3,02090000,0.177,0.053,114,1991,,,,,,,,,,,,,,,,,,,
rivière de Mont-Louis,Q3,02090000,0.177,0.053,114,1992,,,,,,,,,,,,,12.0,40.0,52.0,12.0,40.0,52.0,0.2
rivière de Mont-Louis,Q3,02090000,0.177,0.053,114,1993,,,,,,,,,,,,,,,,,,,
rivière de Mont-Louis,Q3,02090000,0.177,0.053,114,1994,1.0,0.0,1.0,,,,,,,,0.0,1.0,,,,,,,
rivière de Mont-Louis,Q3,02090000,0.177,0.053,114,1995,,,,,,,,,,,,,,,,,,,
rivière de Mont-Louis,Q3,02090000,0.177,0.053,114,1996,,,,,,,,,,,,,6.0,10.0,16.0,6.0,10.0,16.0,0.05
rivière de Mont-Louis,Q3,02090000,0.177,0.053,114,1997,,,,,,,,,,,,,5.0,6.0,11.0,5.0,6.0,11.0,0.03
rivière de Mont-Louis,Q3,02090000,0.177,0.053,114,1998,,,,,,,,,,,,,,,,,,,
rivière de Mont-Louis,Q3,02090000,0.177,0.053,114,1999,,,,,,,,,,,,,,,,,,,
rivière de Mont-Louis,Q3,02090000,0.177,0.053,114,2000,,,,,,,,,,,,,9.0,12.0,21.0,9.0,12.0,21.0,0.06
rivière de Mont-Louis,Q3,02090000,0.177,0.053,114,2001,,,,,,,,,,,,,,,,,,,
rivière de Mont-Louis,Q3,02090000,0.177,0.053,114,2002,,,,,,,,,,,,,,,,,,,
rivière de Mont-Louis,Q3,02090000,0.177,0.053,114,2003,1.0,0.0,1.0,,,,,5.0,0.0,3.0,1.0,2.0,22.0,10.0,32.0,20.0,10.0,30.0,0.05
rivière de Mont-Louis,Q3,02090000,0.177,0.053,114,2004,0.0,0.0,0.0,,,,,0.0,0.0,0.0,0.0,0.0,9.0,13.0,22.0,9.0,13.0,22.0,0.07
rivière de Mont-Louis,Q3,02090000,0.177,0.053,114,2005,,,,,,,,,,,,,,,,1.0,2.0,3.0,0.01
rivière de Mont-Louis,Q3,02090000,0.177,0.053,114,2006,,,,,,,,,,,,,1.0,2.0,3.0,1.0,2.0,3.0,0.01
rivière de Mont-Louis,Q3,02090000,0.177,0.053,114,2007,,,,,,,,,,,,,,,,,,,
rivière de Mont-Louis,Q3,02090000,0.177,0.053,114,2008,,,,,,,,,,,,,,,,,,,
rivière de Mont-Louis,Q3,02090000,0.177,0.053,114,2009,,,,,,,,,,,,,,,,,,,
rivière de Mont-Louis,Q3,02090000,0.177,0.053,114,2010,,,,,,,,,,,,,,,,,,,
rivière de Mont-Louis,Q3,02090000,0.177,0.053,114,2011,,,,,,,,,,,,,,,,,,,
rivière de Mont-Louis,Q3,02090000,0.177,0.053,114,2012,,,,,,,,,,,,,,,,,,,
rivière de Mont-Louis,Q3,02090000,0.177,0.053,115,2013,,,,,,,,,,,,,,,,,,,
rivière de Mont-Louis,Q3,02090000,0.177,0.053,115,2014,,,,,,,,,,,,,,,,,,,
rivière de Mont-Louis,Q3,02090000,0.177,0.053,115,2015,,,,,,,,,,,,,,,,,,,
rivière de Mont-Louis,Q3,02090000,0.177,0.053,115,2016,,,,,,,,,,,,,,,,,,,
rivière de Mont-Louis,Q3,02090000,0.177,0.053,115,2017,,,,,,,,,,,,,,,,,,,
rivière de Mont-Louis,Q3,02090000,0.177,0.053,115,2018,,,,,,,,,,,,,,,,,,,
rivière de Mont-Louis,Q3,02090000,0.177,0.053,115,2019,,,,,,,,,,,,,,,,,,,
rivière de Mont-Louis,Q3,02090000,0.177,0.053,115,2020,,,,,,,,,,,,,,,,,,,
rivière de Mont-Louis,Q3,02090000,0.177,0.053,115,2021,,,,,,,,,,,,,,,,,,,
rivière de Mont-Louis,Q3,02090000,0.177,0.053,115,2022,,,,,,,,,,,,,,,,,,,
rivière de Mont-Louis,Q3,02090000,0.177,0.053,115,2023,,,,,,,,,,,,,,,,,,,
rivière de Mont-Louis,Q3,02090000,0.177,0.053,115,2024,,,,,,,,,,,,,,,,,,,
rivière de Mont-Louis,Q3,02090000,0.177,0.053,115,2025,,,,,,,,,,,,,,,,,,,
rivière Sainte-Anne,Q3,02140000,1.294,0.452,116,1984,8.0,115.0,123.0,,681.0,0.18,,17.0,17.0,17.0,26.0,149.0,46.0,687.0,733.0,38.0,546.0,584.0,2.83
rivière Sainte-Anne,Q3,02140000,1.294,0.452,116,1985,16.0,196.0,212.0,,1067.0,0.2,,36.0,35.0,35.0,22.0,234.0,44.0,556.0,600.0,28.0,338.0,366.0,1.75
rivière Sainte-Anne,Q3,02140000,1.294,0.452,116,1986,130.0,287.0,417.0,,1316.0,0.32,,43.0,41.0,42.0,27.0,444.0,302.0,693.0,995.0,172.0,379.0,551.0,2.0
rivière Sainte-Anne,Q3,02140000,1.294,0.452,116,1987,156.0,196.0,352.0,,1329.0,0.26,,35.0,32.0,33.0,46.0,398.0,451.0,612.0,1063.0,295.0,370.0,665.0,1.98
rivière Sainte-Anne,Q3,02140000,1.294,0.452,116,1988,110.0,336.0,446.0,,1409.0,0.32,,36.0,36.0,36.0,15.0,461.0,305.0,946.0,1251.0,195.0,595.0,790.0,3.12
rivière Sainte-Anne,Q3,02140000,1.294,0.452,116,1989,79.0,321.0,400.0,,1532.0,0.26,,35.0,35.0,35.0,20.0,420.0,223.0,928.0,1151.0,144.0,587.0,731.0,3.06
rivière Sainte-Anne,Q3,02140000,1.294,0.452,116,1990,274.0,228.0,502.0,,1498.0,0.34,,37.0,36.0,36.0,21.0,523.0,744.0,640.0,1384.0,470.0,391.0,861.0,2.13
rivière Sainte-Anne,Q3,02140000,1.294,0.452,116,1991,100.0,499.0,599.0,,1605.0,0.37,,40.0,40.0,40.0,0.0,599.0,252.0,1260.0,1512.0,152.0,761.0,913.0,3.96
rivière Sainte-Anne,Q3,02140000,1.294,0.452,116,1992,80.0,211.0,291.0,,1385.0,0.21,,38.0,35.0,36.0,0.0,291.0,211.0,598.0,809.0,131.0,387.0,518.0,2.03
rivière Sainte-Anne,Q3,02140000,1.294,0.452,116,1993,99.0,147.0,246.0,,1095.0,0.22,,39.0,31.0,34.0,0.0,246.0,251.0,469.0,720.0,152.0,322.0,474.0,1.7
rivière Sainte-Anne,Q3,02140000,1.294,0.452,116,1994,133.0,347.0,480.0,,1361.0,0.35,,58.0,46.0,49.0,39.0,519.0,229.0,754.0,983.0,84.0,380.0,464.0,1.98
rivière Sainte-Anne,Q3,02140000,1.294,0.452,116,1995,44.0,168.0,212.0,,1353.0,0.16,,28.0,26.0,26.0,18.0,230.0,160.0,653.0,813.0,114.0,469.0,583.0,2.45
rivière Sainte-Anne,Q3,02140000,1.294,0.452,116,1996,48.0,184.0,232.0,33.0,1347.0,0.17,0.2,24.0,31.0,29.0,35.0,267.0,202.0,594.0,796.0,145.0,384.0,529.0,2.02
rivière Sainte-Anne,Q3,02140000,1.294,0.452,116,1997,54.0,94.0,148.0,100.0,1676.0,0.09,0.15,41.0,27.0,31.0,0.0,148.0,131.0,349.0,480.0,77.0,255.0,332.0,1.42
rivière Sainte-Anne,Q3,02140000,1.294,0.452,116,1998,37.0,67.0,104.0,82.0,1468.0,0.07,0.13,25.0,24.0,24.0,0.0,104.0,151.0,276.0,427.0,114.0,209.0,323.0,1.12
rivière Sainte-Anne,Q3,02140000,1.294,0.452,116,1999,19.0,22.0,41.0,88.0,979.0,0.04,0.13,10.0,8.0,9.0,0.0,41.0,186.0,259.0,445.0,167.0,237.0,404.0,1.22
rivière Sainte-Anne,Q3,02140000,1.294,0.452,116,2000,27.0,31.0,58.0,150.0,1099.0,0.05,0.19,24.0,9.0,13.0,0.0,58.0,112.0,337.0,449.0,85.0,306.0,391.0,1.54
rivière Sainte-Anne,Q3,02140000,1.294,0.452,116,2001,61.0,11.0,72.0,180.0,1061.0,0.07,0.24,39.0,4.0,16.0,0.0,72.0,156.0,296.0,452.0,95.0,285.0,380.0,1.44
rivière Sainte-Anne,Q3,02140000,1.294,0.452,116,2002,101.0,14.0,115.0,118.0,1005.0,0.11,0.23,34.0,9.0,25.0,0.0,115.0,300.0,162.0,462.0,199.0,148.0,347.0,0.79
rivière Sainte-Anne,Q3,02140000,1.294,0.452,116,2003,82.0,26.0,108.0,210.0,1257.0,0.09,0.25,25.0,5.0,13.0,2.0,110.0,324.0,525.0,849.0,242.0,497.0,739.0,2.54
rivière Sainte-Anne,Q3,02140000,1.294,0.452,116,2004,112.0,51.0,163.0,269.0,1464.0,0.11,0.3,34.0,9.0,19.0,3.0,166.0,332.0,543.0,875.0,220.0,489.0,709.0,2.74
rivière Sainte-Anne,Q3,02140000,1.294,0.452,116,2005,49.0,18.0,67.0,124.0,1309.0,0.05,0.15,31.0,5.0,12.0,1.0,68.0,159.0,400.0,559.0,110.0,381.0,491.0,1.92
rivière Sainte-Anne,Q3,02140000,1.294,0.452,116,2006,108.0,30.0,138.0,165.0,1329.0,0.1,0.23,31.0,8.0,19.0,1.0,139.0,350.0,384.0,734.0,242.0,353.0,595.0,1.82
rivière Sainte-Anne,Q3,02140000,1.294,0.452,116,2007,101.0,60.0,161.0,239.0,1603.0,0.1,0.25,57.0,14.0,26.0,1.0,162.0,176.0,433.0,609.0,74.0,373.0,447.0,1.97
rivière Sainte-Anne,Q3,02140000,1.294,0.452,116,2008,172.0,38.0,210.0,249.0,1751.0,0.12,0.26,41.0,7.0,22.0,0.0,210.0,422.0,542.0,964.0,250.0,504.0,754.0,2.57
rivière Sainte-Anne,Q3,02140000,1.294,0.452,116,2009,81.0,19.0,100.0,252.0,1839.0,0.05,0.19,29.0,3.0,11.0,0.0,100.0,283.0,632.0,915.0,202.0,613.0,815.0,3.1
rivière Sainte-Anne,Q3,02140000,1.294,0.452,116,2010,119.0,45.0,164.0,361.0,1957.0,0.08,0.27,46.0,7.0,17.0,0.0,164.0,257.0,683.0,940.0,138.0,638.0,776.0,3.21
rivière Sainte-Anne,Q3,02140000,1.294,0.452,116,2011,182.0,35.0,217.0,491.0,1975.0,0.11,0.36,51.0,4.0,18.0,0.0,217.0,360.0,831.0,1191.0,178.0,796.0,974.0,4.01
rivière Sainte-Anne,Q3,02140000,1.294,0.452,116,2012,156.0,29.0,185.0,275.0,1991.0,0.09,0.23,46.0,5.0,20.0,1.0,186.0,336.0,571.0,907.0,179.0,542.0,721.0,2.74
rivière Sainte-Anne,Q3,02140000,1.294,0.452,117,2013,68.0,1.0,69.0,291.0,1905.0,0.04,0.19,34.0,0.0,7.0,0.0,69.0,198.0,753.0,951.0,130.0,752.0,882.0,3.78
rivière Sainte-Anne,Q3,02140000,1.294,0.452,117,2014,75.0,0.0,75.0,214.0,1888.0,0.04,0.15,35.0,0.0,10.0,0.0,75.0,212.0,519.0,731.0,137.0,519.0,656.0,2.62
rivière Sainte-Anne,Q3,02140000,1.294,0.452,117,2015,210.0,0.0,210.0,378.0,1971.0,0.11,0.3,59.0,0.0,22.0,1.0,211.0,357.0,603.0,960.0,146.0,603.0,749.0,3.44
rivière Sainte-Anne,Q3,02140000,1.294,0.452,117,2016,186.0,38.0,224.0,492.0,1977.0,0.11,0.36,56.0,5.0,20.0,0.0,224.0,333.0,797.0,1130.0,147.0,759.0,906.0,4.32
rivière Sainte-Anne,Q3,02140000,1.294,0.452,117,2017,88.0,41.0,129.0,366.0,2023.0,0.06,0.24,40.0,5.0,13.0,1.0,130.0,220.0,769.0,989.0,132.0,727.0,859.0,4.14
rivière Sainte-Anne,Q3,02140000,1.294,0.452,117,2018,95.0,0.0,95.0,280.0,1975.0,0.05,0.19,38.0,0.0,15.0,0.0,95.0,251.0,396.0,647.0,156.0,396.0,552.0,2.27
rivière Sainte-Anne,Q3,02140000,1.294,0.452,117,2019,81.0,0.0,81.0,493.0,1855.0,0.04,0.31,27.0,0.0,9.0,0.0,81.0,300.0,612.0,912.0,219.0,612.0,831.0,3.5
rivière Sainte-Anne,Q3,02140000,1.294,0.452,117,2020,128.0,18.0,146.0,643.0,2059.0,0.07,0.38,36.0,2.0,13.0,2.0,148.0,355.0,780.0,1135.0,227.0,760.0,987.0,4.34
rivière Sainte-Anne,Q3,02140000,1.294,0.452,117,2021,151.0,0.0,151.0,573.0,2170.0,0.07,0.33,15.0,0.0,9.0,1.0,152.0,989.0,779.0,1768.0,837.0,779.0,1616.0,4.56
rivière Sainte-Anne,Q3,02140000,1.294,0.452,117,2022,59.0,0.0,59.0,591.0,2143.0,0.03,0.3,20.0,0.0,5.0,6.0,65.0,288.0,813.0,1101.0,227.0,809.0,1036.0,4.62
rivière Sainte-Anne,Q3,02140000,1.294,0.452,117,2023,22.0,0.0,22.0,355.0,1971.0,0.01,0.19,41.0,0.0,6.0,1.0,23.0,54.0,332.0,386.0,32.0,331.0,363.0,1.88
rivière Sainte-Anne,Q3,02140000,1.294,0.452,117,2024,4.0,0.0,4.0,133.0,1995.0,0.0,0.07,7.0,0.0,1.0,0.0,4.0,60.0,231.0,291.0,56.0,231.0,287.0,1.32
rivière Sainte-Anne,Q3,02140000,1.294,0.452,117,2025,0.0,0.0,0.0,295.0,1665.0,0.0,0.18,0.0,0.0,0.0,0.0,0.0,280.0,105.0,385.0,280.0,105.0,385.0,0.64
rivière Cap-Chat,Q3,02150000,1.187,0.358,118,1984,,,,,,,,,,,0.0,0.0,18.0,82.0,100.0,18.0,82.0,100.0,0.42
rivière Cap-Chat,Q3,02150000,1.187,0.358,118,1985,,,,,,,,,,,17.0,17.0,15.0,38.0,53.0,15.0,21.0,36.0,0.11
rivière Cap-Chat,Q3,02150000,1.187,0.358,118,1986,,,,,,,,,,,28.0,28.0,24.0,108.0,132.0,24.0,80.0,104.0,0.41
rivière Cap-Chat,Q3,02150000,1.187,0.358,118,1987,,,,,,,,,,,30.0,30.0,37.0,162.0,199.0,33.0,136.0,169.0,0.7
rivière Cap-Chat,Q3,02150000,1.187,0.358,118,1988,,,,,,,,,,,11.0,11.0,95.0,129.0,224.0,95.0,118.0,213.0,0.62
rivière Cap-Chat,Q3,02150000,1.187,0.358,118,1989,,,,,,,,,,,23.0,23.0,150.0,181.0,331.0,148.0,160.0,308.0,0.85
rivière Cap-Chat,Q3,02150000,1.187,0.358,118,1990,48.0,0.0,48.0,,266.0,0.18,,38.0,0.0,16.0,20.0,68.0,125.0,181.0,306.0,73.0,165.0,238.0,0.86
rivière Cap-Chat,Q3,02150000,1.187,0.358,118,1991,109.0,0.0,109.0,,246.0,0.44,,71.0,0.0,22.0,20.0,129.0,153.0,339.0,492.0,44.0,319.0,363.0,1.64
rivière Cap-Chat,Q3,02150000,1.187,0.358,118,1992,143.0,0.0,143.0,,307.0,0.47,,60.0,0.0,22.0,20.0,163.0,238.0,416.0,654.0,93.0,398.0,491.0,2.06
rivière Cap-Chat,Q3,02150000,1.187,0.358,118,1993,113.0,0.0,113.0,,435.0,0.26,,42.0,0.0,18.0,3.0,116.0,272.0,373.0,645.0,159.0,370.0,529.0,1.93
rivière Cap-Chat,Q3,02150000,1.187,0.358,118,1994,68.0,59.0,127.0,,613.0,0.21,,54.0,15.0,24.0,30.0,157.0,126.0,393.0,519.0,52.0,310.0,362.0,1.6
rivière Cap-Chat,Q3,02150000,1.187,0.358,118,1995,12.0,28.0,40.0,,486.0,0.08,,24.0,15.0,17.0,13.0,53.0,51.0,191.0,242.0,34.0,155.0,189.0,0.8
rivière Cap-Chat,Q3,02150000,1.187,0.358,118,1996,62.0,80.0,142.0,6.0,706.0,0.2,0.21,46.0,28.0,33.0,26.0,168.0,136.0,288.0,424.0,74.0,182.0,256.0,0.95
rivière Cap-Chat,Q3,02150000,1.187,0.358,118,1997,11.0,45.0,56.0,28.0,585.0,0.1,0.14,9.0,26.0,19.0,0.0,56.0,116.0,173.0,289.0,105.0,128.0,233.0,0.69
rivière Cap-Chat,Q3,02150000,1.187,0.358,118,1998,19.0,25.0,44.0,11.0,449.0,0.1,0.12,37.0,23.0,28.0,0.0,44.0,51.0,109.0,160.0,32.0,84.0,116.0,0.44
rivière Cap-Chat,Q3,02150000,1.187,0.358,118,1999,17.0,9.0,26.0,8.0,451.0,0.06,0.08,23.0,8.0,14.0,0.0,26.0,75.0,116.0,191.0,58.0,107.0,165.0,0.58
rivière Cap-Chat,Q3,02150000,1.187,0.358,118,2000,33.0,0.0,33.0,48.0,346.0,0.1,0.23,45.0,0.0,14.0,8.0,41.0,73.0,159.0,232.0,38.0,153.0,191.0,0.81
rivière Cap-Chat,Q3,02150000,1.187,0.358,118,2001,31.0,0.0,31.0,42.0,448.0,0.07,0.16,44.0,0.0,14.0,0.0,31.0,70.0,152.0,222.0,39.0,152.0,191.0,0.81
rivière Cap-Chat,Q3,02150000,1.187,0.358,118,2002,62.0,0.0,62.0,67.0,593.0,0.1,0.22,32.0,0.0,19.0,1.0,63.0,194.0,134.0,328.0,132.0,133.0,265.0,0.74
rivière Cap-Chat,Q3,02150000,1.187,0.358,118,2003,62.0,0.0,62.0,81.0,544.0,0.11,0.26,43.0,0.0,19.0,0.0,62.0,144.0,188.0,332.0,82.0,188.0,270.0,1.01
rivière Cap-Chat,Q3,02150000,1.187,0.358,118,2004,99.0,0.0,99.0,176.0,879.0,0.11,0.31,46.0,0.0,18.0,4.0,103.0,217.0,343.0,560.0,118.0,339.0,457.0,1.82
rivière Cap-Chat,Q3,02150000,1.187,0.358,118,2005,38.0,0.0,38.0,71.0,757.0,0.05,0.14,49.0,0.0,13.0,2.0,40.0,77.0,221.0,298.0,39.0,219.0,258.0,1.16
rivière Cap-Chat,Q3,02150000,1.187,0.358,118,2006,39.0,0.0,39.0,37.0,590.0,0.07,0.13,28.0,0.0,11.0,0.0,39.0,140.0,208.0,348.0,101.0,208.0,309.0,1.12
rivière Cap-Chat,Q3,02150000,1.187,0.358,118,2007,36.0,0.0,36.0,52.0,608.0,0.06,0.14,39.0,0.0,11.0,0.0,36.0,92.0,236.0,328.0,56.0,236.0,292.0,1.26
rivière Cap-Chat,Q3,02150000,1.187,0.358,118,2008,74.0,0.0,74.0,37.0,519.0,0.14,0.21,40.0,0.0,20.0,1.0,75.0,183.0,196.0,379.0,109.0,195.0,304.0,1.05
rivière Cap-Chat,Q3,02150000,1.187,0.358,118,2009,35.0,0.0,35.0,66.0,633.0,0.06,0.16,34.0,0.0,10.0,0.0,35.0,102.0,257.0,359.0,67.0,257.0,324.0,1.37
rivière Cap-Chat,Q3,02150000,1.187,0.358,118,2010,79.0,0.0,79.0,105.0,856.0,0.09,0.21,53.0,0.0,19.0,1.0,80.0,150.0,260.0,410.0,71.0,259.0,330.0,1.38
rivière Cap-Chat,Q3,02150000,1.187,0.358,118,2011,111.0,27.0,138.0,131.0,931.0,0.15,0.29,77.0,8.0,30.0,1.0,139.0,145.0,321.0,466.0,34.0,293.0,327.0,1.55
rivière Cap-Chat,Q3,02150000,1.187,0.358,118,2012,51.0,27.0,78.0,57.0,1022.0,0.08,0.13,52.0,14.0,26.0,1.0,79.0,99.0,197.0,296.0,48.0,169.0,217.0,0.9
rivière Cap-Chat,Q3,02150000,1.187,0.358,119,2013,48.0,0.0,48.0,91.0,987.0,0.05,0.14,31.0,0.0,11.0,1.0,49.0,155.0,292.0,447.0,107.0,291.0,398.0,1.56
rivière Cap-Chat,Q3,02150000,1.187,0.358,119,2014,31.0,0.0,31.0,74.0,991.0,0.03,0.11,47.0,0.0,11.0,0.0,31.0,66.0,220.0,286.0,35.0,220.0,255.0,1.17
rivière Cap-Chat,Q3,02150000,1.187,0.358,119,2015,89.0,0.0,89.0,116.0,1048.0,0.08,0.2,64.0,0.0,23.0,0.0,89.0,139.0,240.0,379.0,50.0,240.0,290.0,1.45
rivière Cap-Chat,Q3,02150000,1.187,0.358,119,2016,75.0,30.0,105.0,136.0,1105.0,0.1,0.22,25.0,8.0,16.0,0.0,105.0,305.0,371.0,676.0,230.0,341.0,571.0,2.08
rivière Cap-Chat,Q3,02150000,1.187,0.358,119,2017,32.0,31.0,63.0,117.0,1265.0,0.05,0.14,44.0,11.0,17.0,1.0,64.0,73.0,288.0,361.0,41.0,256.0,297.0,1.54
rivière Cap-Chat,Q3,02150000,1.187,0.358,119,2018,35.0,0.0,35.0,97.0,1220.0,0.03,0.11,42.0,0.0,14.0,1.0,36.0,83.0,169.0,252.0,48.0,168.0,216.0,1.02
rivière Cap-Chat,Q3,02150000,1.187,0.358,119,2019,37.0,0.0,37.0,121.0,928.0,0.04,0.17,36.0,0.0,12.0,1.0,38.0,103.0,204.0,307.0,66.0,203.0,269.0,1.23
rivière Cap-Chat,Q3,02150000,1.187,0.358,119,2020,45.0,0.0,45.0,110.0,1223.0,0.04,0.13,53.0,0.0,14.0,0.0,45.0,85.0,233.0,318.0,40.0,233.0,273.0,1.4
rivière Cap-Chat,Q3,02150000,1.187,0.358,119,2021,73.0,0.0,73.0,188.0,1431.0,0.05,0.18,49.0,0.0,23.0,0.0,73.0,150.0,164.0,314.0,77.0,164.0,241.0,1.0
rivière Cap-Chat,Q3,02150000,1.187,0.358,119,2022,50.0,0.0,50.0,222.0,1377.0,0.04,0.2,38.0,0.0,13.0,1.0,51.0,131.0,261.0,392.0,81.0,260.0,341.0,1.57
rivière Cap-Chat,Q3,02150000,1.187,0.358,119,2023,20.0,0.0,20.0,134.0,1331.0,0.02,0.12,48.0,0.0,7.0,1.0,21.0,42.0,226.0,268.0,22.0,225.0,247.0,1.35
rivière Cap-Chat,Q3,02150000,1.187,0.358,119,2024,3.0,0.0,3.0,38.0,946.0,0.0,0.04,16.0,0.0,4.0,0.0,3.0,19.0,63.0,82.0,16.0,63.0,79.0,0.38
rivière Cap-Chat,Q3,02150000,1.187,0.358,119,2025,0.0,0.0,0.0,146.0,933.0,0.0,0.16,0.0,0.0,0.0,0.0,0.0,86.0,46.0,132.0,86.0,46.0,132.0,0.29
rivière Matane,Q3,02160000,4.594,1.853,120,1984,215.0,455.0,670.0,,4489.0,0.15,,21.0,42.0,32.0,36.0,706.0,1019.0,1080.0,2099.0,,,1393.0,3.38
rivière Matane,Q3,02160000,4.594,1.853,120,1985,160.0,456.0,616.0,,4580.0,0.13,,17.0,39.0,29.0,0.0,616.0,917.0,1174.0,2091.0,,,1475.0,3.96
rivière Matane,Q3,02160000,4.594,1.853,120,1986,344.0,520.0,864.0,,6716.0,0.13,,14.0,36.0,22.0,0.0,864.0,2431.0,1436.0,3867.0,,,3003.0,5.46
rivière Matane,Q3,02160000,4.594,1.853,120,1987,254.0,489.0,743.0,,6100.0,0.12,,25.0,21.0,22.0,0.0,743.0,1033.0,2378.0,3411.0,,,2668.0,8.55
rivière Matane,Q3,02160000,4.594,1.853,120,1988,480.0,498.0,978.0,,6174.0,0.16,,51.0,20.0,29.0,19.0,997.0,934.0,2465.0,3399.0,,,2402.0,8.33
rivière Matane,Q3,02160000,4.594,1.853,120,1989,46.0,127.0,173.0,,1711.0,0.1,,4.0,14.0,8.0,0.0,173.0,1221.0,926.0,2147.0,,,1974.0,4.1
rivière Matane,Q3,02160000,4.594,1.853,120,1990,321.0,516.0,837.0,,5298.0,0.16,,25.0,34.0,30.0,0.0,837.0,1269.0,1538.0,2807.0,,,1970.0,5.03
rivière Matane,Q3,02160000,4.594,1.853,120,1991,372.0,482.0,854.0,,5165.0,0.17,,23.0,35.0,29.0,0.0,854.0,1596.0,1362.0,2958.0,,,2104.0,4.65
rivière Matane,Q3,02160000,4.594,1.853,120,1992,653.0,672.0,1325.0,,6710.0,0.2,,32.0,43.0,37.0,0.0,1325.0,2015.0,1578.0,3593.0,1362.0,906.0,2268.0,4.66
rivière Matane,Q3,02160000,4.594,1.853,120,1993,728.0,599.0,1327.0,,9014.0,0.15,,40.0,45.0,42.0,2.0,1329.0,1831.0,1337.0,3168.0,1103.0,736.0,1839.0,3.51
rivière Matane,Q3,02160000,4.594,1.853,120,1994,496.0,585.0,1081.0,,9568.0,0.11,,42.0,39.0,40.0,55.0,1136.0,1189.0,1487.0,2676.0,680.0,860.0,1540.0,4.29
rivière Matane,Q3,02160000,4.594,1.853,120,1995,306.0,273.0,579.0,,4836.0,0.12,,25.0,29.0,27.0,70.0,649.0,1221.0,934.0,2155.0,897.0,609.0,1506.0,3.21
rivière Matane,Q3,02160000,4.594,1.853,120,1996,531.0,505.0,1036.0,,6311.0,0.16,,34.0,37.0,35.0,22.0,1058.0,1571.0,1381.0,2952.0,1027.0,867.0,1894.0,4.79
rivière Matane,Q3,02160000,4.594,1.853,120,1997,462.0,456.0,918.0,,6089.0,0.15,,27.0,38.0,32.0,43.0,961.0,1685.0,1191.0,2876.0,1222.0,693.0,1915.0,3.88
rivière Matane,Q3,02160000,4.594,1.853,120,1998,409.0,424.0,833.0,,5746.0,0.14,,29.0,37.0,32.0,8.0,841.0,1433.0,1145.0,2578.0,1021.0,716.0,1737.0,3.93
rivière Matane,Q3,02160000,4.594,1.853,120,1999,271.0,337.0,608.0,,5169.0,0.12,,26.0,28.0,27.0,0.0,608.0,1046.0,1209.0,2255.0,775.0,861.0,1636.0,4.98
rivière Matane,Q3,02160000,4.594,1.853,120,2000,418.0,239.0,657.0,0.0,5458.0,0.12,0.12,24.0,26.0,25.0,0.0,657.0,1708.0,915.0,2623.0,1290.0,676.0,1966.0,3.83
rivière Matane,Q3,02160000,4.594,1.853,120,2001,360.0,391.0,751.0,0.0,5585.0,0.13,0.13,38.0,31.0,34.0,0.0,751.0,957.0,1242.0,2199.0,597.0,851.0,1448.0,4.6
rivière Matane,Q3,02160000,4.594,1.853,120,2002,609.0,207.0,816.0,25.0,5120.0,0.16,0.16,34.0,24.0,31.0,0.0,816.0,1768.0,870.0,2638.0,1160.0,663.0,1823.0,4.08
rivière Matane,Q3,02160000,4.594,1.853,120,2003,426.0,413.0,839.0,15.0,5737.0,0.15,0.15,28.0,31.0,30.0,23.0,862.0,1502.0,1330.0,2832.0,1075.0,895.0,1970.0,4.78
rivière Matane,Q3,02160000,4.594,1.853,120,2004,610.0,514.0,1124.0,3.0,6374.0,0.18,0.18,32.0,38.0,34.0,0.0,1124.0,1931.0,1360.0,3291.0,1321.0,946.0,2267.0,5.07
rivière Matane,Q3,02160000,4.594,1.853,120,2005,291.0,372.0,663.0,54.0,5556.0,0.12,0.13,30.0,25.0,27.0,22.0,685.0,986.0,1460.0,2446.0,693.0,1058.0,1751.0,5.34
rivière Matane,Q3,02160000,4.594,1.853,120,2006,655.0,198.0,853.0,72.0,5776.0,0.15,0.16,40.0,21.0,33.0,10.0,863.0,1632.0,926.0,2558.0,975.0,720.0,1695.0,4.12
rivière Matane,Q3,02160000,4.594,1.853,120,2007,489.0,596.0,1085.0,44.0,7267.0,0.15,0.16,36.0,39.0,38.0,3.0,1088.0,1341.0,1534.0,2875.0,852.0,935.0,1787.0,4.75
rivière Matane,Q3,02160000,4.594,1.853,120,2008,810.0,249.0,1059.0,44.0,6947.0,0.15,0.16,42.0,24.0,35.0,0.0,1059.0,1941.0,1054.0,2995.0,1165.0,812.0,1977.0,4.52
rivière Matane,Q3,02160000,4.594,1.853,120,2009,218.0,304.0,522.0,30.0,6021.0,0.09,0.09,27.0,24.0,25.0,18.0,540.0,819.0,1276.0,2095.0,601.0,954.0,1555.0,4.62
rivière Matane,Q3,02160000,4.594,1.853,120,2010,390.0,401.0,791.0,49.0,6640.0,0.12,0.13,42.0,29.0,35.0,0.0,791.0,918.0,1371.0,2289.0,528.0,970.0,1498.0,4.49
rivière Matane,Q3,02160000,4.594,1.853,120,2011,759.0,356.0,1115.0,114.0,7574.0,0.15,0.16,42.0,25.0,35.0,0.0,1115.0,1821.0,1397.0,3218.0,1062.0,1041.0,2103.0,5.7
rivière Matane,Q3,02160000,4.594,1.853,120,2012,523.0,350.0,873.0,47.0,6702.0,0.13,0.14,45.0,32.0,39.0,13.0,886.0,1155.0,1093.0,2248.0,631.0,731.0,1362.0,3.65
rivière Matane,Q3,02160000,4.594,1.853,121,2013,291.0,454.0,745.0,21.0,6193.0,0.12,0.12,49.0,27.0,33.0,0.0,745.0,597.0,1683.0,2280.0,306.0,1229.0,1535.0,5.68
rivière Matane,Q3,02160000,4.594,1.853,121,2014,267.0,38.0,305.0,85.0,3774.0,0.08,0.1,37.0,5.0,21.0,9.0,314.0,731.0,705.0,1436.0,463.0,659.0,1122.0,3.44
rivière Matane,Q3,02160000,4.594,1.853,121,2015,639.0,133.0,772.0,225.0,5169.0,0.15,0.19,44.0,13.0,31.0,16.0,788.0,1452.0,1037.0,2489.0,804.0,897.0,1701.0,4.6
rivière Matane,Q3,02160000,4.594,1.853,121,2016,953.0,225.0,1178.0,354.0,6334.0,0.19,0.24,45.0,16.0,33.0,23.0,1201.0,2127.0,1393.0,3520.0,1165.0,1154.0,2319.0,5.89
rivière Matane,Q3,02160000,4.594,1.853,121,2017,468.0,177.0,645.0,267.0,6198.0,0.1,0.15,52.0,14.0,30.0,40.0,685.0,893.0,1251.0,2144.0,411.0,1048.0,1459.0,6.45
rivière Matane,Q3,02160000,4.594,1.853,121,2018,294.0,0.0,294.0,299.0,5284.0,0.06,0.11,31.0,0.0,15.0,34.0,328.0,945.0,1055.0,2000.0,642.0,1030.0,1672.0,6.7
rivière Matane,Q3,02160000,4.594,1.853,121,2019,314.0,155.0,469.0,309.0,6982.0,0.07,0.11,41.0,13.0,23.0,50.0,519.0,765.0,1235.0,2000.0,435.0,1046.0,1481.0,5.59
rivière Matane,Q3,02160000,4.594,1.853,121,2020,328.0,171.0,499.0,413.0,7736.0,0.06,0.12,33.0,10.0,19.0,50.0,549.0,1009.0,1675.0,2684.0,662.0,1473.0,2135.0,8.5
rivière Matane,Q3,02160000,4.594,1.853,121,2021,427.0,54.0,481.0,390.0,7952.0,0.06,0.11,31.0,6.0,21.0,52.0,533.0,1382.0,957.0,2339.0,927.0,879.0,1806.0,5.6
rivière Matane,Q3,02160000,4.594,1.853,121,2022,343.0,90.0,433.0,316.0,8176.0,0.05,0.09,33.0,7.0,19.0,45.0,478.0,1050.0,1216.0,2266.0,693.0,1095.0,1788.0,6.27
rivière Matane,Q3,02160000,4.594,1.853,121,2023,151.0,0.0,151.0,272.0,6010.0,0.03,0.07,28.0,0.0,12.0,27.0,178.0,540.0,711.0,1251.0,381.0,692.0,1073.0,3.95
rivière Matane,Q3,02160000,4.594,1.853,121,2024,31.0,0.0,31.0,112.0,3274.0,0.01,0.04,18.0,0.0,7.0,8.0,39.0,177.0,279.0,456.0,143.0,274.0,417.0,1.56
rivière Matane,Q3,02160000,4.594,1.853,121,2025,0.0,0.0,0.0,521.0,3674.0,0.0,0.14,0.0,0.0,0.0,48.0,48.0,1224.0,249.0,1473.0,1187.0,238.0,1425.0,1.46
rivière Mitis,Q3,02190000,3.029,0.947,122,1984,10.0,59.0,69.0,,785.0,0.09,,13.0,13.0,13.0,20.0,89.0,76.0,447.0,523.0,,,434.0,1.11
rivière Mitis,Q3,02190000,3.029,0.947,122,1985,24.0,66.0,90.0,,816.0,0.11,,16.0,16.0,16.0,16.0,106.0,149.0,410.0,559.0,,,453.0,1.61
rivière Mitis,Q3,02190000,3.029,0.947,122,1986,61.0,45.0,106.0,,1181.0,0.09,,10.0,10.0,10.0,135.0,241.0,626.0,461.0,1087.0,,,846.0,1.92
rivière Mitis,Q3,02190000,3.029,0.947,122,1987,22.0,43.0,65.0,,996.0,0.07,,8.0,8.0,8.0,17.0,82.0,265.0,517.0,782.0,,,700.0,2.59
rivière Mitis,Q3,02190000,3.029,0.947,122,1988,42.0,48.0,90.0,,996.0,0.09,,11.0,11.0,11.0,52.0,142.0,371.0,424.0,795.0,,,653.0,1.41
rivière Mitis,Q3,02190000,3.029,0.947,122,1989,40.0,90.0,130.0,,996.0,0.13,,17.0,17.0,17.0,67.0,197.0,236.0,530.0,766.0,,,569.0,1.68
rivière Mitis,Q3,02190000,3.029,0.947,122,1990,30.0,27.0,57.0,,811.0,0.07,,7.0,7.0,7.0,91.0,148.0,426.0,384.0,810.0,,,662.0,1.27
rivière Mitis,Q3,02190000,3.029,0.947,122,1991,45.0,87.0,132.0,,996.0,0.13,,19.0,19.0,19.0,28.0,160.0,236.0,457.0,693.0,,,533.0,1.42
rivière Mitis,Q3,02190000,3.029,0.947,122,1992,105.0,157.0,262.0,,1747.0,0.15,,22.0,22.0,22.0,57.0,319.0,476.0,712.0,1188.0,,,869.0,1.84
rivière Mitis,Q3,02190000,3.029,0.947,122,1993,178.0,119.0,297.0,,1100.0,0.27,,31.0,31.0,31.0,6.0,303.0,583.0,389.0,972.0,,,669.0,1.47
rivière Mitis,Q3,02190000,3.029,0.947,122,1994,55.0,84.0,139.0,,1089.0,0.13,,25.0,21.0,22.0,14.0,153.0,222.0,401.0,623.0,167.0,303.0,470.0,1.46
rivière Mitis,Q3,02190000,3.029,0.947,122,1995,145.0,28.0,173.0,,968.0,0.18,,32.0,12.0,26.0,34.0,207.0,449.0,225.0,674.0,304.0,163.0,467.0,0.86
rivière Mitis,Q3,02190000,3.029,0.947,122,1996,215.0,77.0,292.0,,1136.0,0.26,,31.0,19.0,26.0,6.0,298.0,698.0,415.0,1113.0,483.0,332.0,815.0,1.65
rivière Mitis,Q3,02190000,3.029,0.947,122,1997,71.0,87.0,158.0,,1150.0,0.14,,25.0,18.0,21.0,40.0,198.0,282.0,478.0,760.0,214.0,348.0,562.0,1.68
rivière Mitis,Q3,02190000,3.029,0.947,122,1998,165.0,39.0,204.0,,1031.0,0.2,,30.0,16.0,26.0,6.0,210.0,544.0,241.0,785.0,378.0,197.0,575.0,1.06
rivière Mitis,Q3,02190000,3.029,0.947,122,1999,104.0,53.0,157.0,,962.0,0.16,,25.0,14.0,20.0,0.0,157.0,411.0,369.0,780.0,307.0,316.0,623.0,1.53
rivière Mitis,Q3,02190000,3.029,0.947,122,2000,185.0,45.0,230.0,34.0,989.0,0.23,0.27,37.0,19.0,31.0,0.0,230.0,503.0,237.0,740.0,318.0,192.0,510.0,1.1
rivière Mitis,Q3,02190000,3.029,0.947,122,2001,150.0,80.0,230.0,43.0,1276.0,0.18,0.21,34.0,20.0,27.0,0.0,230.0,436.0,407.0,843.0,284.0,322.0,606.0,1.64
rivière Mitis,Q3,02190000,3.029,0.947,122,2002,94.0,44.0,138.0,44.0,1070.0,0.13,0.17,29.0,18.0,24.0,0.0,138.0,325.0,239.0,564.0,231.0,195.0,426.0,1.14
rivière Mitis,Q3,02190000,3.029,0.947,122,2003,136.0,21.0,157.0,43.0,1038.0,0.15,0.19,25.0,10.0,21.0,0.0,157.0,544.0,211.0,755.0,408.0,190.0,598.0,1.06
rivière Mitis,Q3,02190000,3.029,0.947,122,2004,168.0,150.0,318.0,86.0,1419.0,0.22,0.28,28.0,22.0,25.0,0.0,318.0,603.0,677.0,1280.0,435.0,527.0,962.0,2.84
rivière Mitis,Q3,02190000,3.029,0.947,122,2005,105.0,48.0,153.0,52.0,1415.0,0.11,0.14,27.0,11.0,18.0,36.0,189.0,391.0,450.0,841.0,282.0,370.0,652.0,1.88
rivière Mitis,Q3,02190000,3.029,0.947,122,2006,115.0,27.0,142.0,23.0,1146.0,0.12,0.14,29.0,11.0,23.0,5.0,147.0,394.0,236.0,630.0,275.0,194.0,469.0,1.15
rivière Mitis,Q3,02190000,3.029,0.947,122,2007,93.0,64.0,157.0,51.0,1104.0,0.14,0.19,28.0,19.0,23.0,4.0,161.0,335.0,345.0,680.0,242.0,277.0,519.0,1.52
rivière Mitis,Q3,02190000,3.029,0.947,122,2008,352.0,83.0,435.0,74.0,1767.0,0.25,0.29,37.0,18.0,31.0,0.0,435.0,945.0,464.0,1409.0,593.0,381.0,974.0,1.99
rivière Mitis,Q3,02190000,3.029,0.947,122,2009,155.0,85.0,240.0,86.0,1691.0,0.14,0.19,41.0,13.0,24.0,17.0,257.0,380.0,634.0,1014.0,223.0,534.0,757.0,2.58
rivière Mitis,Q3,02190000,3.029,0.947,122,2010,145.0,81.0,226.0,42.0,1182.0,0.19,0.23,40.0,17.0,27.0,8.0,234.0,362.0,470.0,832.0,216.0,382.0,598.0,1.88
rivière Mitis,Q3,02190000,3.029,0.947,122,2011,344.0,97.0,441.0,56.0,1671.0,0.26,0.3,44.0,19.0,34.0,11.0,452.0,790.0,516.0,1306.0,443.0,411.0,854.0,2.24
rivière Mitis,Q3,02190000,3.029,0.947,122,2012,177.0,140.0,317.0,60.0,1628.0,0.19,0.23,44.0,24.0,32.0,23.0,340.0,400.0,580.0,980.0,205.0,435.0,640.0,2.11
rivière Mitis,Q3,02190000,3.029,0.947,123,2013,171.0,168.0,339.0,43.0,2200.0,0.15,0.17,42.0,24.0,31.0,24.0,363.0,406.0,692.0,1098.0,222.0,513.0,735.0,2.51
rivière Mitis,Q3,02190000,3.029,0.947,123,2014,72.0,5.0,77.0,45.0,968.0,0.08,0.13,30.0,2.0,15.0,0.0,77.0,239.0,290.0,529.0,167.0,285.0,452.0,1.52
rivière Mitis,Q3,02190000,3.029,0.947,123,2015,396.0,0.0,396.0,71.0,1721.0,0.23,0.27,41.0,0.0,26.0,15.0,411.0,957.0,558.0,1515.0,548.0,556.0,1104.0,3.25
rivière Mitis,Q3,02190000,3.029,0.947,123,2016,338.0,74.0,412.0,110.0,1867.0,0.22,0.28,31.0,9.0,21.0,184.0,596.0,1088.0,835.0,1923.0,690.0,637.0,1327.0,3.37
rivière Mitis,Q3,02190000,3.029,0.947,123,2017,148.0,0.0,148.0,212.0,2757.0,0.05,0.13,28.0,0.0,13.0,82.0,230.0,528.0,625.0,1153.0,330.0,593.0,923.0,3.92
rivière Mitis,Q3,02190000,3.029,0.947,123,2018,168.0,0.0,168.0,95.0,1354.0,0.12,0.19,24.0,0.0,15.0,121.0,289.0,710.0,400.0,1110.0,493.0,328.0,821.0,2.17
rivière Mitis,Q3,02190000,3.029,0.947,123,2019,128.0,0.0,128.0,157.0,1635.0,0.08,0.17,27.0,0.0,13.0,50.0,178.0,473.0,503.0,976.0,325.0,473.0,798.0,3.08
rivière Mitis,Q3,02190000,3.029,0.947,123,2020,208.0,46.0,254.0,188.0,2910.0,0.09,0.15,25.0,5.0,15.0,85.0,339.0,847.0,873.0,1720.0,584.0,797.0,1381.0,4.96
rivière Mitis,Q3,02190000,3.029,0.947,123,2021,277.0,30.0,307.0,255.0,3933.0,0.08,0.14,27.0,4.0,17.0,70.0,377.0,1014.0,759.0,1773.0,690.0,706.0,1396.0,4.03
rivière Mitis,Q3,02190000,3.029,0.947,123,2022,132.0,60.0,192.0,290.0,3620.0,0.05,0.13,28.0,6.0,12.0,75.0,267.0,467.0,1075.0,1542.0,292.0,983.0,1275.0,5.58
rivière Mitis,Q3,02190000,3.029,0.947,123,2023,55.0,0.0,55.0,207.0,3139.0,0.02,0.08,42.0,0.0,7.0,36.0,91.0,131.0,679.0,810.0,71.0,648.0,719.0,4.19
rivière Mitis,Q3,02190000,3.029,0.947,123,2024,22.0,0.0,22.0,85.0,1750.0,0.01,0.06,13.0,0.0,5.0,44.0,66.0,165.0,303.0,468.0,106.0,296.0,402.0,1.69
rivière Mitis,Q3,02190000,3.029,0.947,123,2025,4.0,0.0,4.0,320.0,1653.0,0.0,0.2,1.0,0.0,0.0,29.0,33.0,744.0,206.0,950.0,720.0,197.0,917.0,1.84
rivière Rimouski,Q3,02200000,1.445,0.438,124,1984,12.0,75.0,87.0,,1089.0,0.08,,36.0,37.0,37.0,0.0,87.0,33.0,205.0,238.0,,,151.0,0.49
rivière Rimouski,Q3,02200000,1.445,0.438,124,1985,29.0,67.0,96.0,,1197.0,0.08,,40.0,40.0,40.0,0.0,96.0,72.0,166.0,238.0,,,142.0,0.46
rivière Rimouski,Q3,02200000,1.445,0.438,124,1986,39.0,73.0,112.0,,1086.0,0.1,,54.0,54.0,54.0,0.0,112.0,72.0,135.0,207.0,,,95.0,0.31
rivière Rimouski,Q3,02200000,1.445,0.438,124,1987,29.0,18.0,47.0,,748.0,0.06,,24.0,24.0,24.0,2.0,49.0,120.0,75.0,195.0,,,146.0,0.47
rivière Rimouski,Q3,02200000,1.445,0.438,124,1988,54.0,44.0,98.0,,1000.0,0.1,,32.0,31.0,32.0,20.0,118.0,171.0,140.0,311.0,,,193.0,0.62
rivière Rimouski,Q3,02200000,1.445,0.438,124,1989,14.0,50.0,64.0,,945.0,0.07,,27.0,27.0,27.0,28.0,92.0,52.0,186.0,238.0,,,146.0,0.47
rivière Rimouski,Q3,02200000,1.445,0.438,124,1990,4.0,7.0,11.0,,945.0,0.01,,5.0,5.0,5.0,15.0,26.0,87.0,151.0,238.0,,,212.0,0.68
rivière Rimouski,Q3,02200000,1.445,0.438,124,1991,11.0,2.0,13.0,,945.0,0.01,,5.0,5.0,5.0,16.0,29.0,201.0,37.0,238.0,,,209.0,0.67
rivière Rimouski,Q3,02200000,1.445,0.438,124,1992,58.0,47.0,105.0,,1050.0,0.1,,40.0,41.0,40.0,7.0,112.0,144.0,116.0,260.0,,,148.0,0.4
rivière Rimouski,Q3,02200000,1.445,0.438,124,1993,27.0,5.0,32.0,,1340.0,0.02,,13.0,13.0,13.0,10.0,42.0,208.0,38.0,246.0,,,204.0,0.45
rivière Rimouski,Q3,02200000,1.445,0.438,124,1994,25.0,13.0,38.0,,326.0,0.12,,45.0,16.0,28.0,25.0,63.0,55.0,79.0,134.0,20.0,51.0,71.0,0.27
rivière Rimouski,Q3,02200000,1.445,0.438,124,1995,13.0,1.0,14.0,,179.0,0.08,,36.0,2.0,15.0,15.0,29.0,36.0,58.0,94.0,15.0,50.0,65.0,0.27
rivière Rimouski,Q3,02200000,1.445,0.438,124,1996,56.0,12.0,68.0,,373.0,0.18,,25.0,16.0,23.0,8.0,76.0,226.0,76.0,302.0,170.0,56.0,226.0,0.32
rivière Rimouski,Q3,02200000,1.445,0.438,124,1997,12.0,0.0,12.0,,63.0,0.19,,15.0,0.0,8.0,26.0,38.0,81.0,71.0,152.0,58.0,56.0,114.0,0.34
rivière Rimouski,Q3,02200000,1.445,0.438,124,1998,5.0,0.0,5.0,,88.0,0.06,,10.0,0.0,4.0,15.0,20.0,51.0,77.0,128.0,40.0,68.0,108.0,0.41
rivière Rimouski,Q3,02200000,1.445,0.438,124,1999,7.0,0.0,7.0,,112.0,0.06,,4.0,0.0,3.0,17.0,24.0,156.0,113.0,269.0,136.0,109.0,245.0,0.67
rivière Rimouski,Q3,02200000,1.445,0.438,124,2000,10.0,0.0,10.0,11.0,198.0,0.05,0.11,5.0,0.0,3.0,15.0,25.0,211.0,85.0,296.0,192.0,79.0,271.0,0.51
rivière Rimouski,Q3,02200000,1.445,0.438,124,2001,17.0,0.0,17.0,7.0,248.0,0.07,0.1,11.0,0.0,4.0,32.0,49.0,152.0,265.0,417.0,117.0,251.0,368.0,1.5
rivière Rimouski,Q3,02200000,1.445,0.438,124,2002,13.0,0.0,13.0,8.0,279.0,0.05,0.08,7.0,0.0,5.0,15.0,28.0,193.0,47.0,240.0,180.0,26.0,206.0,0.2
rivière Rimouski,Q3,02200000,1.445,0.438,124,2003,36.0,0.0,36.0,13.0,214.0,0.17,0.23,13.0,0.0,9.0,3.0,39.0,269.0,112.0,381.0,233.0,109.0,342.0,0.7
rivière Rimouski,Q3,02200000,1.445,0.438,124,2004,29.0,0.0,29.0,43.0,206.0,0.14,0.35,12.0,0.0,9.0,18.0,47.0,248.0,77.0,325.0,216.0,62.0,278.0,0.42
rivière Rimouski,Q3,02200000,1.445,0.438,124,2005,17.0,0.0,17.0,12.0,210.0,0.08,0.14,6.0,0.0,4.0,19.0,36.0,307.0,137.0,444.0,289.0,119.0,408.0,0.78
rivière Rimouski,Q3,02200000,1.445,0.438,124,2006,58.0,0.0,58.0,12.0,354.0,0.16,0.2,16.0,0.0,13.0,28.0,86.0,358.0,97.0,455.0,290.0,79.0,369.0,0.54
rivière Rimouski,Q3,02200000,1.445,0.438,124,2007,112.0,0.0,112.0,33.0,639.0,0.18,0.23,29.0,0.0,23.0,27.0,139.0,386.0,108.0,494.0,271.0,84.0,355.0,0.56
rivière Rimouski,Q3,02200000,1.445,0.438,124,2008,58.0,0.0,58.0,36.0,683.0,0.08,0.14,20.0,0.0,13.0,10.0,68.0,294.0,151.0,445.0,232.0,145.0,377.0,0.91
rivière Rimouski,Q3,02200000,1.445,0.438,124,2009,79.0,0.0,79.0,31.0,821.0,0.1,0.13,24.0,0.0,17.0,26.0,105.0,323.0,134.0,457.0,239.0,113.0,352.0,0.73
rivière Rimouski,Q3,02200000,1.445,0.438,124,2010,78.0,0.0,78.0,60.0,809.0,0.1,0.17,20.0,0.0,13.0,13.0,91.0,398.0,214.0,612.0,306.0,201.0,507.0,1.26
rivière Rimouski,Q3,02200000,1.445,0.438,124,2011,83.0,0.0,83.0,81.0,946.0,0.09,0.17,19.0,0.0,12.0,35.0,118.0,429.0,276.0,705.0,342.0,245.0,587.0,1.53
rivière Rimouski,Q3,02200000,1.445,0.438,124,2012,93.0,0.0,93.0,33.0,741.0,0.13,0.17,34.0,0.0,19.0,14.0,107.0,274.0,206.0,480.0,176.0,191.0,367.0,1.16
rivière Rimouski,Q3,02200000,1.445,0.438,125,2013,59.0,0.0,59.0,106.0,916.0,0.06,0.18,20.0,0.0,8.0,30.0,89.0,294.0,420.0,714.0,223.0,371.0,594.0,2.23
rivière Rimouski,Q3,02200000,1.445,0.438,125,2014,31.0,0.0,31.0,35.0,624.0,0.05,0.11,16.0,0.0,7.0,18.0,49.0,200.0,239.0,439.0,154.0,236.0,390.0,1.44
rivière Rimouski,Q3,02200000,1.445,0.438,125,2015,211.0,0.0,211.0,111.0,845.0,0.25,0.38,24.0,0.0,19.0,41.0,252.0,889.0,198.0,1087.0,647.0,188.0,835.0,1.28
rivière Rimouski,Q3,02200000,1.445,0.438,125,2016,158.0,0.0,158.0,179.0,1279.0,0.12,0.26,29.0,0.0,17.0,33.0,191.0,547.0,366.0,913.0,377.0,345.0,722.0,2.17
rivière Rimouski,Q3,02200000,1.445,0.438,125,2017,47.0,0.0,47.0,38.0,663.0,0.07,0.13,17.0,0.0,9.0,15.0,62.0,278.0,251.0,529.0,219.0,248.0,467.0,1.55
rivière Rimouski,Q3,02200000,1.445,0.438,125,2018,76.0,0.0,76.0,85.0,850.0,0.09,0.19,25.0,0.0,12.0,18.0,94.0,304.0,341.0,645.0,215.0,336.0,551.0,2.09
rivière Rimouski,Q3,02200000,1.445,0.438,125,2019,89.0,0.0,89.0,125.0,1297.0,0.07,0.16,21.0,0.0,11.0,21.0,110.0,426.0,365.0,791.0,325.0,356.0,681.0,2.22
rivière Rimouski,Q3,02200000,1.445,0.438,125,2020,49.0,0.0,49.0,80.0,896.0,0.05,0.14,18.0,0.0,6.0,21.0,70.0,273.0,571.0,844.0,206.0,568.0,774.0,3.74
rivière Rimouski,Q3,02200000,1.445,0.438,125,2021,116.0,0.0,116.0,105.0,1222.0,0.09,0.18,19.0,0.0,12.0,23.0,139.0,601.0,335.0,936.0,464.0,331.0,795.0,2.24
rivière Rimouski,Q3,02200000,1.445,0.438,125,2022,57.0,0.0,57.0,146.0,1338.0,0.04,0.15,19.0,0.0,7.0,25.0,82.0,306.0,510.0,816.0,231.0,496.0,727.0,3.28
rivière Rimouski,Q3,02200000,1.445,0.438,125,2023,19.0,0.0,19.0,72.0,1020.0,0.02,0.09,28.0,0.0,6.0,12.0,31.0,68.0,267.0,335.0,42.0,262.0,304.0,1.59
rivière Rimouski,Q3,02200000,1.445,0.438,125,2024,0.0,0.0,0.0,19.0,519.0,0.0,0.04,0.0,0.0,0.0,16.0,16.0,49.0,109.0,158.0,34.0,108.0,142.0,0.72
rivière Rimouski,Q3,02200000,1.445,0.438,125,2025,0.0,0.0,0.0,105.0,584.0,0.0,0.18,0.0,0.0,0.0,13.0,13.0,314.0,87.0,401.0,303.0,85.0,388.0,0.66
rivière du Sud-Ouest,Q3,02220000,0.092,0.028,126,1984,,,,,,,,,,,,,,,,,,,
rivière du Sud-Ouest,Q3,02220000,0.092,0.028,126,1985,,,,,,,,,,,,,,,,,,,
rivière du Sud-Ouest,Q3,02220000,0.092,0.028,126,1986,,,,,,,,,,,,,,,,,,,
rivière du Sud-Ouest,Q3,02220000,0.092,0.028,126,1987,,,,,,,,,,,,,,,,,,,
rivière du Sud-Ouest,Q3,02220000,0.092,0.028,126,1988,,,,,,,,,,,,,,,,,,,
rivière du Sud-Ouest,Q3,02220000,0.092,0.028,126,1989,,,,,,,,,,,,,,,,,,,
rivière du Sud-Ouest,Q3,02220000,0.092,0.028,126,1990,,,,,,,,,,,,,,,,,,,
rivière du Sud-Ouest,Q3,02220000,0.092,0.028,126,1991,,,,,,,,,,,,,,,,,,,
rivière du Sud-Ouest,Q3,02220000,0.092,0.028,126,1992,,,,,,,,,,,,,,,21.0,,,,
rivière du Sud-Ouest,Q3,02220000,0.092,0.028,126,1993,,,,,,,,,,,,,,,,,,,
rivière du Sud-Ouest,Q3,02220000,0.092,0.028,126,1994,,,,,,,,,,,,,,,,,,,
rivière du Sud-Ouest,Q3,02220000,0.092,0.028,126,1995,,,,,,,,,,,,,,,,,,,
rivière du Sud-Ouest,Q3,02220000,0.092,0.028,126,1996,,,,,,,,,,,,,,,,,,,
rivière du Sud-Ouest,Q3,02220000,0.092,0.028,126,1997,,,,,,,,,,,,,,,,,,,
rivière du Sud-Ouest,Q3,02220000,0.092,0.028,126,1998,,,,,,,,,,,,,,,,,,,
rivière du Sud-Ouest,Q3,02220000,0.092,0.028,126,1999,,,,,,,,,,,,,,,,,,,
rivière du Sud-Ouest,Q3,02220000,0.092,0.028,126,2000,,,,,,,,,,,,,,,,,,,
rivière du Sud-Ouest,Q3,02220000,0.092,0.028,126,2001,,,,,,,,,,,,,,,,,,,
rivière du Sud-Ouest,Q3,02220000,0.092,0.028,126,2002,,,,,,,,,,,,,,,,,,,
rivière du Sud-Ouest,Q3,02220000,0.092,0.028,126,2003,,,,,,,,,,,,,,,,,,,
rivière du Sud-Ouest,Q3,02220000,0.092,0.028,126,2004,,,,,,,,,,,,,,,,,,,
rivière du Sud-Ouest,Q3,02220000,0.092,0.028,126,2005,,,,,,,,,,,,,,,,,,,
rivière du Sud-Ouest,Q3,02220000,0.092,0.028,126,2006,,,,,,,,,,,,,,,,,,,
rivière du Sud-Ouest,Q3,02220000,0.092,0.028,126,2007,,,,,,,,,,,,,,,,,,,
rivière du Sud-Ouest,Q3,02220000,0.092,0.028,126,2008,,,,,,,,,,,,,,,,,,,
rivière du Sud-Ouest,Q3,02220000,0.092,0.028,126,2009,,,,,,,,,,,,,,,,,,,
rivière du Sud-Ouest,Q3,02220000,0.092,0.028,126,2010,,,,,,,,,,,,,,,,,,,
rivière du Sud-Ouest,Q3,02220000,0.092,0.028,126,2011,,,,,,,,,,,,,,,,,,,
rivière du Sud-Ouest,Q3,02220000,0.092,0.028,126,2012,,,,,,,,,,,,,,,,,,,
rivière du Sud-Ouest,Q3,02220000,0.092,0.028,127,2013,,,,,,,,,,,,,,,,,,,
rivière du Sud-Ouest,Q3,02220000,0.092,0.028,127,2014,,,,,,,,,,,,,,,,,,,
rivière du Sud-Ouest,Q3,02220000,0.092,0.028,127,2015,,,,,,,,,,,,,,,,,,,
rivière du Sud-Ouest,Q3,02220000,0.092,0.028,127,2016,,,,,,,,,,,,,,,,,,,
rivière du Sud-Ouest,Q3,02220000,0.092,0.028,127,2017,,,,,,,,,,,,,,,,,,,
rivière du Sud-Ouest,Q3,02220000,0.092,0.028,127,2018,,,,,,,,,,,,,,,,,,,
rivière du Sud-Ouest,Q3,02220000,0.092,0.028,127,2019,,,,,,,,,,,,,,,,,,,
rivière du Sud-Ouest,Q3,02220000,0.092,0.028,127,2020,,,,,,,,,,,,,,,,,,,
rivière du Sud-Ouest,Q3,02220000,0.092,0.028,127,2021,,,,,,,,,,,,,,,,,,,
rivière du Sud-Ouest,Q3,02220000,0.092,0.028,127,2022,,,,,,,,,,,,,,,,,,,
rivière du Sud-Ouest,Q3,02220000,0.092,0.028,127,2023,,,,,,,,,,,,,,,,,,,
rivière du Sud-Ouest,Q3,02220000,0.092,0.028,127,2024,,,,,,,,,,,,,,,,,,,
rivière du Sud-Ouest,Q3,02220000,0.092,0.028,127,2025,,,,,,,,,,,,,,,,,,,
rivière Ouelle,Q3,02270000,1.634,0.499,128,1984,76.0,26.0,102.0,,617.0,0.17,,29.0,29.0,29.0,30.0,132.0,262.0,90.0,352.0,,,220.0,
rivière Ouelle,Q3,02270000,1.634,0.499,128,1985,27.0,39.0,66.0,,734.0,0.09,,14.0,14.0,14.0,41.0,107.0,187.0,270.0,457.0,,,350.0,
rivière Ouelle,Q3,02270000,1.634,0.499,128,1986,57.0,76.0,133.0,,1365.0,0.1,,14.0,14.0,14.0,197.0,330.0,420.0,560.0,980.0,,,650.0,1.09
rivière Ouelle,Q3,02270000,1.634,0.499,128,1987,21.0,21.0,42.0,,521.0,0.08,,8.0,8.0,8.0,366.0,408.0,270.0,270.0,540.0,,,132.0,0.2
rivière Ouelle,Q3,02270000,1.634,0.499,128,1988,94.0,60.0,154.0,,1134.0,0.14,,32.0,32.0,32.0,75.0,229.0,297.0,190.0,487.0,,,258.0,0.31
rivière Ouelle,Q3,02270000,1.634,0.499,128,1989,104.0,70.0,174.0,,1611.0,0.11,,14.0,14.0,14.0,442.0,616.0,722.0,486.0,1208.0,,,592.0,0.74
rivière Ouelle,Q3,02270000,1.634,0.499,128,1990,70.0,208.0,278.0,,2291.0,0.12,,20.0,20.0,20.0,271.0,549.0,345.0,1025.0,1370.0,,,821.0,1.72
rivière Ouelle,Q3,02270000,1.634,0.499,128,1991,26.0,38.0,64.0,,940.0,0.07,,13.0,13.0,13.0,160.0,224.0,198.0,290.0,488.0,,,264.0,0.45
rivière Ouelle,Q3,02270000,1.634,0.499,128,1992,128.0,60.0,188.0,,1237.0,0.15,,11.0,11.0,11.0,22.0,210.0,1137.0,533.0,1670.0,,,1460.0,2.99
rivière Ouelle,Q3,02270000,1.634,0.499,128,1993,18.0,29.0,47.0,,1140.0,0.04,,9.0,9.0,9.0,22.0,69.0,191.0,309.0,500.0,,,431.0,0.72
rivière Ouelle,Q3,02270000,1.634,0.499,128,1994,119.0,18.0,137.0,,646.0,0.21,,25.0,25.0,25.0,9.0,146.0,476.0,72.0,548.0,,,402.0,0.42
rivière Ouelle,Q3,02270000,1.634,0.499,128,1995,20.0,28.0,48.0,,704.0,0.07,,7.0,7.0,7.0,48.0,96.0,302.0,422.0,724.0,,,628.0,2.15
rivière Ouelle,Q3,02270000,1.634,0.499,128,1996,230.0,60.0,290.0,,926.0,0.31,,25.0,25.0,25.0,8.0,298.0,920.0,240.0,1160.0,,,862.0,0.95
rivière Ouelle,Q3,02270000,1.634,0.499,128,1997,24.0,46.0,70.0,,529.0,0.13,,,,,28.0,98.0,,,,,,,
rivière Ouelle,Q3,02270000,1.634,0.499,128,1998,38.0,31.0,69.0,,472.0,0.15,,,,,10.0,79.0,,,,,,,
rivière Ouelle,Q3,02270000,1.634,0.499,128,1999,38.0,31.0,69.0,,731.0,0.09,,,,,21.0,90.0,,,,,,,
rivière Ouelle,Q3,02270000,1.634,0.499,128,2000,58.0,25.0,83.0,0.0,475.0,0.17,0.17,,,,22.0,105.0,,,,,,,
rivière Ouelle,Q3,02270000,1.634,0.499,128,2001,22.0,39.0,61.0,0.0,588.0,0.1,0.1,,,,17.0,78.0,,,,,,,
rivière Ouelle,Q3,02270000,1.634,0.499,128,2002,17.0,8.0,25.0,0.0,395.0,0.06,0.06,,,,10.0,35.0,,,,,,,
rivière Ouelle,Q3,02270000,1.634,0.499,128,2003,63.0,26.0,89.0,0.0,666.0,0.13,0.13,,,,0.0,89.0,,,,,,,
rivière Ouelle,Q3,02270000,1.634,0.499,128,2004,8.0,49.0,57.0,5.0,518.0,0.11,0.12,,,,0.0,57.0,,,,,,,
rivière Ouelle,Q3,02270000,1.634,0.499,128,2005,23.0,5.0,28.0,0.0,108.0,0.26,0.26,,,,0.0,28.0,,,,,,,
rivière Ouelle,Q3,02270000,1.634,0.499,128,2006,7.0,12.0,19.0,0.0,145.0,0.13,0.13,,,,0.0,19.0,,,,,,,
rivière Ouelle,Q3,02270000,1.634,0.499,128,2007,48.0,6.0,54.0,0.0,234.0,0.23,0.23,,,,1.0,55.0,,,,,,,
rivière Ouelle,Q3,02270000,1.634,0.499,128,2008,75.0,27.0,102.0,0.0,338.0,0.3,0.3,,,,0.0,102.0,,,,,,,
rivière Ouelle,Q3,02270000,1.634,0.499,128,2009,11.0,68.0,79.0,0.0,427.0,0.19,0.19,,,,0.0,79.0,,,,,,,
rivière Ouelle,Q3,02270000,1.634,0.499,128,2010,15.0,4.0,19.0,0.0,229.0,0.08,0.08,,,,3.0,22.0,,,,,,,
rivière Ouelle,Q3,02270000,1.634,0.499,128,2011,30.0,25.0,55.0,15.0,458.0,0.12,0.15,,,,0.0,55.0,,,,,,,
rivière Ouelle,Q3,02270000,1.634,0.499,128,2012,10.0,5.0,15.0,6.0,160.0,0.09,0.13,,,,0.0,15.0,,,,,,,
rivière Ouelle,Q3,02270000,1.634,0.499,129,2013,11.0,18.0,29.0,0.0,316.0,0.09,0.09,,,,0.0,29.0,,,,,,,
rivière Ouelle,Q3,02270000,1.634,0.499,129,2014,12.0,0.0,12.0,5.0,231.0,0.05,0.07,,,,0.0,12.0,,,,,,,
rivière Ouelle,Q3,02270000,1.634,0.499,129,2015,46.0,0.0,46.0,15.0,261.0,0.18,0.23,,,,1.0,47.0,,,,,,,
rivière Ouelle,Q3,02270000,1.634,0.499,129,2016,6.0,0.0,6.0,15.0,228.0,0.03,0.09,,,,1.0,7.0,,,,,,,
rivière Ouelle,Q3,02270000,1.634,0.499,129,2017,0.0,0.0,0.0,3.0,,,,,,,0.0,0.0,,,,,,,
rivière Ouelle,Q3,02270000,1.634,0.499,129,2018,0.0,0.0,0.0,0.0,,,,0.0,0.0,0.0,0.0,0.0,8.0,17.0,25.0,8.0,17.0,25.0,0.1
rivière Ouelle,Q3,02270000,1.634,0.499,129,2019,0.0,0.0,0.0,1.0,78.0,0.0,0.01,0.0,0.0,0.0,0.0,0.0,5.0,26.0,31.0,5.0,26.0,31.0,0.15
rivière Ouelle,Q3,02270000,1.634,0.499,129,2020,,,,,,,,,,,,,33.0,16.0,49.0,33.0,16.0,49.0,0.11
rivière Ouelle,Q3,02270000,1.634,0.499,129,2021,,,,,,,,,,,,,,,,,,,
rivière Ouelle,Q3,02270000,1.634,0.499,129,2022,,,,,,,,,,,,,,,,,,,
rivière Ouelle,Q3,02270000,1.634,0.499,129,2023,,,,,,,,,,,,,,,,,,,
rivière Ouelle,Q3,02270000,1.634,0.499,129,2024,,,,,,,,,,,,,,,,,,,
rivière Ouelle,Q3,02270000,1.634,0.499,129,2025,,,,,,,,,,,,,,,,,,,
rivière Jacques-Cartier,Q5,05080000,5.068,1.588,130,1984,31.0,3.0,34.0,,708.0,0.05,,21.0,19.0,21.0,0.0,34.0,145.0,16.0,161.0,114.0,13.0,127.0,0.13
rivière Jacques-Cartier,Q5,05080000,5.068,1.588,130,1985,1.0,7.0,8.0,,63.0,0.13,,1.0,3.0,2.0,40.0,48.0,94.0,247.0,341.0,82.0,211.0,293.0,0.84
rivière Jacques-Cartier,Q5,05080000,5.068,1.588,130,1986,11.0,10.0,21.0,,83.0,0.25,,20.0,4.0,7.0,15.0,36.0,55.0,231.0,286.0,41.0,209.0,250.0,0.78
rivière Jacques-Cartier,Q5,05080000,5.068,1.588,130,1987,1.0,2.0,3.0,,361.0,0.01,,2.0,3.0,2.0,6.0,9.0,54.0,69.0,123.0,50.0,64.0,114.0,0.27
rivière Jacques-Cartier,Q5,05080000,5.068,1.588,130,1988,0.0,0.0,0.0,,,,,0.0,0.0,0.0,8.0,8.0,5.0,47.0,52.0,4.0,40.0,44.0,0.15
rivière Jacques-Cartier,Q5,05080000,5.068,1.588,130,1989,15.0,0.0,15.0,,361.0,0.04,,3.0,0.0,2.0,54.0,69.0,574.0,42.0,616.0,507.0,40.0,547.0,0.51
rivière Jacques-Cartier,Q5,05080000,5.068,1.588,130,1990,46.0,20.0,66.0,,1000.0,0.07,,10.0,3.0,6.0,32.0,98.0,455.0,735.0,1190.0,405.0,687.0,1092.0,2.79
rivière Jacques-Cartier,Q5,05080000,5.068,1.588,130,1991,64.0,13.0,77.0,,720.0,0.11,,22.0,2.0,9.0,0.0,77.0,297.0,557.0,854.0,233.0,544.0,777.0,2.06
rivière Jacques-Cartier,Q5,05080000,5.068,1.588,130,1992,66.0,35.0,101.0,20.0,779.0,0.13,0.16,27.0,10.0,17.0,15.0,116.0,246.0,362.0,608.0,175.0,317.0,492.0,1.22
rivière Jacques-Cartier,Q5,05080000,5.068,1.588,130,1993,15.0,6.0,21.0,3.0,499.0,0.04,0.05,16.0,6.0,11.0,5.0,26.0,91.0,93.0,184.0,76.0,82.0,158.0,0.35
rivière Jacques-Cartier,Q5,05080000,5.068,1.588,130,1994,112.0,0.0,112.0,3.0,735.0,0.15,0.16,22.0,0.0,20.0,28.0,140.0,498.0,70.0,568.0,386.0,42.0,428.0,0.47
rivière Jacques-Cartier,Q5,05080000,5.068,1.588,130,1995,32.0,41.0,73.0,13.0,974.0,0.07,0.09,13.0,5.0,7.0,35.0,108.0,238.0,864.0,1102.0,206.0,788.0,994.0,3.03
rivière Jacques-Cartier,Q5,05080000,5.068,1.588,130,1996,54.0,13.0,67.0,,846.0,0.08,,17.0,4.0,10.0,41.0,108.0,310.0,347.0,657.0,256.0,293.0,549.0,1.26
rivière Jacques-Cartier,Q5,05080000,5.068,1.588,130,1997,25.0,26.0,51.0,,509.0,0.1,,8.0,9.0,9.0,20.0,71.0,301.0,281.0,582.0,276.0,235.0,511.0,1.1
rivière Jacques-Cartier,Q5,05080000,5.068,1.588,130,1998,12.0,10.0,22.0,,666.0,0.03,,9.0,5.0,7.0,5.0,27.0,141.0,194.0,335.0,129.0,179.0,308.0,0.75
rivière Jacques-Cartier,Q5,05080000,5.068,1.588,130,1999,57.0,29.0,86.0,,980.0,0.09,,9.0,17.0,10.0,46.0,132.0,652.0,169.0,821.0,595.0,94.0,689.0,0.92
rivière Jacques-Cartier,Q5,05080000,5.068,1.588,130,2000,20.0,22.0,42.0,,872.0,0.05,,9.0,6.0,7.0,30.0,72.0,213.0,348.0,561.0,193.0,296.0,489.0,1.25
rivière Jacques-Cartier,Q5,05080000,5.068,1.588,130,2001,24.0,0.0,24.0,,359.0,0.07,,16.0,0.0,7.0,42.0,66.0,149.0,192.0,341.0,125.0,150.0,275.0,0.66
rivière Jacques-Cartier,Q5,05080000,5.068,1.588,130,2002,7.0,0.0,7.0,1.0,283.0,0.02,0.03,6.0,0.0,4.0,18.0,25.0,110.0,89.0,199.0,94.0,80.0,174.0,0.36
rivière Jacques-Cartier,Q5,05080000,5.068,1.588,130,2003,12.0,0.0,12.0,0.0,115.0,0.1,0.1,12.0,0.0,7.0,12.0,24.0,103.0,60.0,163.0,91.0,48.0,139.0,0.25
rivière Jacques-Cartier,Q5,05080000,5.068,1.588,130,2004,10.0,0.0,10.0,4.0,112.0,0.09,0.13,5.0,0.0,4.0,37.0,47.0,199.0,79.0,278.0,172.0,59.0,231.0,0.36
rivière Jacques-Cartier,Q5,05080000,5.068,1.588,130,2005,4.0,0.0,4.0,4.0,66.0,0.06,0.12,5.0,0.0,2.0,42.0,46.0,88.0,159.0,247.0,77.0,124.0,201.0,0.53
rivière Jacques-Cartier,Q5,05080000,5.068,1.588,130,2006,,,,,,,,,,,8.0,8.0,107.0,111.0,218.0,105.0,105.0,210.0,0.47
rivière Jacques-Cartier,Q5,05080000,5.068,1.588,130,2007,,,,,,,,,,,12.0,12.0,141.0,84.0,225.0,140.0,73.0,213.0,0.39
rivière Jacques-Cartier,Q5,05080000,5.068,1.588,130,2008,,,,,,,,,,,48.0,48.0,313.0,171.0,484.0,293.0,143.0,436.0,0.77
rivière Jacques-Cartier,Q5,05080000,5.068,1.588,130,2009,,,,,,,,,,,26.0,26.0,171.0,129.0,300.0,164.0,110.0,274.0,0.55
rivière Jacques-Cartier,Q5,05080000,5.068,1.588,130,2010,,,,,,,,,,,38.0,38.0,174.0,216.0,390.0,166.0,186.0,352.0,0.88
rivière Jacques-Cartier,Q5,05080000,5.068,1.588,130,2011,,,,,,,,,,,52.0,52.0,308.0,447.0,755.0,275.0,428.0,703.0,1.96
rivière Jacques-Cartier,Q5,05080000,5.068,1.588,130,2012,,,,,,,,,,,20.0,20.0,78.0,257.0,335.0,72.0,243.0,315.0,1.06
rivière Jacques-Cartier,Q5,05080000,5.068,1.588,131,2013,,,,,,,,,,,21.0,21.0,58.0,211.0,269.0,52.0,196.0,248.0,0.85
rivière Jacques-Cartier,Q5,05080000,5.068,1.588,131,2014,,,,,,,,,,,19.0,19.0,134.0,86.0,220.0,129.0,72.0,201.0,0.38
rivière Jacques-Cartier,Q5,05080000,5.068,1.588,131,2015,,,,,,,,,,,12.0,12.0,459.0,156.0,615.0,454.0,149.0,603.0,0.9
rivière Jacques-Cartier,Q5,05080000,5.068,1.588,131,2016,,,,,,,,,,,16.0,16.0,205.0,404.0,609.0,204.0,389.0,593.0,1.75
rivière Jacques-Cartier,Q5,05080000,5.068,1.588,131,2017,,,,,,,,,,,8.0,8.0,142.0,250.0,392.0,140.0,244.0,384.0,1.1
rivière Jacques-Cartier,Q5,05080000,5.068,1.588,131,2018,,,,,,,,,,,4.0,4.0,132.0,146.0,278.0,131.0,143.0,274.0,0.67
rivière Jacques-Cartier,Q5,05080000,5.068,1.588,131,2019,,,,,,,,,,,17.0,17.0,152.0,165.0,317.0,151.0,149.0,300.0,0.71
rivière Jacques-Cartier,Q5,05080000,5.068,1.588,131,2020,,,,,,,,,,,30.0,30.0,168.0,270.0,438.0,154.0,254.0,408.0,1.15
rivière Jacques-Cartier,Q5,05080000,5.068,1.588,131,2021,,,,,,,,,,,22.0,22.0,193.0,217.0,410.0,180.0,208.0,388.0,0.98
rivière Jacques-Cartier,Q5,05080000,5.068,1.588,131,2022,,,,,,,,,,,23.0,23.0,265.0,302.0,567.0,255.0,289.0,544.0,1.36
rivière Jacques-Cartier,Q5,05080000,5.068,1.588,131,2023,,,,,,,,,,,1.0,1.0,25.0,408.0,433.0,25.0,407.0,432.0,1.72
rivière Jacques-Cartier,Q5,05080000,5.068,1.588,131,2024,,,,,,,,,,,0.0,0.0,52.0,48.0,100.0,52.0,48.0,100.0,0.23
rivière Jacques-Cartier,Q5,05080000,5.068,1.588,131,2025,,,,,,,,,,,4.0,4.0,148.0,45.0,193.0,146.0,43.0,189.0,0.27
rivière du Gouffre,Q5,05130000,1.938,0.595,132,1984,2.0,9.0,11.0,,548.0,0.02,,10.0,53.0,29.0,0.0,11.0,21.0,17.0,38.0,19.0,8.0,27.0,0.06
rivière du Gouffre,Q5,05130000,1.938,0.595,132,1985,3.0,13.0,16.0,,235.0,0.07,,10.0,22.0,18.0,4.0,20.0,29.0,60.0,89.0,26.0,43.0,69.0,0.19
rivière du Gouffre,Q5,05130000,1.938,0.595,132,1986,9.0,7.0,16.0,,192.0,0.08,,,,,0.0,16.0,,,,,,,
rivière du Gouffre,Q5,05130000,1.938,0.595,132,1987,14.0,8.0,22.0,,272.0,0.08,,,,,0.0,22.0,,,,,,,
rivière du Gouffre,Q5,05130000,1.938,0.595,132,1988,35.0,36.0,71.0,,610.0,0.12,,,,,0.0,71.0,,,,,,,
rivière du Gouffre,Q5,05130000,1.938,0.595,132,1989,18.0,45.0,63.0,,773.0,0.08,,,,,0.0,63.0,,,,,,,
rivière du Gouffre,Q5,05130000,1.938,0.595,132,1990,24.0,47.0,71.0,,1551.0,0.05,,,,,0.0,71.0,,,,,,,
rivière du Gouffre,Q5,05130000,1.938,0.595,132,1991,42.0,44.0,86.0,,1502.0,0.06,,,,,0.0,86.0,,,,,,,
rivière du Gouffre,Q5,05130000,1.938,0.595,132,1992,22.0,63.0,85.0,,1267.0,0.07,,,,,13.0,98.0,,,,,,,
rivière du Gouffre,Q5,05130000,1.938,0.595,132,1993,24.0,28.0,52.0,,1080.0,0.05,,,,31.0,3.0,55.0,,,169.0,50.0,64.0,114.0,0.27
rivière du Gouffre,Q5,05130000,1.938,0.595,132,1994,19.0,55.0,74.0,,958.0,0.08,,,,,15.0,89.0,,,,,,,
rivière du Gouffre,Q5,05130000,1.938,0.595,132,1995,30.0,57.0,87.0,,1106.0,0.08,,,,,25.0,112.0,,,,,,,
rivière du Gouffre,Q5,05130000,1.938,0.595,132,1996,67.0,60.0,127.0,,1140.0,0.11,,,,,16.0,143.0,,,,,,,
rivière du Gouffre,Q5,05130000,1.938,0.595,132,1997,13.0,77.0,90.0,,932.0,0.1,,,,,24.0,114.0,,,,,,,
rivière du Gouffre,Q5,05130000,1.938,0.595,132,1998,68.0,45.0,113.0,,1162.0,0.1,,,,,0.0,113.0,,,,,,,
rivière du Gouffre,Q5,05130000,1.938,0.595,132,1999,28.0,56.0,84.0,,1279.0,0.07,,,,,2.0,86.0,,,,,,,
rivière du Gouffre,Q5,05130000,1.938,0.595,132,2000,73.0,52.0,125.0,,1482.0,0.08,,,,,0.0,125.0,,,,,,,
rivière du Gouffre,Q5,05130000,1.938,0.595,132,2001,44.0,59.0,103.0,20.0,1580.0,0.07,0.08,,,,2.0,105.0,,,,,,,
rivière du Gouffre,Q5,05130000,1.938,0.595,132,2002,29.0,5.0,34.0,35.0,755.0,0.05,0.09,,,,2.0,36.0,,,,,,,
rivière du Gouffre,Q5,05130000,1.938,0.595,132,2003,99.0,0.0,99.0,59.0,970.0,0.1,0.16,,,,0.0,99.0,,,,,,,
rivière du Gouffre,Q5,05130000,1.938,0.595,132,2004,78.0,0.0,78.0,100.0,978.0,0.08,0.18,68.0,0.0,40.0,0.0,78.0,114.0,79.0,193.0,36.0,79.0,115.0,0.22
rivière du Gouffre,Q5,05130000,1.938,0.595,132,2005,91.0,0.0,91.0,100.0,1351.0,0.07,0.14,71.0,0.0,42.0,0.0,91.0,128.0,90.0,218.0,37.0,90.0,127.0,0.25
rivière du Gouffre,Q5,05130000,1.938,0.595,132,2006,51.0,0.0,51.0,50.0,1213.0,0.04,0.08,,,,1.0,52.0,,,,,,,
rivière du Gouffre,Q5,05130000,1.938,0.595,132,2007,69.0,0.0,69.0,75.0,1349.0,0.05,0.11,100.0,0.0,36.0,1.0,70.0,69.0,124.0,193.0,0.0,123.0,123.0,0.32
rivière du Gouffre,Q5,05130000,1.938,0.595,132,2008,173.0,0.0,173.0,150.0,1470.0,0.12,0.22,,,,0.0,173.0,,,,,,,
rivière du Gouffre,Q5,05130000,1.938,0.595,132,2009,68.0,0.0,68.0,100.0,1871.0,0.04,0.09,,,,0.0,68.0,,,,,,,
rivière du Gouffre,Q5,05130000,1.938,0.595,132,2010,60.0,0.0,60.0,89.0,1631.0,0.04,0.09,88.0,0.0,17.0,2.0,62.0,68.0,281.0,349.0,8.0,279.0,287.0,1.17
rivière du Gouffre,Q5,05130000,1.938,0.595,132,2011,167.0,0.0,167.0,257.0,1863.0,0.09,0.23,,,,0.0,167.0,,,,,,,
rivière du Gouffre,Q5,05130000,1.938,0.595,132,2012,91.0,0.0,91.0,145.0,2263.0,0.04,0.1,,,,0.0,91.0,,,,,,,
rivière du Gouffre,Q5,05130000,1.938,0.595,133,2013,47.0,0.0,47.0,167.0,2561.0,0.02,0.08,,,,0.0,47.0,,,,,,,
rivière du Gouffre,Q5,05130000,1.938,0.595,133,2014,58.0,0.0,58.0,44.0,1971.0,0.03,0.05,,,,0.0,58.0,,,,,,,
rivière du Gouffre,Q5,05130000,1.938,0.595,133,2015,164.0,0.0,164.0,254.0,2663.0,0.06,0.16,,,,18.0,182.0,,,,,,,
rivière du Gouffre,Q5,05130000,1.938,0.595,133,2016,77.0,0.0,77.0,154.0,2206.0,0.03,0.1,,,,11.0,88.0,,,,,,,
rivière du Gouffre,Q5,05130000,1.938,0.595,133,2017,48.0,0.0,48.0,107.0,2472.0,0.02,0.06,,,,8.0,56.0,,,,,,,
rivière du Gouffre,Q5,05130000,1.938,0.595,133,2018,75.0,0.0,75.0,189.0,2898.0,0.03,0.09,,,,13.0,88.0,,,,,,,
rivière du Gouffre,Q5,05130000,1.938,0.595,133,2019,58.0,0.0,58.0,180.0,2990.0,0.02,0.08,33.0,0.0,11.0,12.0,70.0,175.0,352.0,527.0,112.0,345.0,457.0,1.51
rivière du Gouffre,Q5,05130000,1.938,0.595,133,2020,46.0,0.0,46.0,245.0,3539.0,0.01,0.08,44.0,0.0,8.0,17.0,63.0,104.0,509.0,613.0,50.0,500.0,550.0,1.88
rivière du Gouffre,Q5,05130000,1.938,0.595,133,2021,19.0,0.0,19.0,85.0,3295.0,0.01,0.03,8.0,0.0,4.0,6.0,25.0,243.0,232.0,475.0,223.0,227.0,450.0,1.0
rivière du Gouffre,Q5,05130000,1.938,0.595,133,2022,52.0,0.0,52.0,275.0,2383.0,0.02,0.14,,,,19.0,71.0,,,,,,,
rivière du Gouffre,Q5,05130000,1.938,0.595,133,2023,7.0,0.0,7.0,345.0,1916.0,0.0,0.18,,,,23.0,30.0,,,,,,,
rivière du Gouffre,Q5,05130000,1.938,0.595,133,2024,2.0,0.0,2.0,108.0,1344.0,0.0,0.08,,,,8.0,10.0,,,,,,,
rivière du Gouffre,Q5,05130000,1.938,0.595,133,2025,0.0,0.0,0.0,73.0,920.0,0.0,0.08,,,,5.0,5.0,,,,,,,
rivière Malbaie,Q5,05150000,2.896,0.906,134,1984,,,,,,,,,,,,,,,,,,,
rivière Malbaie,Q5,05150000,2.896,0.906,134,1985,,,,,,,,,,,,,,,,,,,
rivière Malbaie,Q5,05150000,2.896,0.906,134,1986,,,,,,,,,,,,,,,,,,,
rivière Malbaie,Q5,05150000,2.896,0.906,134,1987,,,,,,,,,,,,,,,,,,,
rivière Malbaie,Q5,05150000,2.896,0.906,134,1988,,,,,,,,,,,,,,,,,,,
rivière Malbaie,Q5,05150000,2.896,0.906,134,1989,,,,,,,,,,,,,,,,,,,
rivière Malbaie,Q5,05150000,2.896,0.906,134,1990,,,,,,,,,,,,,,,,,,,
rivière Malbaie,Q5,05150000,2.896,0.906,134,1991,,,,,,,,,,,,,,,,,,,
rivière Malbaie,Q5,05150000,2.896,0.906,134,1992,,,,,,,,,,,,,,,,,,,
rivière Malbaie,Q5,05150000,2.896,0.906,134,1993,,,,,,,,,,,,,,,,,,,
rivière Malbaie,Q5,05150000,2.896,0.906,134,1994,,,,,,,,,,,,,,,,,,,
rivière Malbaie,Q5,05150000,2.896,0.906,134,1995,,,,,,,,,,,,,,,,,,,
rivière Malbaie,Q5,05150000,2.896,0.906,134,1996,,,,,,,,,,,,,,,,,,,
rivière Malbaie,Q5,05150000,2.896,0.906,134,1997,,,,,,,,,,,22.0,22.0,264.0,128.0,392.0,249.0,121.0,370.0,0.71
rivière Malbaie,Q5,05150000,2.896,0.906,134,1998,0.0,1.0,1.0,,483.0,0.0,,0.0,1.0,0.0,29.0,30.0,245.0,145.0,390.0,225.0,135.0,360.0,0.74
rivière Malbaie,Q5,05150000,2.896,0.906,134,1999,32.0,0.0,32.0,,515.0,0.06,,16.0,0.0,11.0,20.0,52.0,206.0,83.0,289.0,169.0,68.0,237.0,0.42
rivière Malbaie,Q5,05150000,2.896,0.906,134,2000,9.0,0.0,9.0,12.0,308.0,0.03,0.07,11.0,0.0,8.0,12.0,21.0,84.0,36.0,120.0,73.0,26.0,99.0,0.18
rivière Malbaie,Q5,05150000,2.896,0.906,134,2001,13.0,0.0,13.0,3.0,265.0,0.05,0.06,16.0,0.0,11.0,15.0,28.0,82.0,35.0,117.0,63.0,26.0,89.0,0.16
rivière Malbaie,Q5,05150000,2.896,0.906,134,2002,21.0,0.0,21.0,7.0,562.0,0.04,0.05,18.0,0.0,12.0,16.0,37.0,117.0,52.0,169.0,92.0,40.0,132.0,0.24
rivière Malbaie,Q5,05150000,2.896,0.906,134,2003,41.0,0.0,41.0,12.0,333.0,0.12,0.16,18.0,0.0,11.0,10.0,51.0,234.0,131.0,365.0,191.0,123.0,314.0,0.63
rivière Malbaie,Q5,05150000,2.896,0.906,134,2004,16.0,0.0,16.0,19.0,245.0,0.07,0.14,7.0,0.0,4.0,27.0,43.0,224.0,196.0,420.0,198.0,179.0,377.0,0.89
rivière Malbaie,Q5,05150000,2.896,0.906,134,2005,3.0,0.0,3.0,2.0,263.0,0.01,0.02,3.0,0.0,2.0,12.0,15.0,102.0,74.0,176.0,94.0,67.0,161.0,0.36
rivière Malbaie,Q5,05150000,2.896,0.906,134,2006,24.0,0.0,24.0,10.0,316.0,0.08,0.11,12.0,0.0,8.0,18.0,42.0,207.0,82.0,289.0,178.0,69.0,247.0,0.44
rivière Malbaie,Q5,05150000,2.896,0.906,134,2007,34.0,0.0,34.0,8.0,388.0,0.09,0.11,13.0,0.0,10.0,27.0,61.0,264.0,73.0,337.0,226.0,50.0,276.0,0.43
rivière Malbaie,Q5,05150000,2.896,0.906,134,2008,87.0,0.0,87.0,32.0,578.0,0.15,0.21,12.0,0.0,8.0,14.0,101.0,744.0,288.0,1032.0,649.0,282.0,931.0,1.63
rivière Malbaie,Q5,05150000,2.896,0.906,134,2009,43.0,0.0,43.0,55.0,614.0,0.07,0.16,13.0,0.0,6.0,33.0,76.0,343.0,358.0,701.0,294.0,331.0,625.0,1.57
rivière Malbaie,Q5,05150000,2.896,0.906,134,2010,70.0,0.0,70.0,39.0,593.0,0.12,0.18,15.0,0.0,10.0,24.0,94.0,454.0,230.0,684.0,373.0,217.0,590.0,1.25
rivière Malbaie,Q5,05150000,2.896,0.906,134,2011,126.0,0.0,126.0,148.0,881.0,0.14,0.31,21.0,0.0,15.0,41.0,167.0,588.0,266.0,854.0,450.0,237.0,687.0,1.39
rivière Malbaie,Q5,05150000,2.896,0.906,134,2012,72.0,0.0,72.0,86.0,1110.0,0.06,0.14,29.0,0.0,16.0,27.0,99.0,245.0,203.0,448.0,163.0,186.0,349.0,0.98
rivière Malbaie,Q5,05150000,2.896,0.906,135,2013,36.0,0.0,36.0,120.0,1302.0,0.03,0.12,18.0,0.0,6.0,6.0,42.0,195.0,361.0,556.0,155.0,359.0,514.0,1.79
rivière Malbaie,Q5,05150000,2.896,0.906,135,2014,62.0,0.0,62.0,51.0,1701.0,0.04,0.07,18.0,0.0,13.0,0.0,62.0,354.0,126.0,480.0,292.0,126.0,418.0,0.77
rivière Malbaie,Q5,05150000,2.896,0.906,135,2015,173.0,0.0,173.0,169.0,1881.0,0.09,0.18,23.0,0.0,18.0,14.0,187.0,746.0,228.0,974.0,569.0,218.0,787.0,1.37
rivière Malbaie,Q5,05150000,2.896,0.906,135,2016,98.0,0.0,98.0,220.0,2620.0,0.04,0.12,21.0,0.0,11.0,23.0,121.0,472.0,447.0,919.0,372.0,426.0,798.0,2.23
rivière Malbaie,Q5,05150000,2.896,0.906,135,2017,47.0,0.0,47.0,157.0,2942.0,0.02,0.07,18.0,0.0,9.0,13.0,60.0,259.0,290.0,549.0,210.0,279.0,489.0,1.44
rivière Malbaie,Q5,05150000,2.896,0.906,135,2018,75.0,0.0,75.0,137.0,2422.0,0.03,0.09,28.0,0.0,14.0,13.0,88.0,269.0,258.0,527.0,191.0,248.0,439.0,1.28
rivière Malbaie,Q5,05150000,2.896,0.906,135,2019,77.0,0.0,77.0,221.0,2383.0,0.03,0.13,27.0,0.0,14.0,17.0,94.0,289.0,267.0,556.0,209.0,253.0,462.0,1.32
rivière Malbaie,Q5,05150000,2.896,0.906,135,2020,69.0,0.0,69.0,264.0,3073.0,0.02,0.11,23.0,0.0,10.0,21.0,90.0,304.0,397.0,701.0,234.0,377.0,611.0,1.92
rivière Malbaie,Q5,05150000,2.896,0.906,135,2021,111.0,0.0,111.0,214.0,2978.0,0.04,0.11,35.0,0.0,15.0,17.0,128.0,317.0,425.0,742.0,203.0,411.0,614.0,2.06
rivière Malbaie,Q5,05150000,2.896,0.906,135,2022,115.0,0.0,115.0,270.0,2937.0,0.04,0.13,30.0,0.0,15.0,20.0,135.0,383.0,405.0,788.0,266.0,387.0,653.0,1.99
rivière Malbaie,Q5,05150000,2.896,0.906,135,2023,5.0,0.0,5.0,215.0,1859.0,0.0,0.12,14.0,0.0,1.0,15.0,20.0,36.0,462.0,498.0,31.0,448.0,479.0,2.13
rivière Malbaie,Q5,05150000,2.896,0.906,135,2024,5.0,0.0,5.0,45.0,1781.0,0.0,0.03,15.0,0.0,4.0,4.0,9.0,34.0,79.0,113.0,28.0,77.0,105.0,0.38
rivière Malbaie,Q5,05150000,2.896,0.906,135,2025,0.0,0.0,0.0,126.0,1014.0,0.0,0.12,0.0,0.0,0.0,10.0,10.0,207.0,28.0,235.0,199.0,27.0,226.0,0.25
rivière Petit Saguenay,Q6,06010000,1.63,0.498,136,1984,20.0,14.0,34.0,,142.0,0.24,,,,,0.0,34.0,,,,,,,
rivière Petit Saguenay,Q6,06010000,1.63,0.498,136,1985,4.0,48.0,52.0,,277.0,0.19,,,,,0.0,52.0,,,,,,,
rivière Petit Saguenay,Q6,06010000,1.63,0.498,136,1986,13.0,47.0,60.0,,360.0,0.17,,,,,0.0,60.0,,,,,,,
rivière Petit Saguenay,Q6,06010000,1.63,0.498,136,1987,21.0,22.0,43.0,,377.0,0.11,,,,,0.0,43.0,,,,,,,
rivière Petit Saguenay,Q6,06010000,1.63,0.498,136,1988,15.0,16.0,31.0,,262.0,0.12,,,,,0.0,31.0,,,,,,,
rivière Petit Saguenay,Q6,06010000,1.63,0.498,136,1989,16.0,30.0,46.0,,364.0,0.13,,,,,0.0,46.0,,,,,,,
rivière Petit Saguenay,Q6,06010000,1.63,0.498,136,1990,18.0,36.0,54.0,,428.0,0.13,,,,,9.0,63.0,,,,,,,
rivière Petit Saguenay,Q6,06010000,1.63,0.498,136,1991,17.0,15.0,32.0,,416.0,0.08,,,,,9.0,41.0,,,,,,,
rivière Petit Saguenay,Q6,06010000,1.63,0.498,136,1992,33.0,50.0,83.0,,450.0,0.18,,,,,12.0,95.0,,,,,,,
rivière Petit Saguenay,Q6,06010000,1.63,0.498,136,1993,20.0,16.0,36.0,,412.0,0.09,,18.0,27.0,21.0,0.0,36.0,114.0,60.0,174.0,94.0,44.0,138.0,0.24
rivière Petit Saguenay,Q6,06010000,1.63,0.498,136,1994,17.0,18.0,35.0,,377.0,0.09,,,,,17.0,52.0,,,,,,,
rivière Petit Saguenay,Q6,06010000,1.63,0.498,136,1995,18.0,19.0,37.0,,307.0,0.12,,13.0,10.0,11.0,21.0,58.0,144.0,182.0,326.0,126.0,142.0,268.0,0.64
rivière Petit Saguenay,Q6,06010000,1.63,0.498,136,1996,72.0,54.0,126.0,,470.0,0.27,,,,,24.0,150.0,,,,,,,
rivière Petit Saguenay,Q6,06010000,1.63,0.498,136,1997,28.0,51.0,79.0,10.0,545.0,0.14,0.16,,,,41.0,120.0,,,,,,,
rivière Petit Saguenay,Q6,06010000,1.63,0.498,136,1998,39.0,40.0,79.0,4.0,645.0,0.12,0.13,,,,20.0,99.0,,,,,,,
rivière Petit Saguenay,Q6,06010000,1.63,0.498,136,1999,56.0,17.0,73.0,3.0,596.0,0.12,0.13,,,,18.0,91.0,,,,,,,
rivière Petit Saguenay,Q6,06010000,1.63,0.498,136,2000,58.0,29.0,87.0,5.0,494.0,0.18,0.19,,,,19.0,106.0,,,,,,,
rivière Petit Saguenay,Q6,06010000,1.63,0.498,136,2001,25.0,46.0,71.0,13.0,506.0,0.14,0.17,28.0,26.0,27.0,15.0,86.0,89.0,178.0,267.0,64.0,117.0,181.0,0.58
rivière Petit Saguenay,Q6,06010000,1.63,0.498,136,2002,20.0,2.0,22.0,5.0,272.0,0.08,0.1,34.0,4.0,21.0,0.0,22.0,59.0,46.0,105.0,39.0,44.0,83.0,0.2
rivière Petit Saguenay,Q6,06010000,1.63,0.498,136,2003,42.0,0.0,42.0,22.0,325.0,0.13,0.2,45.0,0.0,35.0,7.0,49.0,93.0,27.0,120.0,51.0,20.0,71.0,0.11
rivière Petit Saguenay,Q6,06010000,1.63,0.498,136,2004,19.0,0.0,19.0,65.0,403.0,0.05,0.21,51.0,0.0,26.0,16.0,35.0,37.0,36.0,73.0,18.0,20.0,38.0,0.1
rivière Petit Saguenay,Q6,06010000,1.63,0.498,136,2005,15.0,0.0,15.0,14.0,305.0,0.05,0.1,21.0,0.0,12.0,12.0,27.0,72.0,54.0,126.0,57.0,42.0,99.0,0.23
rivière Petit Saguenay,Q6,06010000,1.63,0.498,136,2006,14.0,0.0,14.0,27.0,371.0,0.04,0.11,45.0,0.0,16.0,9.0,23.0,31.0,57.0,88.0,17.0,48.0,65.0,0.2
rivière Petit Saguenay,Q6,06010000,1.63,0.498,136,2007,13.0,0.0,13.0,25.0,303.0,0.04,0.13,13.0,0.0,6.0,14.0,27.0,98.0,106.0,204.0,85.0,92.0,177.0,0.47
rivière Petit Saguenay,Q6,06010000,1.63,0.498,136,2008,41.0,0.0,41.0,46.0,463.0,0.09,0.19,,,,21.0,62.0,,,,,,,
rivière Petit Saguenay,Q6,06010000,1.63,0.498,136,2009,10.0,0.0,10.0,29.0,424.0,0.02,0.09,,,,11.0,21.0,,,,,,,
rivière Petit Saguenay,Q6,06010000,1.63,0.498,136,2010,17.0,0.0,17.0,18.0,325.0,0.05,0.11,29.0,0.0,10.0,8.0,25.0,58.0,110.0,168.0,40.0,103.0,143.0,0.54
rivière Petit Saguenay,Q6,06010000,1.63,0.498,136,2011,18.0,0.0,18.0,100.0,441.0,0.04,0.27,,,,16.0,34.0,,,,,,,
rivière Petit Saguenay,Q6,06010000,1.63,0.498,136,2012,1.0,0.0,1.0,44.0,371.0,0.0,0.12,,,,11.0,12.0,,,,,,,
rivière Petit Saguenay,Q6,06010000,1.63,0.498,137,2013,6.0,0.0,6.0,42.0,404.0,0.01,0.12,,,,4.0,10.0,,,,,,,
rivière Petit Saguenay,Q6,06010000,1.63,0.498,137,2014,3.0,0.0,3.0,18.0,272.0,0.01,0.08,,,,2.0,5.0,,,,,,,
rivière Petit Saguenay,Q6,06010000,1.63,0.498,137,2015,13.0,0.0,13.0,49.0,353.0,0.04,0.18,,,,4.0,17.0,,,,,,,
rivière Petit Saguenay,Q6,06010000,1.63,0.498,137,2016,2.0,0.0,2.0,78.0,447.0,0.0,0.18,,,,10.0,12.0,,,,,,,
rivière Petit Saguenay,Q6,06010000,1.63,0.498,137,2017,9.0,0.0,9.0,35.0,517.0,0.02,0.09,18.0,0.0,7.0,7.0,16.0,49.0,76.0,125.0,38.0,71.0,109.0,0.38
rivière Petit Saguenay,Q6,06010000,1.63,0.498,137,2018,9.0,0.0,9.0,21.0,382.0,0.02,0.08,16.0,0.0,6.0,4.0,13.0,57.0,83.0,140.0,47.0,80.0,127.0,0.43
rivière Petit Saguenay,Q6,06010000,1.63,0.498,137,2019,3.0,0.0,3.0,24.0,300.0,0.01,0.09,10.0,0.0,3.0,2.0,5.0,29.0,57.0,86.0,25.0,56.0,81.0,0.3
rivière Petit Saguenay,Q6,06010000,1.63,0.498,137,2020,3.0,0.0,3.0,39.0,487.0,0.01,0.09,,,,5.0,8.0,,,,,,,
rivière Petit Saguenay,Q6,06010000,1.63,0.498,137,2021,5.0,0.0,5.0,13.0,336.0,0.01,0.05,14.0,0.0,7.0,4.0,9.0,36.0,32.0,68.0,31.0,28.0,59.0,0.16
rivière Petit Saguenay,Q6,06010000,1.63,0.498,137,2022,0.0,0.0,0.0,19.0,264.0,0.0,0.07,,,,2.0,2.0,,,,,,,
rivière Petit Saguenay,Q6,06010000,1.63,0.498,137,2023,0.0,0.0,0.0,10.0,144.0,0.0,0.07,0.0,0.0,0.0,1.0,1.0,2.0,33.0,35.0,2.0,32.0,34.0,0.16
rivière Petit Saguenay,Q6,06010000,1.63,0.498,137,2024,0.0,0.0,0.0,4.0,77.0,0.0,0.05,0.0,0.0,0.0,0.0,0.0,12.0,10.0,22.0,12.0,10.0,22.0,0.06
rivière Petit Saguenay,Q6,06010000,1.63,0.498,137,2025,0.0,0.0,0.0,14.0,67.0,0.0,0.21,0.0,0.0,0.0,1.0,1.0,38.0,17.0,55.0,37.0,17.0,54.0,0.11
rivière Saint-Jean,Q6,06020000,0.476,0.126,138,1984,93.0,57.0,150.0,,545.0,0.28,,,,33.0,0.0,150.0,,,450.0,,,300.0,0.56
rivière Saint-Jean,Q6,06020000,0.476,0.126,138,1985,11.0,133.0,144.0,,549.0,0.26,,,,32.0,0.0,144.0,,,444.0,,,300.0,1.32
rivière Saint-Jean,Q6,06020000,0.476,0.126,138,1986,124.0,120.0,244.0,,669.0,0.36,,,,45.0,0.0,244.0,,,544.0,,,300.0,0.83
rivière Saint-Jean,Q6,06020000,0.476,0.126,138,1987,89.0,93.0,182.0,,841.0,0.22,,,,36.0,0.0,182.0,,,507.0,,,325.0,0.8
rivière Saint-Jean,Q6,06020000,0.476,0.126,138,1988,89.0,116.0,205.0,,825.0,0.25,,,,41.0,0.0,205.0,,,505.0,,,300.0,0.83
rivière Saint-Jean,Q6,06020000,0.476,0.126,138,1989,97.0,96.0,193.0,,921.0,0.21,,,,44.0,0.0,193.0,,,443.0,,,250.0,0.66
rivière Saint-Jean,Q6,06020000,0.476,0.126,138,1990,92.0,169.0,261.0,,959.0,0.27,,,,47.0,0.0,261.0,,,561.0,,,300.0,0.99
rivière Saint-Jean,Q6,06020000,0.476,0.126,138,1991,84.0,78.0,162.0,,913.0,0.18,,,,32.0,0.0,162.0,,,512.0,,,350.0,0.81
rivière Saint-Jean,Q6,06020000,0.476,0.126,138,1992,75.0,126.0,201.0,,955.0,0.21,,,,40.0,0.0,201.0,,,501.0,,,300.0,1.04
rivière Saint-Jean,Q6,06020000,0.476,0.126,138,1993,50.0,44.0,94.0,,907.0,0.1,,,,40.0,0.0,94.0,,,234.0,,,140.0,0.55
rivière Saint-Jean,Q6,06020000,0.476,0.126,138,1994,55.0,42.0,97.0,,708.0,0.14,,,,33.0,0.0,97.0,,,297.0,,,200.0,0.53
rivière Saint-Jean,Q6,06020000,0.476,0.126,138,1995,14.0,24.0,38.0,,453.0,0.08,,,,19.0,0.0,38.0,,,198.0,,,160.0,0.68
rivière Saint-Jean,Q6,06020000,0.476,0.126,138,1996,52.0,40.0,92.0,,441.0,0.21,,,,,45.0,137.0,,,,,,,
rivière Saint-Jean,Q6,06020000,0.476,0.126,138,1997,44.0,21.0,65.0,,569.0,0.11,,,,25.0,0.0,65.0,,,265.0,,,200.0,0.61
rivière Saint-Jean,Q6,06020000,0.476,0.126,138,1998,13.0,23.0,36.0,,492.0,0.07,,,,19.0,0.0,36.0,,,186.0,,,150.0,0.56
rivière Saint-Jean,Q6,06020000,0.476,0.126,138,1999,34.0,9.0,43.0,,273.0,0.16,,,,16.0,0.0,43.0,,,268.0,100.0,125.0,225.0,0.65
rivière Saint-Jean,Q6,06020000,0.476,0.126,138,2000,35.0,16.0,51.0,6.0,617.0,0.08,0.09,,,19.0,12.0,63.0,,,271.0,105.0,103.0,208.0,0.57
rivière Saint-Jean,Q6,06020000,0.476,0.126,138,2001,25.0,21.0,46.0,10.0,614.0,0.07,0.09,22.0,14.0,17.0,5.0,51.0,112.0,154.0,266.0,86.0,129.0,215.0,0.67
rivière Saint-Jean,Q6,06020000,0.476,0.126,138,2002,26.0,0.0,26.0,20.0,415.0,0.06,0.11,35.0,0.0,15.0,0.0,26.0,74.0,102.0,176.0,48.0,102.0,150.0,0.53
rivière Saint-Jean,Q6,06020000,0.476,0.126,138,2003,9.0,0.0,9.0,17.0,289.0,0.03,0.09,15.0,0.0,6.0,0.0,9.0,59.0,89.0,148.0,50.0,89.0,139.0,0.46
rivière Saint-Jean,Q6,06020000,0.476,0.126,138,2004,18.0,0.0,18.0,14.0,394.0,0.05,0.08,38.0,0.0,12.0,11.0,29.0,48.0,105.0,153.0,30.0,94.0,124.0,0.48
rivière Saint-Jean,Q6,06020000,0.476,0.126,138,2005,27.0,0.0,27.0,18.0,385.0,0.07,0.12,33.0,0.0,14.0,5.0,32.0,81.0,117.0,198.0,54.0,112.0,166.0,0.63
rivière Saint-Jean,Q6,06020000,0.476,0.126,138,2006,38.0,0.0,38.0,37.0,609.0,0.06,0.12,40.0,0.0,12.0,4.0,42.0,94.0,217.0,311.0,56.0,213.0,269.0,1.11
rivière Saint-Jean,Q6,06020000,0.476,0.126,138,2007,26.0,0.0,26.0,21.0,656.0,0.04,0.07,30.0,0.0,13.0,1.0,27.0,87.0,110.0,197.0,61.0,109.0,170.0,0.57
rivière Saint-Jean,Q6,06020000,0.476,0.126,138,2008,92.0,0.0,92.0,68.0,635.0,0.14,0.25,44.0,0.0,20.0,11.0,103.0,208.0,263.0,471.0,112.0,256.0,368.0,1.32
rivière Saint-Jean,Q6,06020000,0.476,0.126,138,2009,12.0,0.0,12.0,43.0,744.0,0.02,0.07,13.0,0.0,6.0,0.0,12.0,96.0,121.0,217.0,84.0,121.0,205.0,0.63
rivière Saint-Jean,Q6,06020000,0.476,0.126,138,2010,32.0,0.0,32.0,21.0,618.0,0.05,0.09,28.0,0.0,12.0,0.0,32.0,115.0,144.0,259.0,83.0,144.0,227.0,0.74
rivière Saint-Jean,Q6,06020000,0.476,0.126,138,2011,63.0,0.0,63.0,136.0,820.0,0.08,0.24,36.0,0.0,15.0,0.0,63.0,175.0,256.0,431.0,112.0,256.0,368.0,1.32
rivière Saint-Jean,Q6,06020000,0.476,0.126,138,2012,20.0,0.0,20.0,70.0,650.0,0.03,0.14,30.0,0.0,8.0,0.0,20.0,67.0,187.0,254.0,47.0,187.0,234.0,0.95
rivière Saint-Jean,Q6,06020000,0.476,0.126,139,2013,6.0,0.0,6.0,60.0,638.0,0.01,0.1,21.0,0.0,3.0,1.0,7.0,29.0,203.0,232.0,23.0,202.0,225.0,1.02
rivière Saint-Jean,Q6,06020000,0.476,0.126,139,2014,16.0,0.0,16.0,15.0,454.0,0.04,0.07,35.0,0.0,15.0,0.0,16.0,46.0,63.0,109.0,30.0,63.0,93.0,0.32
rivière Saint-Jean,Q6,06020000,0.476,0.126,139,2015,62.0,0.0,62.0,75.0,532.0,0.12,0.26,47.0,0.0,25.0,5.0,67.0,133.0,113.0,246.0,70.0,109.0,179.0,0.68
rivière Saint-Jean,Q6,06020000,0.476,0.126,139,2016,27.0,0.0,27.0,92.0,523.0,0.05,0.23,32.0,0.0,9.0,6.0,33.0,84.0,214.0,298.0,56.0,209.0,265.0,1.19
rivière Saint-Jean,Q6,06020000,0.476,0.126,139,2017,18.0,0.0,18.0,70.0,590.0,0.03,0.15,27.0,0.0,7.0,5.0,23.0,67.0,185.0,252.0,48.0,181.0,229.0,1.03
rivière Saint-Jean,Q6,06020000,0.476,0.126,139,2018,13.0,0.0,13.0,31.0,542.0,0.02,0.08,23.0,0.0,7.0,3.0,16.0,57.0,132.0,189.0,43.0,130.0,173.0,0.74
rivière Saint-Jean,Q6,06020000,0.476,0.126,139,2019,10.0,0.0,10.0,64.0,582.0,0.02,0.13,34.0,0.0,8.0,5.0,15.0,29.0,104.0,133.0,18.0,100.0,118.0,0.57
rivière Saint-Jean,Q6,06020000,0.476,0.126,139,2020,21.0,0.0,21.0,31.0,686.0,0.03,0.08,54.0,0.0,20.0,4.0,25.0,39.0,67.0,106.0,17.0,64.0,81.0,0.37
rivière Saint-Jean,Q6,06020000,0.476,0.126,139,2021,30.0,0.0,30.0,18.0,431.0,0.07,0.11,55.0,0.0,35.0,2.0,32.0,55.0,30.0,85.0,24.0,29.0,53.0,0.17
rivière Saint-Jean,Q6,06020000,0.476,0.126,139,2022,13.0,0.0,13.0,48.0,544.0,0.02,0.11,42.0,0.0,12.0,4.0,17.0,31.0,76.0,107.0,17.0,73.0,90.0,0.42
rivière Saint-Jean,Q6,06020000,0.476,0.126,139,2023,0.0,0.0,0.0,22.0,418.0,0.0,0.05,0.0,0.0,0.0,2.0,2.0,2.0,80.0,82.0,1.0,79.0,80.0,0.45
rivière Saint-Jean,Q6,06020000,0.476,0.126,139,2024,0.0,0.0,0.0,2.0,273.0,0.0,0.01,0.0,0.0,0.0,1.0,1.0,19.0,24.0,43.0,18.0,24.0,42.0,0.14
rivière Saint-Jean,Q6,06020000,0.476,0.126,139,2025,0.0,0.0,0.0,20.0,157.0,0.0,0.13,0.0,0.0,0.0,2.0,2.0,8.0,26.0,34.0,7.0,25.0,32.0,0.14
rivière À Mars,Q6,06070000,1.338,0.398,140,1984,,,,,,,,,,,,,,,,,,,
rivière À Mars,Q6,06070000,1.338,0.398,140,1985,,,,,,,,,,,,,,,,,,,
rivière À Mars,Q6,06070000,1.338,0.398,140,1986,,,,,,,,,,,0.0,0.0,,,30.0,,,30.0,0.26
rivière À Mars,Q6,06070000,1.338,0.398,140,1987,,,,,,,,,,,0.0,0.0,,,66.0,,,66.0,0.2
rivière À Mars,Q6,06070000,1.338,0.398,140,1988,,,,,,,,,,,0.0,0.0,,,52.0,,,52.0,0.23
rivière À Mars,Q6,06070000,1.338,0.398,140,1989,,,,,,,,,,,0.0,0.0,,,131.0,,,131.0,0.23
rivière À Mars,Q6,06070000,1.338,0.398,140,1990,,,,,,,,,,,0.0,0.0,,,301.0,,,301.0,0.63
rivière À Mars,Q6,06070000,1.338,0.398,140,1991,,,,,,,,,,,0.0,0.0,,,476.0,,,476.0,1.34
rivière À Mars,Q6,06070000,1.338,0.398,140,1992,79.0,50.0,129.0,,634.0,0.2,,18.0,20.0,19.0,4.0,133.0,429.0,254.0,683.0,347.0,203.0,550.0,1.12
rivière À Mars,Q6,06070000,1.338,0.398,140,1993,9.0,9.0,18.0,,379.0,0.05,,5.0,6.0,6.0,0.0,18.0,166.0,151.0,317.0,147.0,152.0,299.0,0.74
rivière À Mars,Q6,06070000,1.338,0.398,140,1994,37.0,6.0,43.0,,337.0,0.13,,13.0,12.0,13.0,16.0,59.0,286.0,52.0,338.0,239.0,40.0,279.0,0.31
rivière À Mars,Q6,06070000,1.338,0.398,140,1995,8.0,22.0,30.0,,372.0,0.08,,,,8.0,8.0,38.0,,,400.0,87.0,275.0,362.0,1.23
rivière À Mars,Q6,06070000,1.338,0.398,140,1996,87.0,25.0,112.0,,438.0,0.26,,,,38.0,18.0,130.0,,,294.0,106.0,58.0,164.0,
rivière À Mars,Q6,06070000,1.338,0.398,140,1997,58.0,23.0,81.0,,471.0,0.17,,28.0,10.0,19.0,26.0,107.0,204.0,220.0,424.0,137.0,180.0,317.0,1.03
rivière À Mars,Q6,06070000,1.338,0.398,140,1998,8.0,13.0,21.0,,398.0,0.05,,10.0,6.0,7.0,5.0,26.0,77.0,210.0,287.0,65.0,196.0,261.0,0.9
rivière À Mars,Q6,06070000,1.338,0.398,140,1999,31.0,10.0,41.0,,409.0,0.1,,14.0,13.0,14.0,3.0,44.0,221.0,80.0,301.0,188.0,69.0,257.0,0.5
rivière À Mars,Q6,06070000,1.338,0.398,140,2000,60.0,12.0,72.0,6.0,603.0,0.12,0.13,25.0,17.0,23.0,23.0,95.0,239.0,71.0,310.0,169.0,46.0,215.0,0.44
rivière À Mars,Q6,06070000,1.338,0.398,140,2001,38.0,18.0,56.0,10.0,489.0,0.11,0.13,26.0,13.0,20.0,15.0,71.0,147.0,134.0,281.0,109.0,101.0,210.0,0.47
rivière À Mars,Q6,06070000,1.338,0.398,140,2002,41.0,1.0,42.0,15.0,300.0,0.14,0.19,25.0,1.0,17.0,0.0,42.0,161.0,81.0,242.0,120.0,80.0,200.0,0.41
rivière À Mars,Q6,06070000,1.338,0.398,140,2003,42.0,0.0,42.0,41.0,500.0,0.08,0.17,19.0,0.0,12.0,1.0,43.0,225.0,115.0,340.0,183.0,114.0,297.0,0.59
rivière À Mars,Q6,06070000,1.338,0.398,140,2004,21.0,0.0,21.0,52.0,481.0,0.04,0.15,30.0,0.0,7.0,0.0,21.0,69.0,253.0,322.0,48.0,253.0,301.0,1.2
rivière À Mars,Q6,06070000,1.338,0.398,140,2005,16.0,0.0,16.0,14.0,376.0,0.04,0.08,20.0,0.0,10.0,0.0,16.0,81.0,81.0,162.0,65.0,81.0,146.0,0.4
rivière À Mars,Q6,06070000,1.338,0.398,140,2006,14.0,0.0,14.0,20.0,384.0,0.04,0.09,28.0,0.0,11.0,18.0,32.0,50.0,74.0,124.0,35.0,57.0,92.0,0.36
rivière À Mars,Q6,06070000,1.338,0.398,140,2007,13.0,0.0,13.0,23.0,368.0,0.04,0.1,20.0,0.0,9.0,5.0,18.0,64.0,84.0,148.0,50.0,80.0,130.0,0.39
rivière À Mars,Q6,06070000,1.338,0.398,140,2008,41.0,0.0,41.0,34.0,438.0,0.09,0.17,24.0,0.0,15.0,19.0,60.0,174.0,108.0,282.0,122.0,100.0,222.0,0.54
rivière À Mars,Q6,06070000,1.338,0.398,140,2009,6.0,0.0,6.0,53.0,791.0,0.01,0.07,15.0,0.0,3.0,3.0,9.0,41.0,146.0,187.0,34.0,144.0,178.0,0.69
rivière À Mars,Q6,06070000,1.338,0.398,140,2010,24.0,0.0,24.0,22.0,333.0,0.07,0.14,13.0,0.0,9.0,0.0,24.0,182.0,80.0,262.0,158.0,80.0,238.0,0.41
rivière À Mars,Q6,06070000,1.338,0.398,140,2011,68.0,0.0,68.0,131.0,1109.0,0.06,0.18,29.0,0.0,12.0,0.0,68.0,236.0,335.0,571.0,168.0,335.0,503.0,1.62
rivière À Mars,Q6,06070000,1.338,0.398,140,2012,19.0,0.0,19.0,65.0,970.0,0.02,0.09,21.0,0.0,5.0,0.0,19.0,89.0,271.0,360.0,70.0,271.0,341.0,1.29
rivière À Mars,Q6,06070000,1.338,0.398,141,2013,6.0,0.0,6.0,67.0,789.0,0.01,0.09,14.0,0.0,2.0,0.0,6.0,42.0,234.0,276.0,36.0,234.0,270.0,1.11
rivière À Mars,Q6,06070000,1.338,0.398,141,2014,16.0,0.0,16.0,29.0,556.0,0.03,0.08,17.0,0.0,8.0,0.0,16.0,93.0,99.0,192.0,77.0,99.0,176.0,0.48
rivière À Mars,Q6,06070000,1.338,0.398,141,2015,49.0,0.0,49.0,79.0,1015.0,0.05,0.13,20.0,0.0,11.0,14.0,63.0,251.0,183.0,434.0,194.0,177.0,371.0,1.09
rivière À Mars,Q6,06070000,1.338,0.398,141,2016,23.0,0.0,23.0,86.0,923.0,0.02,0.12,27.0,0.0,6.0,8.0,31.0,84.0,302.0,386.0,60.0,295.0,355.0,1.76
rivière À Mars,Q6,06070000,1.338,0.398,141,2017,13.0,0.0,13.0,39.0,772.0,0.02,0.07,11.0,0.0,7.0,20.0,33.0,118.0,73.0,191.0,99.0,59.0,158.0,0.37
rivière À Mars,Q6,06070000,1.338,0.398,141,2018,30.0,0.0,30.0,58.0,947.0,0.03,0.09,23.0,0.0,11.0,15.0,45.0,131.0,150.0,281.0,95.0,141.0,236.0,0.86
rivière À Mars,Q6,06070000,1.338,0.398,141,2019,19.0,0.0,19.0,64.0,1067.0,0.02,0.08,21.0,0.0,6.0,5.0,24.0,91.0,216.0,307.0,71.0,212.0,283.0,1.27
rivière À Mars,Q6,06070000,1.338,0.398,141,2020,10.0,0.0,10.0,62.0,1373.0,0.01,0.05,11.0,0.0,3.0,8.0,18.0,87.0,227.0,314.0,76.0,220.0,296.0,1.32
rivière À Mars,Q6,06070000,1.338,0.398,141,2021,12.0,0.0,12.0,35.0,1339.0,0.01,0.04,10.0,0.0,5.0,9.0,21.0,117.0,149.0,266.0,102.0,143.0,245.0,0.87
rivière À Mars,Q6,06070000,1.338,0.398,141,2022,19.0,0.0,19.0,56.0,1107.0,0.02,0.07,18.0,0.0,7.0,4.0,23.0,104.0,179.0,283.0,84.0,176.0,260.0,1.06
rivière À Mars,Q6,06070000,1.338,0.398,141,2023,0.0,0.0,0.0,37.0,881.0,0.0,0.04,0.0,0.0,0.0,9.0,9.0,9.0,226.0,235.0,9.0,217.0,226.0,1.29
rivière À Mars,Q6,06070000,1.338,0.398,141,2024,0.0,0.0,0.0,19.0,425.0,0.0,0.04,0.0,0.0,0.0,2.0,2.0,33.0,42.0,75.0,32.0,41.0,73.0,0.25
rivière À Mars,Q6,06070000,1.338,0.398,141,2025,0.0,0.0,0.0,23.0,348.0,0.0,0.07,0.0,0.0,0.0,1.0,1.0,88.0,29.0,117.0,87.0,29.0,116.0,0.19
rivière Sainte-Marguerite principale,Q6,06280000,3.385,1.07,142,1984,97.0,185.0,282.0,,1653.0,0.17,,,,41.0,0.0,282.0,,,682.0,,,400.0,1.49
rivière Sainte-Marguerite principale,Q6,06280000,3.385,1.07,142,1985,41.0,326.0,367.0,,1964.0,0.19,,,,36.0,0.0,367.0,,,1017.0,,,650.0,2.81
rivière Sainte-Marguerite principale,Q6,06280000,3.385,1.07,142,1986,158.0,395.0,553.0,,2869.0,0.19,,,,46.0,0.0,553.0,,,1203.0,,,650.0,2.44
rivière Sainte-Marguerite principale,Q6,06280000,3.385,1.07,142,1987,111.0,256.0,367.0,,3281.0,0.11,,,,34.0,0.0,367.0,,,1067.0,,,700.0,2.58
rivière Sainte-Marguerite principale,Q6,06280000,3.385,1.07,142,1988,168.0,225.0,393.0,,3338.0,0.12,,,,46.0,0.0,393.0,,,853.0,,,460.0,1.41
rivière Sainte-Marguerite principale,Q6,06280000,3.385,1.07,142,1989,108.0,152.0,260.0,,2678.0,0.1,,,,34.0,0.0,260.0,,,769.0,,,509.0,1.81
rivière Sainte-Marguerite principale,Q6,06280000,3.385,1.07,142,1990,179.0,283.0,462.0,,2706.0,0.17,,,,40.0,0.0,462.0,,,1162.0,,,726.0,2.46
rivière Sainte-Marguerite principale,Q6,06280000,3.385,1.07,142,1991,121.0,198.0,319.0,,2437.0,0.13,,,,35.0,0.0,319.0,,,924.0,,,718.0,2.26
rivière Sainte-Marguerite principale,Q6,06280000,3.385,1.07,142,1992,69.0,211.0,280.0,,2532.0,0.11,,,,36.0,0.0,280.0,,,773.0,,,493.0,1.91
rivière Sainte-Marguerite principale,Q6,06280000,3.385,1.07,142,1993,47.0,47.0,94.0,,1785.0,0.05,,,,24.0,0.0,94.0,,,394.0,,,300.0,1.01
rivière Sainte-Marguerite principale,Q6,06280000,3.385,1.07,142,1994,61.0,76.0,137.0,,1524.0,0.09,,,,33.0,30.0,167.0,,,409.0,,,242.0,0.69
rivière Sainte-Marguerite principale,Q6,06280000,3.385,1.07,142,1995,23.0,45.0,68.0,,1053.0,0.06,,,,9.0,33.0,101.0,,,728.0,,,627.0,2.77
rivière Sainte-Marguerite principale,Q6,06280000,3.385,1.07,142,1996,41.0,85.0,126.0,,1090.0,0.12,,,,28.0,18.0,144.0,,,446.0,,,302.0,1.16
rivière Sainte-Marguerite principale,Q6,06280000,3.385,1.07,142,1997,92.0,65.0,157.0,,1348.0,0.12,,,,31.0,31.0,188.0,,,499.0,,,311.0,1.3
rivière Sainte-Marguerite principale,Q6,06280000,3.385,1.07,142,1998,59.0,29.0,88.0,,1712.0,0.05,,,,18.0,7.0,95.0,,,477.0,,,382.0,1.48
rivière Sainte-Marguerite principale,Q6,06280000,3.385,1.07,142,1999,51.0,24.0,75.0,,2292.0,0.03,,,,14.0,28.0,103.0,,,528.0,,,425.0,1.69
rivière Sainte-Marguerite principale,Q6,06280000,3.385,1.07,142,2000,37.0,27.0,64.0,35.0,1667.0,0.04,0.06,,,16.0,0.0,64.0,,,394.0,,,330.0,1.39
rivière Sainte-Marguerite principale,Q6,06280000,3.385,1.07,142,2001,15.0,21.0,36.0,34.0,1652.0,0.02,0.04,33.0,7.0,11.0,0.0,36.0,45.0,281.0,326.0,30.0,260.0,290.0,1.42
rivière Sainte-Marguerite principale,Q6,06280000,3.385,1.07,142,2002,37.0,3.0,40.0,11.0,1395.0,0.03,0.04,45.0,2.0,16.0,0.0,40.0,82.0,163.0,245.0,45.0,160.0,205.0,0.86
rivière Sainte-Marguerite principale,Q6,06280000,3.385,1.07,142,2003,31.0,0.0,31.0,67.0,1311.0,0.02,0.07,38.0,0.0,10.0,0.0,31.0,81.0,232.0,313.0,50.0,232.0,282.0,1.2
rivière Sainte-Marguerite principale,Q6,06280000,3.385,1.07,142,2004,22.0,0.0,22.0,72.0,1132.0,0.02,0.08,33.0,0.0,7.0,10.0,32.0,66.0,259.0,325.0,44.0,249.0,293.0,1.29
rivière Sainte-Marguerite principale,Q6,06280000,3.385,1.07,142,2005,37.0,0.0,37.0,36.0,1129.0,0.03,0.06,26.0,0.0,10.0,0.0,37.0,143.0,231.0,374.0,106.0,231.0,337.0,1.24
rivière Sainte-Marguerite principale,Q6,06280000,3.385,1.07,142,2006,54.0,0.0,54.0,61.0,1415.0,0.04,0.08,40.0,0.0,13.0,19.0,73.0,134.0,276.0,410.0,75.0,262.0,337.0,1.43
rivière Sainte-Marguerite principale,Q6,06280000,3.385,1.07,142,2007,50.0,0.0,50.0,81.0,1615.0,0.03,0.08,46.0,0.0,15.0,0.0,50.0,108.0,234.0,342.0,58.0,234.0,292.0,1.25
rivière Sainte-Marguerite principale,Q6,06280000,3.385,1.07,142,2008,82.0,0.0,82.0,127.0,1769.0,0.05,0.12,,,,6.0,88.0,,,,,,,
rivière Sainte-Marguerite principale,Q6,06280000,3.385,1.07,142,2009,14.0,0.0,14.0,88.0,1847.0,0.01,0.06,33.0,0.0,5.0,0.0,14.0,42.0,238.0,280.0,28.0,238.0,266.0,1.23
rivière Sainte-Marguerite principale,Q6,06280000,3.385,1.07,142,2010,47.0,0.0,47.0,64.0,1697.0,0.03,0.07,38.0,0.0,12.0,6.0,53.0,123.0,273.0,396.0,76.0,267.0,343.0,1.39
rivière Sainte-Marguerite principale,Q6,06280000,3.385,1.07,142,2011,58.0,0.0,58.0,191.0,1835.0,0.03,0.14,37.0,0.0,9.0,0.0,58.0,158.0,500.0,658.0,100.0,500.0,600.0,2.59
rivière Sainte-Marguerite principale,Q6,06280000,3.385,1.07,142,2012,14.0,0.0,14.0,154.0,1617.0,0.01,0.1,33.0,0.0,5.0,0.0,14.0,43.0,258.0,301.0,29.0,258.0,287.0,1.33
rivière Sainte-Marguerite principale,Q6,06280000,3.385,1.07,143,2013,15.0,0.0,15.0,119.0,1543.0,0.01,0.09,29.0,0.0,6.0,0.0,15.0,51.0,202.0,253.0,36.0,202.0,238.0,1.04
rivière Sainte-Marguerite principale,Q6,06280000,3.385,1.07,143,2014,23.0,0.0,23.0,57.0,1351.0,0.02,0.06,37.0,0.0,12.0,0.0,23.0,63.0,130.0,193.0,40.0,130.0,170.0,0.68
rivière Sainte-Marguerite principale,Q6,06280000,3.385,1.07,143,2015,53.0,0.0,53.0,94.0,1553.0,0.03,0.09,38.0,0.0,12.0,6.0,59.0,138.0,298.0,436.0,84.0,293.0,377.0,1.89
rivière Sainte-Marguerite principale,Q6,06280000,3.385,1.07,143,2016,33.0,0.0,33.0,133.0,1577.0,0.02,0.11,18.0,0.0,8.0,9.0,42.0,180.0,248.0,428.0,146.0,240.0,386.0,1.71
rivière Sainte-Marguerite principale,Q6,06280000,3.385,1.07,143,2017,11.0,0.0,11.0,102.0,1236.0,0.01,0.09,8.0,0.0,3.0,24.0,35.0,142.0,262.0,404.0,129.0,240.0,369.0,1.67
rivière Sainte-Marguerite principale,Q6,06280000,3.385,1.07,143,2018,19.0,0.0,19.0,79.0,1354.0,0.01,0.07,13.0,0.0,6.0,10.0,29.0,143.0,184.0,327.0,120.0,178.0,298.0,1.29
rivière Sainte-Marguerite principale,Q6,06280000,3.385,1.07,143,2019,7.0,0.0,7.0,106.0,1700.0,0.0,0.07,6.0,0.0,2.0,8.0,15.0,123.0,216.0,339.0,115.0,209.0,324.0,1.46
rivière Sainte-Marguerite principale,Q6,06280000,3.385,1.07,143,2020,14.0,0.0,14.0,69.0,1780.0,0.01,0.05,10.0,0.0,4.0,5.0,19.0,136.0,218.0,354.0,120.0,215.0,335.0,1.51
rivière Sainte-Marguerite principale,Q6,06280000,3.385,1.07,143,2021,29.0,0.0,29.0,96.0,1881.0,0.02,0.07,15.0,0.0,7.0,7.0,36.0,193.0,202.0,395.0,162.0,197.0,359.0,1.49
rivière Sainte-Marguerite principale,Q6,06280000,3.385,1.07,143,2022,12.0,0.0,12.0,179.0,2018.0,0.01,0.09,8.0,0.0,3.0,12.0,24.0,151.0,237.0,388.0,138.0,226.0,364.0,1.61
rivière Sainte-Marguerite principale,Q6,06280000,3.385,1.07,143,2023,0.0,0.0,0.0,62.0,1583.0,0.0,0.04,0.0,0.0,0.0,4.0,4.0,2.0,221.0,223.0,2.0,217.0,219.0,1.27
rivière Sainte-Marguerite principale,Q6,06280000,3.385,1.07,143,2024,0.0,0.0,0.0,8.0,1220.0,0.0,0.01,0.0,0.0,0.0,0.0,0.0,11.0,24.0,35.0,11.0,24.0,35.0,0.16
rivière Sainte-Marguerite principale,Q6,06280000,3.385,1.07,143,2025,0.0,0.0,0.0,29.0,607.0,0.0,0.05,0.0,0.0,0.0,2.0,2.0,35.0,36.0,71.0,33.0,36.0,69.0,0.28
rivière Sainte-Marguerite Nord-Est,Q6,06281000,1.914,0.592,144,1984,24.0,25.0,49.0,,109.0,0.45,,,,16.0,0.0,49.0,,,299.0,122.0,128.0,250.0,0.72
rivière Sainte-Marguerite Nord-Est,Q6,06281000,1.914,0.592,144,1985,7.0,48.0,55.0,,107.0,0.51,,,,14.0,0.0,55.0,,,405.0,51.0,299.0,350.0,1.48
rivière Sainte-Marguerite Nord-Est,Q6,06281000,1.914,0.592,144,1986,41.0,41.0,82.0,,124.0,0.66,,,,19.0,0.0,82.0,,,437.0,182.0,173.0,355.0,0.95
rivière Sainte-Marguerite Nord-Est,Q6,06281000,1.914,0.592,144,1987,64.0,34.0,98.0,,173.0,0.57,,,,13.0,0.0,98.0,,,756.0,420.0,238.0,658.0,1.3
rivière Sainte-Marguerite Nord-Est,Q6,06281000,1.914,0.592,144,1988,64.0,54.0,118.0,,292.0,0.4,,,,19.0,0.0,118.0,,,620.0,322.0,180.0,502.0,0.95
rivière Sainte-Marguerite Nord-Est,Q6,06281000,1.914,0.592,144,1989,111.0,76.0,187.0,,307.0,0.61,,,,14.0,24.0,211.0,,,1323.0,770.0,342.0,1112.0,1.79
rivière Sainte-Marguerite Nord-Est,Q6,06281000,1.914,0.592,144,1990,102.0,232.0,334.0,,615.0,0.54,,,,19.0,26.0,360.0,,,1736.0,637.0,739.0,1376.0,3.68
rivière Sainte-Marguerite Nord-Est,Q6,06281000,1.914,0.592,144,1991,90.0,111.0,201.0,,564.0,0.36,,,,18.0,118.0,319.0,,,1098.0,137.0,642.0,779.0,2.73
rivière Sainte-Marguerite Nord-Est,Q6,06281000,1.914,0.592,144,1992,129.0,191.0,320.0,,614.0,0.52,,,,35.0,3.0,323.0,,,913.0,339.0,251.0,590.0,1.3
rivière Sainte-Marguerite Nord-Est,Q6,06281000,1.914,0.592,144,1993,70.0,48.0,118.0,,501.0,0.24,,,,21.0,0.0,118.0,,,557.0,152.0,287.0,439.0,1.33
rivière Sainte-Marguerite Nord-Est,Q6,06281000,1.914,0.592,144,1994,162.0,78.0,240.0,,436.0,0.55,,,,34.0,0.0,240.0,,,700.0,335.0,125.0,460.0,0.73
rivière Sainte-Marguerite Nord-Est,Q6,06281000,1.914,0.592,144,1995,29.0,77.0,106.0,,473.0,0.22,,9.0,11.0,11.0,0.0,106.0,329.0,670.0,999.0,300.0,593.0,893.0,2.07
rivière Sainte-Marguerite Nord-Est,Q6,06281000,1.914,0.592,144,1996,102.0,71.0,173.0,,447.0,0.39,,27.0,21.0,24.0,0.0,173.0,380.0,344.0,724.0,278.0,273.0,551.0,1.49
rivière Sainte-Marguerite Nord-Est,Q6,06281000,1.914,0.592,144,1997,67.0,66.0,133.0,,598.0,0.22,,26.0,22.0,24.0,0.0,133.0,256.0,300.0,556.0,189.0,234.0,423.0,1.28
rivière Sainte-Marguerite Nord-Est,Q6,06281000,1.914,0.592,144,1998,68.0,15.0,83.0,,514.0,0.16,,17.0,6.0,13.0,13.0,96.0,392.0,253.0,645.0,317.0,232.0,549.0,1.33
rivière Sainte-Marguerite Nord-Est,Q6,06281000,1.914,0.592,144,1999,111.0,30.0,141.0,,518.0,0.27,,25.0,8.0,17.0,21.0,162.0,447.0,395.0,842.0,331.0,349.0,680.0,1.69
rivière Sainte-Marguerite Nord-Est,Q6,06281000,1.914,0.592,144,2000,86.0,28.0,114.0,65.0,544.0,0.21,0.33,36.0,9.0,21.0,17.0,131.0,239.0,309.0,548.0,148.0,269.0,417.0,1.39
rivière Sainte-Marguerite Nord-Est,Q6,06281000,1.914,0.592,144,2001,37.0,22.0,59.0,79.0,572.0,0.1,0.24,32.0,8.0,15.0,0.0,59.0,116.0,284.0,400.0,79.0,262.0,341.0,1.51
rivière Sainte-Marguerite Nord-Est,Q6,06281000,1.914,0.592,144,2002,42.0,1.0,43.0,35.0,683.0,0.06,0.11,23.0,1.0,14.0,0.0,43.0,181.0,136.0,317.0,139.0,135.0,274.0,0.73
rivière Sainte-Marguerite Nord-Est,Q6,06281000,1.914,0.592,144,2003,86.0,0.0,86.0,65.0,624.0,0.14,0.24,30.0,0.0,19.0,10.0,96.0,282.0,179.0,461.0,190.0,175.0,365.0,0.94
rivière Sainte-Marguerite Nord-Est,Q6,06281000,1.914,0.592,144,2004,24.0,0.0,24.0,136.0,505.0,0.05,0.32,21.0,0.0,6.0,2.0,26.0,114.0,311.0,425.0,88.0,311.0,399.0,1.56
rivière Sainte-Marguerite Nord-Est,Q6,06281000,1.914,0.592,144,2005,60.0,0.0,60.0,54.0,520.0,0.12,0.22,38.0,0.0,23.0,0.0,60.0,157.0,106.0,263.0,97.0,106.0,203.0,0.56
rivière Sainte-Marguerite Nord-Est,Q6,06281000,1.914,0.592,144,2006,72.0,0.0,72.0,62.0,509.0,0.14,0.26,46.0,0.0,28.0,4.0,76.0,155.0,106.0,261.0,80.0,105.0,185.0,0.54
rivière Sainte-Marguerite Nord-Est,Q6,06281000,1.914,0.592,144,2007,56.0,0.0,56.0,83.0,504.0,0.11,0.28,41.0,0.0,18.0,21.0,77.0,136.0,183.0,319.0,76.0,166.0,242.0,0.84
rivière Sainte-Marguerite Nord-Est,Q6,06281000,1.914,0.592,144,2008,138.0,0.0,138.0,123.0,607.0,0.23,0.43,45.0,0.0,24.0,8.0,146.0,304.0,277.0,581.0,160.0,275.0,435.0,1.4
rivière Sainte-Marguerite Nord-Est,Q6,06281000,1.914,0.592,144,2009,53.0,0.0,53.0,125.0,532.0,0.1,0.33,22.0,0.0,13.0,0.0,53.0,242.0,163.0,405.0,189.0,163.0,352.0,0.86
rivière Sainte-Marguerite Nord-Est,Q6,06281000,1.914,0.592,144,2010,65.0,0.0,65.0,50.0,431.0,0.15,0.27,27.0,0.0,14.0,6.0,71.0,245.0,227.0,472.0,180.0,221.0,401.0,1.14
rivière Sainte-Marguerite Nord-Est,Q6,06281000,1.914,0.592,144,2011,112.0,0.0,112.0,177.0,566.0,0.2,0.51,28.0,0.0,12.0,0.0,112.0,399.0,522.0,921.0,287.0,522.0,809.0,2.65
rivière Sainte-Marguerite Nord-Est,Q6,06281000,1.914,0.592,144,2012,17.0,0.0,17.0,123.0,517.0,0.03,0.27,20.0,0.0,4.0,0.0,17.0,83.0,325.0,408.0,66.0,325.0,391.0,1.62
rivière Sainte-Marguerite Nord-Est,Q6,06281000,1.914,0.592,145,2013,14.0,0.0,14.0,100.0,411.0,0.03,0.28,20.0,0.0,5.0,0.0,14.0,71.0,235.0,306.0,57.0,235.0,292.0,1.17
rivière Sainte-Marguerite Nord-Est,Q6,06281000,1.914,0.592,145,2014,9.0,0.0,9.0,49.0,321.0,0.03,0.18,10.0,0.0,5.0,4.0,13.0,87.0,98.0,185.0,77.0,95.0,172.0,0.49
rivière Sainte-Marguerite Nord-Est,Q6,06281000,1.914,0.592,145,2015,57.0,0.0,57.0,65.0,310.0,0.18,0.39,24.0,0.0,14.0,4.0,61.0,234.0,184.0,418.0,176.0,181.0,357.0,0.94
rivière Sainte-Marguerite Nord-Est,Q6,06281000,1.914,0.592,145,2016,48.0,0.0,48.0,85.0,205.0,0.23,0.65,35.0,0.0,14.0,11.0,59.0,137.0,215.0,352.0,82.0,211.0,293.0,1.06
rivière Sainte-Marguerite Nord-Est,Q6,06281000,1.914,0.592,145,2017,8.0,0.0,8.0,125.0,305.0,0.03,0.44,12.0,0.0,3.0,8.0,16.0,66.0,237.0,303.0,57.0,230.0,287.0,1.15
rivière Sainte-Marguerite Nord-Est,Q6,06281000,1.914,0.592,145,2018,7.0,0.0,7.0,21.0,139.0,0.05,0.2,16.0,0.0,5.0,1.0,8.0,43.0,108.0,151.0,36.0,107.0,143.0,0.54
rivière Sainte-Marguerite Nord-Est,Q6,06281000,1.914,0.592,145,2019,0.0,0.0,0.0,78.0,486.0,0.0,0.16,0.0,0.0,0.0,6.0,6.0,13.0,161.0,174.0,12.0,156.0,168.0,0.77
rivière Sainte-Marguerite Nord-Est,Q6,06281000,1.914,0.592,145,2020,16.0,0.0,16.0,30.0,125.0,0.13,0.37,39.0,0.0,8.0,2.0,18.0,41.0,164.0,205.0,25.0,162.0,187.0,0.81
rivière Sainte-Marguerite Nord-Est,Q6,06281000,1.914,0.592,145,2021,30.0,0.0,30.0,86.0,420.0,0.07,0.28,20.0,0.0,10.0,6.0,36.0,148.0,138.0,286.0,115.0,135.0,250.0,0.7
rivière Sainte-Marguerite Nord-Est,Q6,06281000,1.914,0.592,145,2022,11.0,0.0,11.0,133.0,366.0,0.03,0.39,14.0,0.0,4.0,13.0,24.0,76.0,196.0,272.0,63.0,185.0,248.0,0.93
rivière Sainte-Marguerite Nord-Est,Q6,06281000,1.914,0.592,145,2023,0.0,0.0,0.0,115.0,399.0,0.0,0.29,0.0,0.0,0.0,10.0,10.0,1.0,170.0,171.0,1.0,160.0,161.0,0.79
rivière Sainte-Marguerite Nord-Est,Q6,06281000,1.914,0.592,145,2024,0.0,0.0,0.0,11.0,278.0,0.0,0.04,0.0,0.0,0.0,0.0,0.0,7.0,31.0,38.0,7.0,31.0,38.0,0.16
rivière Sainte-Marguerite Nord-Est,Q6,06281000,1.914,0.592,145,2025,0.0,0.0,0.0,45.0,217.0,0.0,0.21,0.0,0.0,0.0,7.0,7.0,25.0,21.0,46.0,20.0,19.0,39.0,0.1
rivière des Escoumins,Q7,07020000,2.503,0.785,146,1984,,,,,,,,,,,0.0,0.0,52.0,6.0,58.0,52.0,6.0,58.0,0.07
rivière des Escoumins,Q7,07020000,2.503,0.785,146,1985,,,,,,,,,,,4.0,4.0,43.0,77.0,120.0,41.0,75.0,116.0,0.36
rivière des Escoumins,Q7,07020000,2.503,0.785,146,1986,,,,,,,,,,,0.0,0.0,38.0,146.0,184.0,38.0,146.0,184.0,0.66
rivière des Escoumins,Q7,07020000,2.503,0.785,146,1987,,,,,,,,,,,21.0,21.0,92.0,103.0,195.0,82.0,92.0,174.0,0.46
rivière des Escoumins,Q7,07020000,2.503,0.785,146,1988,,,,,,,,,,,0.0,0.0,70.0,190.0,260.0,70.0,190.0,260.0,0.88
rivière des Escoumins,Q7,07020000,2.503,0.785,146,1989,,,,,,,,,,,7.0,7.0,128.0,108.0,236.0,124.0,105.0,229.0,0.56
rivière des Escoumins,Q7,07020000,2.503,0.785,146,1990,,,,,,,,,,,10.0,10.0,292.0,498.0,790.0,288.0,492.0,780.0,2.38
rivière des Escoumins,Q7,07020000,2.503,0.785,146,1991,,,,,,,,,,,0.0,0.0,224.0,372.0,596.0,224.0,372.0,596.0,1.8
rivière des Escoumins,Q7,07020000,2.503,0.785,146,1992,5.0,0.0,5.0,,50.0,0.1,,2.0,0.0,1.0,0.0,5.0,285.0,333.0,618.0,280.0,333.0,613.0,1.68
rivière des Escoumins,Q7,07020000,2.503,0.785,146,1993,3.0,2.0,5.0,,137.0,0.04,,2.0,1.0,2.0,12.0,17.0,168.0,154.0,322.0,161.0,144.0,305.0,0.65
rivière des Escoumins,Q7,07020000,2.503,0.785,146,1994,89.0,39.0,128.0,,546.0,0.23,,19.0,16.0,18.0,10.0,138.0,461.0,247.0,708.0,370.0,200.0,570.0,1.16
rivière des Escoumins,Q7,07020000,2.503,0.785,146,1995,44.0,50.0,94.0,,807.0,0.12,,15.0,10.0,11.0,8.0,102.0,303.0,524.0,827.0,257.0,466.0,723.0,2.97
rivière des Escoumins,Q7,07020000,2.503,0.785,146,1996,55.0,50.0,105.0,,737.0,0.14,,16.0,13.0,14.0,12.0,117.0,350.0,390.0,740.0,291.0,332.0,623.0,2.86
rivière des Escoumins,Q7,07020000,2.503,0.785,146,1997,32.0,40.0,72.0,9.0,679.0,0.11,0.12,17.0,16.0,17.0,8.0,80.0,187.0,244.0,431.0,152.0,199.0,351.0,1.6
rivière des Escoumins,Q7,07020000,2.503,0.785,146,1998,40.0,24.0,64.0,19.0,663.0,0.1,0.13,22.0,13.0,17.0,30.0,94.0,185.0,189.0,374.0,131.0,149.0,280.0,1.02
rivière des Escoumins,Q7,07020000,2.503,0.785,146,1999,45.0,32.0,77.0,7.0,815.0,0.09,0.1,18.0,13.0,15.0,23.0,100.0,254.0,251.0,505.0,207.0,198.0,405.0,1.38
rivière des Escoumins,Q7,07020000,2.503,0.785,146,2000,41.0,12.0,53.0,12.0,509.0,0.1,0.13,17.0,6.0,12.0,6.0,59.0,238.0,194.0,432.0,196.0,177.0,373.0,1.22
rivière des Escoumins,Q7,07020000,2.503,0.785,146,2001,23.0,0.0,23.0,59.0,408.0,0.06,0.2,31.0,0.0,8.0,40.0,63.0,74.0,207.0,281.0,45.0,173.0,218.0,1.19
rivière des Escoumins,Q7,07020000,2.503,0.785,146,2002,24.0,0.0,24.0,10.0,323.0,0.07,0.11,22.0,0.0,12.0,1.0,25.0,109.0,89.0,198.0,85.0,88.0,173.0,0.63
rivière des Escoumins,Q7,07020000,2.503,0.785,146,2003,45.0,0.0,45.0,24.0,351.0,0.13,0.2,28.0,0.0,16.0,2.0,47.0,163.0,114.0,277.0,118.0,112.0,230.0,0.78
rivière des Escoumins,Q7,07020000,2.503,0.785,146,2004,21.0,0.0,21.0,66.0,367.0,0.06,0.24,16.0,0.0,6.0,2.0,23.0,131.0,248.0,379.0,108.0,248.0,356.0,1.7
rivière des Escoumins,Q7,07020000,2.503,0.785,146,2005,27.0,0.0,27.0,16.0,258.0,0.1,0.17,25.0,0.0,12.0,2.0,29.0,107.0,117.0,224.0,78.0,117.0,195.0,0.82
rivière des Escoumins,Q7,07020000,2.503,0.785,146,2006,46.0,0.0,46.0,26.0,373.0,0.12,0.19,27.0,0.0,15.0,11.0,57.0,169.0,142.0,311.0,119.0,135.0,254.0,0.92
rivière des Escoumins,Q7,07020000,2.503,0.785,146,2007,10.0,0.0,10.0,54.0,373.0,0.03,0.17,14.0,0.0,4.0,10.0,20.0,72.0,189.0,261.0,59.0,182.0,241.0,1.26
rivière des Escoumins,Q7,07020000,2.503,0.785,146,2008,76.0,0.0,76.0,48.0,364.0,0.21,0.34,24.0,0.0,14.0,7.0,83.0,322.0,216.0,538.0,244.0,211.0,455.0,1.48
rivière des Escoumins,Q7,07020000,2.503,0.785,146,2009,20.0,0.0,20.0,46.0,458.0,0.04,0.14,20.0,0.0,7.0,7.0,27.0,98.0,197.0,295.0,77.0,191.0,268.0,1.33
rivière des Escoumins,Q7,07020000,2.503,0.785,146,2010,19.0,0.0,19.0,28.0,444.0,0.04,0.11,14.0,0.0,8.0,2.0,21.0,134.0,96.0,230.0,113.0,96.0,209.0,0.66
rivière des Escoumins,Q7,07020000,2.503,0.785,146,2011,26.0,0.0,26.0,80.0,437.0,0.06,0.24,18.0,0.0,7.0,0.0,26.0,141.0,256.0,397.0,112.0,256.0,368.0,1.75
rivière des Escoumins,Q7,07020000,2.503,0.785,146,2012,12.0,0.0,12.0,37.0,351.0,0.03,0.14,17.0,0.0,5.0,34.0,46.0,71.0,165.0,236.0,23.0,138.0,161.0,0.94
rivière des Escoumins,Q7,07020000,2.503,0.785,147,2013,8.0,0.0,8.0,95.0,405.0,0.02,0.25,,,,0.0,8.0,,,,,,,
rivière des Escoumins,Q7,07020000,2.503,0.785,147,2014,8.0,0.0,8.0,23.0,335.0,0.02,0.09,,,,0.0,8.0,,,,,,,
rivière des Escoumins,Q7,07020000,2.503,0.785,147,2015,51.0,0.0,51.0,57.0,506.0,0.1,0.21,,,,4.0,55.0,,,,,,,
rivière des Escoumins,Q7,07020000,2.503,0.785,147,2016,61.0,0.0,61.0,100.0,547.0,0.11,0.29,,,,7.0,68.0,,,,,,,
rivière des Escoumins,Q7,07020000,2.503,0.785,147,2017,12.0,0.0,12.0,109.0,728.0,0.02,0.17,,,,8.0,20.0,,,,,,,
rivière des Escoumins,Q7,07020000,2.503,0.785,147,2018,13.0,0.0,13.0,55.0,681.0,0.02,0.1,,,,4.0,17.0,,,,,,,
rivière des Escoumins,Q7,07020000,2.503,0.785,147,2019,15.0,0.0,15.0,90.0,583.0,0.03,0.18,,,,6.0,21.0,,,,,,,
rivière des Escoumins,Q7,07020000,2.503,0.785,147,2020,13.0,0.0,13.0,68.0,682.0,0.02,0.12,,,,5.0,18.0,,,,,,,
rivière des Escoumins,Q7,07020000,2.503,0.785,147,2021,13.0,0.0,13.0,28.0,540.0,0.02,0.08,,,,2.0,15.0,,,,,,,
rivière des Escoumins,Q7,07020000,2.503,0.785,147,2022,16.0,0.0,16.0,63.0,654.0,0.02,0.12,,,,4.0,20.0,,,,,,,
rivière des Escoumins,Q7,07020000,2.503,0.785,147,2023,1.0,0.0,1.0,39.0,721.0,0.0,0.06,,,,3.0,4.0,,,,,,,
rivière des Escoumins,Q7,07020000,2.503,0.785,147,2024,0.0,0.0,0.0,7.0,382.0,0.0,0.02,,,,0.0,0.0,,,,,,,
rivière des Escoumins,Q7,07020000,2.503,0.785,147,2025,0.0,0.0,0.0,7.0,380.0,0.0,0.02,,,,0.0,0.0,,,,,,,
rivière Laval,Q7,07060000,1.002,0.293,148,1984,0.0,28.0,28.0,,268.0,0.1,,,,12.0,0.0,28.0,,,228.0,,,200.0,
rivière Laval,Q7,07060000,1.002,0.293,148,1985,0.0,51.0,51.0,,393.0,0.13,,,,20.0,0.0,51.0,,,251.0,,,200.0,
rivière Laval,Q7,07060000,1.002,0.293,148,1986,0.0,69.0,69.0,,439.0,0.16,,,,26.0,0.0,69.0,,,269.0,,,200.0,
rivière Laval,Q7,07060000,1.002,0.293,148,1987,1.0,32.0,33.0,,339.0,0.1,,,,,0.0,33.0,,,,,,,
rivière Laval,Q7,07060000,1.002,0.293,148,1988,2.0,31.0,33.0,,379.0,0.09,,,,,0.0,33.0,,,,,,,
rivière Laval,Q7,07060000,1.002,0.293,148,1989,0.0,24.0,24.0,,291.0,0.08,,,,,0.0,24.0,,,,,,,
rivière Laval,Q7,07060000,1.002,0.293,148,1990,1.0,70.0,71.0,,443.0,0.16,,7.0,34.0,32.0,7.0,78.0,15.0,206.0,221.0,14.0,129.0,143.0,0.78
rivière Laval,Q7,07060000,1.002,0.293,148,1991,0.0,15.0,15.0,,275.0,0.05,,,,,0.0,15.0,,,,,,,
rivière Laval,Q7,07060000,1.002,0.293,148,1992,2.0,24.0,26.0,,376.0,0.07,,,,,0.0,26.0,,,,,,,
rivière Laval,Q7,07060000,1.002,0.293,148,1993,0.0,19.0,19.0,,284.0,0.07,,,,,6.0,25.0,,,,,,,
rivière Laval,Q7,07060000,1.002,0.293,148,1994,0.0,8.0,8.0,,305.0,0.03,,0.0,16.0,15.0,5.0,13.0,1.0,51.0,52.0,,,,
rivière Laval,Q7,07060000,1.002,0.293,148,1995,0.0,8.0,8.0,,205.0,0.04,,,,,6.0,14.0,,,,,,,
rivière Laval,Q7,07060000,1.002,0.293,148,1996,0.0,5.0,5.0,,120.0,0.04,,,,,0.0,5.0,,,,,,,
rivière Laval,Q7,07060000,1.002,0.293,148,1997,0.0,5.0,5.0,,189.0,0.03,,0.0,14.0,12.0,2.0,7.0,6.0,36.0,42.0,,,,
rivière Laval,Q7,07060000,1.002,0.293,148,1998,1.0,4.0,5.0,,186.0,0.03,,50.0,27.0,29.0,0.0,5.0,2.0,15.0,17.0,,,,
rivière Laval,Q7,07060000,1.002,0.293,148,1999,1.0,6.0,7.0,,166.0,0.04,,5.0,6.0,5.0,1.0,8.0,21.0,109.0,130.0,20.0,102.0,122.0,0.61
rivière Laval,Q7,07060000,1.002,0.293,148,2000,0.0,3.0,3.0,,184.0,0.02,,0.0,5.0,4.0,0.0,3.0,10.0,62.0,72.0,10.0,59.0,69.0,0.35
rivière Laval,Q7,07060000,1.002,0.293,148,2001,0.0,3.0,3.0,,175.0,0.02,,0.0,3.0,3.0,0.0,3.0,10.0,110.0,120.0,10.0,107.0,117.0,0.63
rivière Laval,Q7,07060000,1.002,0.293,148,2002,1.0,1.0,2.0,,156.0,0.01,,14.0,2.0,3.0,0.0,2.0,7.0,54.0,61.0,6.0,53.0,59.0,0.32
rivière Laval,Q7,07060000,1.002,0.293,148,2003,0.0,0.0,0.0,,118.0,0.0,,,,,0.0,0.0,,,,,,,
rivière Laval,Q7,07060000,1.002,0.293,148,2004,0.0,2.0,2.0,,60.0,0.03,,,,,0.0,2.0,,,,,,,
rivière Laval,Q7,07060000,1.002,0.293,148,2005,0.0,0.0,0.0,,64.0,0.0,,,,,0.0,0.0,,,,,,,
rivière Laval,Q7,07060000,1.002,0.293,148,2006,0.0,0.0,0.0,,24.0,0.0,,,,,0.0,0.0,,,,,,,
rivière Laval,Q7,07060000,1.002,0.293,148,2007,1.0,1.0,2.0,,65.0,0.03,,,,,0.0,2.0,,,,,,,
rivière Laval,Q7,07060000,1.002,0.293,148,2008,1.0,0.0,1.0,,61.0,0.02,,,,,0.0,1.0,,,,,,,
rivière Laval,Q7,07060000,1.002,0.293,148,2009,0.0,1.0,1.0,,77.0,0.01,,,,,0.0,1.0,,,,,,,
rivière Laval,Q7,07060000,1.002,0.293,148,2010,0.0,1.0,1.0,,123.0,0.01,,,,,0.0,1.0,,,,,,,
rivière Laval,Q7,07060000,1.002,0.293,148,2011,2.0,18.0,20.0,,203.0,0.1,,,,,0.0,20.0,,,,,,,
rivière Laval,Q7,07060000,1.002,0.293,148,2012,2.0,8.0,10.0,,202.0,0.05,,,,,0.0,10.0,,,,,,,
rivière Laval,Q7,07060000,1.002,0.293,149,2013,0.0,13.0,13.0,,292.0,0.04,,,,,0.0,13.0,,,,,,,
rivière Laval,Q7,07060000,1.002,0.293,149,2014,0.0,1.0,1.0,,222.0,0.0,,,,,,1.0,,,,,,,
rivière Laval,Q7,07060000,1.002,0.293,149,2015,4.0,6.0,10.0,,141.0,0.07,,,,,0.0,10.0,,,,,,,
rivière Laval,Q7,07060000,1.002,0.293,149,2016,1.0,0.0,1.0,5.0,84.0,0.01,0.07,,,,0.0,1.0,,,,,,,
rivière Laval,Q7,07060000,1.002,0.293,149,2017,0.0,0.0,0.0,2.0,88.0,0.0,0.02,,,,0.0,0.0,,,,,,,
rivière Laval,Q7,07060000,1.002,0.293,149,2018,1.0,0.0,1.0,0.0,79.0,0.01,0.01,,,,0.0,1.0,,,,,,,
rivière Laval,Q7,07060000,1.002,0.293,149,2019,2.0,0.0,2.0,0.0,82.0,0.02,0.02,,,,0.0,2.0,,,,,,,
rivière Laval,Q7,07060000,1.002,0.293,149,2020,0.0,0.0,0.0,0.0,101.0,0.0,0.0,,,,0.0,0.0,,,,,,,
rivière Laval,Q7,07060000,1.002,0.293,149,2021,1.0,0.0,1.0,0.0,78.0,0.01,0.01,,,,0.0,1.0,,,,,,,
rivière Laval,Q7,07060000,1.002,0.293,149,2022,0.0,0.0,0.0,0.0,53.0,0.0,0.0,,,,0.0,0.0,,,,,,,
rivière Laval,Q7,07060000,1.002,0.293,149,2023,0.0,0.0,0.0,2.0,52.0,0.0,0.04,,,,0.0,0.0,,,,,,,
rivière Laval,Q7,07060000,1.002,0.293,149,2024,0.0,0.0,0.0,0.0,70.0,0.0,0.0,,,,0.0,0.0,,,,,,,
rivière Laval,Q7,07060000,1.002,0.293,149,2025,0.0,0.0,0.0,2.0,29.0,0.0,0.07,,,,0.0,0.0,,,,,,,
rivière Betsiamites,Q7,07070000,5.101,1.589,150,1984,,,,,,,,,,,,,,,,,,,
rivière Betsiamites,Q7,07070000,5.101,1.589,150,1985,,,,,,,,,,,,,,,,,,,
rivière Betsiamites,Q7,07070000,5.101,1.589,150,1986,,,,,,,,,,,,,,,,,,,
rivière Betsiamites,Q7,07070000,5.101,1.589,150,1987,,,,,,,,,,,,,,,,,,,
rivière Betsiamites,Q7,07070000,5.101,1.589,150,1988,,,,,,,,,,,,,,,,,,,
rivière Betsiamites,Q7,07070000,5.101,1.589,150,1989,,,,,,,,,,,,,,,,,,,
rivière Betsiamites,Q7,07070000,5.101,1.589,150,1990,,,,,,,,,,,,,,,,,,,
rivière Betsiamites,Q7,07070000,5.101,1.589,150,1991,,,,,,,,,,,,,,,,,,,
rivière Betsiamites,Q7,07070000,5.101,1.589,150,1992,,,,,,,,,,,,,,,,,,,
rivière Betsiamites,Q7,07070000,5.101,1.589,150,1993,,,,,,,,,,,,,,,,,,,
rivière Betsiamites,Q7,07070000,5.101,1.589,150,1994,,,,,,,,,,,,,,,,,,,
rivière Betsiamites,Q7,07070000,5.101,1.589,150,1995,,,,,,,,,,,,,,,,,,,
rivière Betsiamites,Q7,07070000,5.101,1.589,150,1996,,,,,,,,,,,,,,,,,,,
rivière Betsiamites,Q7,07070000,5.101,1.589,150,1997,,,,,,,,,,,,,,,,,,,
rivière Betsiamites,Q7,07070000,5.101,1.589,150,1998,,,,,,,,,,,,,,,,,,,
rivière Betsiamites,Q7,07070000,5.101,1.589,150,1999,,,,,,,,,,,22.0,22.0,,,,,,,
rivière Betsiamites,Q7,07070000,5.101,1.589,150,2000,,,,,,,,,,,27.0,27.0,,,,,,,
rivière Betsiamites,Q7,07070000,5.101,1.589,150,2001,,,,,,,,,,,12.0,12.0,,,,,,,
rivière Betsiamites,Q7,07070000,5.101,1.589,150,2002,,,,,,,,,,,30.0,30.0,,,,,,,
rivière Betsiamites,Q7,07070000,5.101,1.589,150,2003,,,,,,,,,,,31.0,31.0,,,,,,,
rivière Betsiamites,Q7,07070000,5.101,1.589,150,2004,,,,,,,,,,,37.0,37.0,,,,,,,
rivière Betsiamites,Q7,07070000,5.101,1.589,150,2005,,,,,,,,,,,51.0,51.0,,,,,,,
rivière Betsiamites,Q7,07070000,5.101,1.589,150,2006,,,,,,,,,,,38.0,38.0,,,,,,,
rivière Betsiamites,Q7,07070000,5.101,1.589,150,2007,,,,,,,,,,,27.0,27.0,,,,,,,
rivière Betsiamites,Q7,07070000,5.101,1.589,150,2008,,,,,,,,,,,54.0,54.0,,,,,,,
rivière Betsiamites,Q7,07070000,5.101,1.589,150,2009,,,,,,,,,,,17.0,17.0,,,,,,,
rivière Betsiamites,Q7,07070000,5.101,1.589,150,2010,,,,,,,,,,,33.0,33.0,,,,,,,
rivière Betsiamites,Q7,07070000,5.101,1.589,150,2011,,,,,,,,,,,,,,,,,,,
rivière Betsiamites,Q7,07070000,5.101,1.589,150,2012,,,,,,,,,,,16.0,16.0,,,,,,,
rivière Betsiamites,Q7,07070000,5.101,1.589,151,2013,,,,,,,,,,,,,,,,,,,
rivière Betsiamites,Q7,07070000,5.101,1.589,151,2014,,,,,,,,,,,,,,,,,,,
rivière Betsiamites,Q7,07070000,5.101,1.589,151,2015,,,,,,,,,,,,,,,,,,,
rivière Betsiamites,Q7,07070000,5.101,1.589,151,2016,,,,,,,,,,,,,,,,,,,
rivière Betsiamites,Q7,07070000,5.101,1.589,151,2017,,,,,,,,,,,,,,,,,,,
rivière Betsiamites,Q7,07070000,5.101,1.589,151,2018,,,,,,,,,,,,,,,,,,,
rivière Betsiamites,Q7,07070000,5.101,1.589,151,2019,,,,,,,,,,,,,,,,,,,
rivière Betsiamites,Q7,07070000,5.101,1.589,151,2020,,,,,,,,,,,,,,,,,,,
rivière Betsiamites,Q7,07070000,5.101,1.589,151,2021,,,,,,,,,,,,,,,,,,,
rivière Betsiamites,Q7,07070000,5.101,1.589,151,2022,,,,,,,,,,,,,,,,,,,
rivière Betsiamites,Q7,07070000,5.101,1.589,151,2023,,,,,,,,,,,,,,,,,,,
rivière Betsiamites,Q7,07070000,5.101,1.589,151,2024,,,,,,,,,,,,,,,,,,,
rivière Betsiamites,Q7,07070000,5.101,1.589,151,2025,,,,,,,,,,,,,,,,,,,
rivière aux Anglais,Q7,07120000,0.103,0.02,152,1984,,,,,,,,,,,,,,,,,,,
rivière aux Anglais,Q7,07120000,0.103,0.02,152,1985,,,,,,,,,,,,,,,,,,,
rivière aux Anglais,Q7,07120000,0.103,0.02,152,1986,,,,,,,,,,,,,,,,,,,
rivière aux Anglais,Q7,07120000,0.103,0.02,152,1987,,,,,,,,,,,,,,,,,,,
rivière aux Anglais,Q7,07120000,0.103,0.02,152,1988,,,,,,,,,,,,,,,,,,,
rivière aux Anglais,Q7,07120000,0.103,0.02,152,1989,,,,,,,,,,,,,,,,,,,
rivière aux Anglais,Q7,07120000,0.103,0.02,152,1990,,,,,,,,,,,,,,,,,,,
rivière aux Anglais,Q7,07120000,0.103,0.02,152,1991,,,,,,,,,,,,,,,,,,,
rivière aux Anglais,Q7,07120000,0.103,0.02,152,1992,,,,,,,,,,,,,,,,,,,
rivière aux Anglais,Q7,07120000,0.103,0.02,152,1993,,,,,,,,,,,,,,,,,,,
rivière aux Anglais,Q7,07120000,0.103,0.02,152,1994,,,,,,,,,,,,,,,,,,,
rivière aux Anglais,Q7,07120000,0.103,0.02,152,1995,,,,,,,,,,,,,,,,,,,
rivière aux Anglais,Q7,07120000,0.103,0.02,152,1996,,,,,,,,,,,,,,,,,,,
rivière aux Anglais,Q7,07120000,0.103,0.02,152,1997,,,,,,,,,,,,,,,,,,,
rivière aux Anglais,Q7,07120000,0.103,0.02,152,1998,,,,,,,,,,,,,,,,,,,
rivière aux Anglais,Q7,07120000,0.103,0.02,152,1999,,,,,,,,,,,,,,,,,,,
rivière aux Anglais,Q7,07120000,0.103,0.02,152,2000,,,,,,,,,,,,,,,,,,,
rivière aux Anglais,Q7,07120000,0.103,0.02,152,2001,,,,,,,,,,,,,,,,,,,
rivière aux Anglais,Q7,07120000,0.103,0.02,152,2002,,,,,,,,,,,,,,,,,,,
rivière aux Anglais,Q7,07120000,0.103,0.02,152,2003,,,,,,,,,,,,,32.0,25.0,57.0,32.0,25.0,57.0,0.14
rivière aux Anglais,Q7,07120000,0.103,0.02,152,2004,,,,,,,,,,,,,7.0,14.0,21.0,7.0,14.0,21.0,0.08
rivière aux Anglais,Q7,07120000,0.103,0.02,152,2005,,,,,,,,,,,,,14.0,10.0,24.0,14.0,10.0,24.0,0.06
rivière aux Anglais,Q7,07120000,0.103,0.02,152,2006,,,,,,,,,,,,,38.0,16.0,54.0,37.0,16.0,53.0,0.09
rivière aux Anglais,Q7,07120000,0.103,0.02,152,2007,,,,,,,,,,,,,21.0,18.0,39.0,21.0,18.0,39.0,0.1
rivière aux Anglais,Q7,07120000,0.103,0.02,152,2008,,,,,,,,,,,,,,,,,,,
rivière aux Anglais,Q7,07120000,0.103,0.02,152,2009,,,,,,,,,,,,,,,,,,,
rivière aux Anglais,Q7,07120000,0.103,0.02,152,2010,,,,,,,,,,,,,,,,,,,
rivière aux Anglais,Q7,07120000,0.103,0.02,152,2011,,,,,,,,,,,,,,,,,,,
rivière aux Anglais,Q7,07120000,0.103,0.02,152,2012,,,,,,,,,,,,,,,,,,,
rivière aux Anglais,Q7,07120000,0.103,0.02,153,2013,,,,,,,,,,,,,,,,,,,
rivière aux Anglais,Q7,07120000,0.103,0.02,153,2014,,,,,,,,,,,,,,,,,,,
rivière aux Anglais,Q7,07120000,0.103,0.02,153,2015,,,,,,,,,,,,,,,,,,,
rivière aux Anglais,Q7,07120000,0.103,0.02,153,2016,,,,,,,,,,,,,,,,,,,
rivière aux Anglais,Q7,07120000,0.103,0.02,153,2017,,,,,,,,,,,,,,,,,,,
rivière aux Anglais,Q7,07120000,0.103,0.02,153,2018,,,,,,,,,,,,,,,,,,,
rivière aux Anglais,Q7,07120000,0.103,0.02,153,2019,,,,,,,,,,,,,,,,,,,
rivière aux Anglais,Q7,07120000,0.103,0.02,153,2020,,,,,,,,,,,,,,,,,,,
rivière aux Anglais,Q7,07120000,0.103,0.02,153,2021,,,,,,,,,,,,,,,,,,,
rivière aux Anglais,Q7,07120000,0.103,0.02,153,2022,,,,,,,,,,,,,,,,,,,
rivière aux Anglais,Q7,07120000,0.103,0.02,153,2023,,,,,,,,,,,,,,,,,,,
rivière aux Anglais,Q7,07120000,0.103,0.02,153,2024,,,,,,,,,,,,,,,,,,,
rivière aux Anglais,Q7,07120000,0.103,0.02,153,2025,,,,,,,,,,,,,,,,,,,
rivière Franquelin,Q7,07130000,0.229,0.053,154,1984,,,,,,,,,,,,,,,,,,,
rivière Franquelin,Q7,07130000,0.229,0.053,154,1985,,,,,,,,,,,,,,,,,,,
rivière Franquelin,Q7,07130000,0.229,0.053,154,1986,,,,,,,,,,,,,,,,,,,
rivière Franquelin,Q7,07130000,0.229,0.053,154,1987,,,,,,,,,,,,,,,,,,,
rivière Franquelin,Q7,07130000,0.229,0.053,154,1988,,,,,,,,,,,,,1.0,1.0,2.0,1.0,1.0,2.0,0.01
rivière Franquelin,Q7,07130000,0.229,0.053,154,1989,,,,,,,,,,,,,,,,,,,
rivière Franquelin,Q7,07130000,0.229,0.053,154,1990,,,,,,,,,,,,,,,,,,,
rivière Franquelin,Q7,07130000,0.229,0.053,154,1991,,,,,,,,,,,,,,,,,,,
rivière Franquelin,Q7,07130000,0.229,0.053,154,1992,,,,,,,,,,,,,,,,,,,
rivière Franquelin,Q7,07130000,0.229,0.053,154,1993,,,,,,,,,,,,,,,,,,,
rivière Franquelin,Q7,07130000,0.229,0.053,154,1994,,,,,,,,,,,,,,,,,,,
rivière Franquelin,Q7,07130000,0.229,0.053,154,1995,,,,,,,,,,,,,,,,,,,
rivière Franquelin,Q7,07130000,0.229,0.053,154,1996,,,,,,,,,,,,,,,,,,,
rivière Franquelin,Q7,07130000,0.229,0.053,154,1997,,,,,,,,,,,,,,,,,,,
rivière Franquelin,Q7,07130000,0.229,0.053,154,1998,,,,,,,,,,,,,,,,,,,
rivière Franquelin,Q7,07130000,0.229,0.053,154,1999,,,,,,,,,,,,,,,,,,,
rivière Franquelin,Q7,07130000,0.229,0.053,154,2000,,,,,,,,,,,,,,,,,,,
rivière Franquelin,Q7,07130000,0.229,0.053,154,2001,,,,,,,,,,,,,,,,,,,
rivière Franquelin,Q7,07130000,0.229,0.053,154,2002,,,,,,,,,,,,,,,,,,,
rivière Franquelin,Q7,07130000,0.229,0.053,154,2003,,,,,,,,,,,,,,,,,,,
rivière Franquelin,Q7,07130000,0.229,0.053,154,2004,,,,,,,,,,,,,,,,,,,
rivière Franquelin,Q7,07130000,0.229,0.053,154,2005,,,,,,,,,,,,,,,,,,,
rivière Franquelin,Q7,07130000,0.229,0.053,154,2006,,,,,,,,,,,,,,,,,,,
rivière Franquelin,Q7,07130000,0.229,0.053,154,2007,,,,,,,,,,,,,,,,,,,
rivière Franquelin,Q7,07130000,0.229,0.053,154,2008,,,,,,,,,,,,,,,,,,,
rivière Franquelin,Q7,07130000,0.229,0.053,154,2009,,,,,,,,,,,,,,,,,,,
rivière Franquelin,Q7,07130000,0.229,0.053,154,2010,,,,,,,,,,,,,,,,,,,
rivière Franquelin,Q7,07130000,0.229,0.053,154,2011,,,,,,,,,,,,,,,,,,,
rivière Franquelin,Q7,07130000,0.229,0.053,154,2012,,,,,,,,,,,,,,,,,,,
rivière Franquelin,Q7,07130000,0.229,0.053,155,2013,,,,,,,,,,,,,,,,,,,
rivière Franquelin,Q7,07130000,0.229,0.053,155,2014,,,,,,,,,,,,,,,,,,,
rivière Franquelin,Q7,07130000,0.229,0.053,155,2015,,,,,,,,,,,,,,,,,,,
rivière Franquelin,Q7,07130000,0.229,0.053,155,2016,,,,,,,,,,,,,,,,,,,
rivière Franquelin,Q7,07130000,0.229,0.053,155,2017,,,,,,,,,,,,,,,,,,,
rivière Franquelin,Q7,07130000,0.229,0.053,155,2018,,,,,,,,,,,,,,,,,,,
rivière Franquelin,Q7,07130000,0.229,0.053,155,2019,,,,,,,,,,,,,,,,,,,
rivière Franquelin,Q7,07130000,0.229,0.053,155,2020,,,,,,,,,,,,,,,,,,,
rivière Franquelin,Q7,07130000,0.229,0.053,155,2021,,,,,,,,,,,,,,,,,,,
rivière Franquelin,Q7,07130000,0.229,0.053,155,2022,,,,,,,,,,,,,,,,,,,
rivière Franquelin,Q7,07130000,0.229,0.053,155,2023,,,,,,,,,,,,,,,,,,,
rivière Franquelin,Q7,07130000,0.229,0.053,155,2024,,,,,,,,,,,,,,,,,,,
rivière Franquelin,Q7,07130000,0.229,0.053,155,2025,,,,,,,,,,,,,,,,,,,
rivière Godbout,Q7,07140000,5.6,1.763,156,1984,238.0,290.0,528.0,,1369.0,0.39,,,,,0.0,528.0,,,,,,,
rivière Godbout,Q7,07140000,5.6,1.763,156,1985,165.0,540.0,705.0,,1658.0,0.43,,,,,1.0,706.0,,,,,,,
rivière Godbout,Q7,07140000,5.6,1.763,156,1986,445.0,446.0,891.0,,1714.0,0.52,,34.0,28.0,30.0,23.0,914.0,1325.0,1620.0,2945.0,880.0,1174.0,2054.0,5.61
rivière Godbout,Q7,07140000,5.6,1.763,156,1987,462.0,462.0,924.0,,2198.0,0.42,,34.0,28.0,30.0,0.0,924.0,1367.0,1671.0,3038.0,905.0,1209.0,2114.0,5.79
rivière Godbout,Q7,07140000,5.6,1.763,156,1988,483.0,396.0,879.0,,2352.0,0.37,,33.0,27.0,30.0,0.0,879.0,1477.0,1490.0,2967.0,994.0,1094.0,2088.0,5.18
rivière Godbout,Q7,07140000,5.6,1.763,156,1989,505.0,297.0,802.0,,2536.0,0.32,,32.0,21.0,27.0,0.0,802.0,1578.0,1422.0,3000.0,1073.0,1125.0,2198.0,5.36
rivière Godbout,Q7,07140000,5.6,1.763,156,1990,579.0,318.0,897.0,,2312.0,0.39,,37.0,25.0,32.0,0.0,897.0,1574.0,1256.0,2830.0,995.0,938.0,1933.0,4.82
rivière Godbout,Q7,07140000,5.6,1.763,156,1991,249.0,265.0,514.0,,1848.0,0.28,,25.0,22.0,23.0,0.0,514.0,1010.0,1219.0,2229.0,761.0,954.0,1715.0,4.79
rivière Godbout,Q7,07140000,5.6,1.763,156,1992,262.0,255.0,517.0,,1595.0,0.32,,31.0,25.0,28.0,0.0,517.0,833.0,1017.0,1850.0,571.0,762.0,1333.0,3.79
rivière Godbout,Q7,07140000,5.6,1.763,156,1993,172.0,162.0,334.0,,1524.0,0.22,,30.0,23.0,26.0,18.0,352.0,572.0,699.0,1271.0,398.0,521.0,919.0,2.57
rivière Godbout,Q7,07140000,5.6,1.763,156,1994,157.0,152.0,309.0,,1329.0,0.23,,29.0,23.0,26.0,16.0,325.0,535.0,654.0,1189.0,372.0,492.0,864.0,2.57
rivière Godbout,Q7,07140000,5.6,1.763,156,1995,103.0,0.0,103.0,,1043.0,0.1,,16.0,0.0,7.0,19.0,122.0,660.0,806.0,1466.0,552.0,792.0,1344.0,3.89
rivière Godbout,Q7,07140000,5.6,1.763,156,1996,222.0,65.0,287.0,69.0,899.0,0.32,0.4,32.0,8.0,19.0,10.0,297.0,697.0,849.0,1546.0,468.0,781.0,1249.0,4.04
rivière Godbout,Q7,07140000,5.6,1.763,156,1997,105.0,73.0,178.0,72.0,1087.0,0.16,0.23,23.0,14.0,18.0,8.0,186.0,452.0,511.0,963.0,339.0,438.0,777.0,2.54
rivière Godbout,Q7,07140000,5.6,1.763,156,1998,126.0,39.0,165.0,67.0,829.0,0.2,0.28,25.0,7.0,15.0,34.0,199.0,504.0,563.0,1067.0,367.0,501.0,868.0,2.86
rivière Godbout,Q7,07140000,5.6,1.763,156,1999,52.0,20.0,72.0,56.0,828.0,0.09,0.15,12.0,4.0,8.0,17.0,89.0,450.0,472.0,922.0,392.0,441.0,833.0,2.57
rivière Godbout,Q7,07140000,5.6,1.763,156,2000,58.0,0.0,58.0,68.0,718.0,0.08,0.18,24.0,0.0,11.0,22.0,80.0,244.0,268.0,512.0,179.0,253.0,432.0,1.43
rivière Godbout,Q7,07140000,5.6,1.763,156,2001,86.0,0.0,86.0,116.0,461.0,0.19,0.44,30.0,0.0,11.0,14.0,100.0,284.0,501.0,785.0,196.0,489.0,685.0,2.71
rivière Godbout,Q7,07140000,5.6,1.763,156,2002,103.0,0.0,103.0,101.0,486.0,0.21,0.42,23.0,0.0,15.0,24.0,127.0,442.0,243.0,685.0,334.0,224.0,558.0,1.32
rivière Godbout,Q7,07140000,5.6,1.763,156,2003,57.0,0.0,57.0,97.0,490.0,0.12,0.31,15.0,0.0,7.0,11.0,68.0,393.0,427.0,820.0,334.0,418.0,752.0,2.32
rivière Godbout,Q7,07140000,5.6,1.763,156,2004,119.0,0.0,119.0,115.0,531.0,0.22,0.44,23.0,0.0,11.0,6.0,125.0,508.0,583.0,1091.0,384.0,582.0,966.0,3.25
rivière Godbout,Q7,07140000,5.6,1.763,156,2005,53.0,0.0,53.0,109.0,627.0,0.08,0.26,20.0,0.0,7.0,14.0,67.0,271.0,542.0,813.0,214.0,532.0,746.0,2.97
rivière Godbout,Q7,07140000,5.6,1.763,156,2006,88.0,0.0,88.0,138.0,757.0,0.12,0.3,19.0,0.0,9.0,19.0,107.0,469.0,543.0,1012.0,376.0,529.0,905.0,2.97
rivière Godbout,Q7,07140000,5.6,1.763,156,2007,64.0,0.0,64.0,125.0,683.0,0.09,0.28,,,,18.0,82.0,,,,,,,
rivière Godbout,Q7,07140000,5.6,1.763,156,2008,157.0,0.0,157.0,208.0,682.0,0.23,0.54,25.0,0.0,20.0,0.0,157.0,620.0,152.0,772.0,463.0,152.0,615.0,
rivière Godbout,Q7,07140000,5.6,1.763,156,2009,41.0,0.0,41.0,171.0,675.0,0.06,0.31,23.0,0.0,5.0,10.0,51.0,177.0,641.0,818.0,133.0,634.0,767.0,3.5
rivière Godbout,Q7,07140000,5.6,1.763,156,2010,64.0,0.0,64.0,119.0,455.0,0.14,0.4,17.0,0.0,7.0,12.0,76.0,368.0,550.0,918.0,299.0,543.0,842.0,3.04
rivière Godbout,Q7,07140000,5.6,1.763,156,2011,155.0,0.0,155.0,197.0,476.0,0.33,0.74,25.0,0.0,12.0,2.0,157.0,623.0,694.0,1317.0,466.0,694.0,1160.0,3.9
rivière Godbout,Q7,07140000,5.6,1.763,156,2012,48.0,0.0,48.0,165.0,522.0,0.09,0.41,18.0,0.0,6.0,2.0,50.0,273.0,598.0,871.0,223.0,598.0,821.0,3.31
rivière Godbout,Q7,07140000,5.6,1.763,157,2013,40.0,0.0,40.0,184.0,570.0,0.07,0.39,,,,0.0,40.0,,,,,,,
rivière Godbout,Q7,07140000,5.6,1.763,157,2014,40.0,0.0,40.0,94.0,665.0,0.06,0.2,,,,1.0,41.0,,,,,,,
rivière Godbout,Q7,07140000,5.6,1.763,157,2015,165.0,0.0,165.0,202.0,860.0,0.19,0.43,,,,14.0,179.0,,,,,,,
rivière Godbout,Q7,07140000,5.6,1.763,157,2016,122.0,0.0,122.0,188.0,893.0,0.14,0.35,,,,13.0,135.0,,,,,,,
rivière Godbout,Q7,07140000,5.6,1.763,157,2017,78.0,0.0,78.0,257.0,882.0,0.09,0.38,,,,18.0,96.0,,,,,,,
rivière Godbout,Q7,07140000,5.6,1.763,157,2018,91.0,0.0,91.0,207.0,888.0,0.1,0.34,,,,13.0,104.0,,,,,,,
rivière Godbout,Q7,07140000,5.6,1.763,157,2019,49.0,0.0,49.0,222.0,988.0,0.05,0.27,,,,16.0,65.0,,,,,,,
rivière Godbout,Q7,07140000,5.6,1.763,157,2020,33.0,0.0,33.0,60.0,703.0,0.05,0.13,,,,3.0,36.0,,,,,,,
rivière Godbout,Q7,07140000,5.6,1.763,157,2021,150.0,0.0,150.0,209.0,1128.0,0.13,0.32,,,,15.0,165.0,,,,,,,
rivière Godbout,Q7,07140000,5.6,1.763,157,2022,81.0,0.0,81.0,277.0,1070.0,0.08,0.33,,,,19.0,100.0,,,,,,,
rivière Godbout,Q7,07140000,5.6,1.763,157,2023,13.0,0.0,13.0,126.0,722.0,0.02,0.19,,,,9.0,22.0,,,,,,,
rivière Godbout,Q7,07140000,5.6,1.763,157,2024,12.0,0.0,12.0,42.0,583.0,0.02,0.09,,,,3.0,15.0,,,,,,,
rivière Godbout,Q7,07140000,5.6,1.763,157,2025,0.0,0.0,0.0,67.0,163.0,0.0,0.41,,,,5.0,5.0,,,,,,,
rivière de la Trinité,Q7,07150000,1.657,0.608,158,1984,417.0,137.0,554.0,,2474.0,0.22,,24.0,27.0,24.0,0.0,554.0,1773.0,512.0,2285.0,1356.0,375.0,1731.0,2.22
rivière de la Trinité,Q7,07150000,1.657,0.608,158,1985,164.0,257.0,421.0,,2331.0,0.18,,15.0,41.0,25.0,5.0,426.0,1077.0,623.0,1700.0,910.0,364.0,1274.0,2.1
rivière de la Trinité,Q7,07150000,1.657,0.608,158,1986,514.0,226.0,740.0,,2246.0,0.33,,32.0,36.0,33.0,3.0,743.0,1587.0,629.0,2216.0,1070.0,403.0,1473.0,2.32
rivière de la Trinité,Q7,07150000,1.657,0.608,158,1987,523.0,131.0,654.0,,1771.0,0.37,,40.0,23.0,35.0,4.0,658.0,1317.0,563.0,1880.0,776.0,426.0,1202.0,2.46
rivière de la Trinité,Q7,07150000,1.657,0.608,158,1988,583.0,105.0,688.0,,2680.0,0.26,,36.0,13.0,28.0,6.0,694.0,1629.0,820.0,2449.0,1046.0,715.0,1761.0,4.07
rivière de la Trinité,Q7,07150000,1.657,0.608,158,1989,493.0,133.0,626.0,,2832.0,0.22,,27.0,28.0,27.0,0.0,626.0,1806.0,482.0,2288.0,1313.0,349.0,1662.0,2.17
rivière de la Trinité,Q7,07150000,1.657,0.608,158,1990,674.0,158.0,832.0,,3110.0,0.27,,35.0,30.0,34.0,2.0,834.0,1905.0,530.0,2435.0,1229.0,372.0,1601.0,2.46
rivière de la Trinité,Q7,07150000,1.657,0.608,158,1991,345.0,128.0,473.0,,2405.0,0.2,,26.0,25.0,26.0,2.0,475.0,1329.0,521.0,1850.0,983.0,392.0,1375.0,2.28
rivière de la Trinité,Q7,07150000,1.657,0.608,158,1992,217.0,156.0,373.0,,2693.0,0.14,,38.0,25.0,31.0,3.0,376.0,570.0,617.0,1187.0,352.0,459.0,811.0,2.54
rivière de la Trinité,Q7,07150000,1.657,0.608,158,1993,172.0,57.0,229.0,,2676.0,0.09,,42.0,21.0,34.0,1.0,230.0,410.0,271.0,681.0,238.0,213.0,451.0,1.47
rivière de la Trinité,Q7,07150000,1.657,0.608,158,1994,183.0,35.0,218.0,,2274.0,0.1,,32.0,11.0,25.0,0.0,218.0,578.0,310.0,888.0,395.0,275.0,670.0,2.15
rivière de la Trinité,Q7,07150000,1.657,0.608,158,1995,105.0,116.0,221.0,,2125.0,0.1,,30.0,17.0,22.0,2.0,223.0,348.0,671.0,1019.0,243.0,553.0,796.0,3.7
rivière de la Trinité,Q7,07150000,1.657,0.608,158,1996,184.0,64.0,248.0,,2445.0,0.1,,28.0,15.0,23.0,2.0,250.0,663.0,434.0,1097.0,477.0,370.0,847.0,2.82
rivière de la Trinité,Q7,07150000,1.657,0.608,158,1997,156.0,61.0,217.0,,2397.0,0.09,,40.0,11.0,23.0,1.0,218.0,394.0,558.0,952.0,237.0,496.0,733.0,3.44
rivière de la Trinité,Q7,07150000,1.657,0.608,158,1998,114.0,78.0,192.0,,2642.0,0.07,,22.0,20.0,21.0,2.0,194.0,524.0,385.0,909.0,408.0,307.0,715.0,2.35
rivière de la Trinité,Q7,07150000,1.657,0.608,158,1999,66.0,47.0,113.0,,1675.0,0.07,,17.0,12.0,15.0,3.0,116.0,396.0,381.0,777.0,327.0,334.0,661.0,2.41
rivière de la Trinité,Q7,07150000,1.657,0.608,158,2000,38.0,15.0,53.0,,1234.0,0.04,,15.0,6.0,11.0,1.0,54.0,251.0,250.0,501.0,213.0,234.0,447.0,1.7
rivière de la Trinité,Q7,07150000,1.657,0.608,158,2001,23.0,37.0,60.0,3.0,901.0,0.07,0.07,23.0,20.0,21.0,0.0,60.0,100.0,187.0,287.0,77.0,150.0,227.0,1.08
rivière de la Trinité,Q7,07150000,1.657,0.608,158,2002,71.0,0.0,71.0,23.0,726.0,0.1,0.13,18.0,0.0,14.0,0.0,71.0,404.0,108.0,512.0,333.0,108.0,441.0,0.92
rivière de la Trinité,Q7,07150000,1.657,0.608,158,2003,66.0,20.0,86.0,14.0,834.0,0.1,0.12,17.0,9.0,14.0,0.0,86.0,385.0,218.0,603.0,317.0,200.0,517.0,1.5
rivière de la Trinité,Q7,07150000,1.657,0.608,158,2004,54.0,0.0,54.0,25.0,862.0,0.06,0.09,16.0,0.0,10.0,0.0,54.0,334.0,230.0,564.0,280.0,230.0,510.0,1.7
rivière de la Trinité,Q7,07150000,1.657,0.608,158,2005,51.0,0.0,51.0,10.0,644.0,0.08,0.09,18.0,0.0,12.0,6.0,57.0,277.0,149.0,426.0,222.0,147.0,369.0,1.09
rivière de la Trinité,Q7,07150000,1.657,0.608,158,2006,120.0,0.0,120.0,18.0,735.0,0.16,0.19,23.0,0.0,14.0,2.0,122.0,515.0,357.0,872.0,395.0,355.0,750.0,2.61
rivière de la Trinité,Q7,07150000,1.657,0.608,158,2007,123.0,0.0,123.0,32.0,931.0,0.13,0.17,20.0,0.0,14.0,0.0,123.0,601.0,249.0,850.0,478.0,249.0,727.0,1.92
rivière de la Trinité,Q7,07150000,1.657,0.608,158,2008,112.0,0.0,112.0,42.0,788.0,0.14,0.2,18.0,0.0,12.0,3.0,115.0,628.0,325.0,953.0,516.0,322.0,838.0,2.43
rivière de la Trinité,Q7,07150000,1.657,0.608,158,2009,23.0,0.0,23.0,20.0,627.0,0.04,0.07,10.0,0.0,5.0,2.0,25.0,229.0,216.0,445.0,206.0,214.0,420.0,1.55
rivière de la Trinité,Q7,07150000,1.657,0.608,158,2010,105.0,0.0,105.0,18.0,681.0,0.15,0.18,17.0,0.0,12.0,1.0,106.0,611.0,258.0,869.0,509.0,254.0,763.0,2.01
rivière de la Trinité,Q7,07150000,1.657,0.608,158,2011,206.0,0.0,206.0,79.0,986.0,0.21,0.29,22.0,0.0,16.0,0.0,206.0,949.0,317.0,1266.0,748.0,312.0,1060.0,2.48
rivière de la Trinité,Q7,07150000,1.657,0.608,158,2012,64.0,0.0,64.0,43.0,973.0,0.07,0.11,24.0,0.0,12.0,1.0,65.0,263.0,286.0,549.0,199.0,285.0,484.0,1.99
rivière de la Trinité,Q7,07150000,1.657,0.608,159,2013,37.0,0.0,37.0,50.0,736.0,0.05,0.12,22.0,0.0,9.0,1.0,38.0,172.0,226.0,398.0,135.0,225.0,360.0,1.56
rivière de la Trinité,Q7,07150000,1.657,0.608,159,2014,35.0,0.0,35.0,17.0,694.0,0.05,0.07,15.0,0.0,12.0,3.0,38.0,235.0,65.0,300.0,199.0,63.0,262.0,0.51
rivière de la Trinité,Q7,07150000,1.657,0.608,159,2015,121.0,0.0,121.0,41.0,817.0,0.15,0.2,21.0,0.0,17.0,4.0,125.0,571.0,140.0,711.0,448.0,138.0,586.0,1.25
rivière de la Trinité,Q7,07150000,1.657,0.608,159,2016,115.0,0.0,115.0,55.0,1084.0,0.11,0.16,20.0,0.0,14.0,5.0,120.0,578.0,221.0,799.0,465.0,214.0,679.0,1.81
rivière de la Trinité,Q7,07150000,1.657,0.608,159,2017,44.0,0.0,44.0,47.0,1055.0,0.04,0.09,21.0,0.0,9.0,3.0,47.0,212.0,264.0,476.0,169.0,260.0,429.0,2.05
rivière de la Trinité,Q7,07150000,1.657,0.608,159,2018,25.0,0.0,25.0,14.0,757.0,0.03,0.05,14.0,0.0,9.0,2.0,27.0,184.0,81.0,265.0,158.0,80.0,238.0,0.66
rivière de la Trinité,Q7,07150000,1.657,0.608,159,2019,25.0,0.0,25.0,32.0,872.0,0.03,0.07,17.0,0.0,10.0,9.0,34.0,150.0,99.0,249.0,120.0,95.0,215.0,0.76
rivière de la Trinité,Q7,07150000,1.657,0.608,159,2020,28.0,0.0,28.0,35.0,948.0,0.03,0.07,12.0,0.0,8.0,4.0,32.0,225.0,113.0,338.0,197.0,109.0,306.0,0.9
rivière de la Trinité,Q7,07150000,1.657,0.608,159,2021,76.0,0.0,76.0,107.0,852.0,0.09,0.21,10.0,0.0,9.0,9.0,85.0,770.0,98.0,868.0,689.0,94.0,783.0,0.98
rivière de la Trinité,Q7,07150000,1.657,0.608,159,2022,34.0,0.0,34.0,63.0,1157.0,0.03,0.08,17.0,0.0,7.0,4.0,38.0,206.0,263.0,469.0,172.0,259.0,431.0,2.02
rivière de la Trinité,Q7,07150000,1.657,0.608,159,2023,0.0,0.0,0.0,19.0,518.0,0.0,0.04,0.0,0.0,0.0,1.0,1.0,23.0,128.0,151.0,23.0,127.0,150.0,0.97
rivière de la Trinité,Q7,07150000,1.657,0.608,159,2024,1.0,0.0,1.0,5.0,,,,3.0,0.0,2.0,0.0,1.0,34.0,31.0,65.0,33.0,31.0,64.0,0.24
rivière de la Trinité,Q7,07150000,1.657,0.608,159,2025,0.0,0.0,0.0,10.0,103.0,0.0,0.1,0.0,0.0,0.0,1.0,1.0,94.0,15.0,109.0,93.0,15.0,108.0,0.15
Petite rivière de la Trinité,Q7,07160000,0.224,0.053,160,1984,3.0,0.0,3.0,,20.0,0.15,,,,,0.0,3.0,,,,,,,
Petite rivière de la Trinité,Q7,07160000,0.224,0.053,160,1985,1.0,2.0,3.0,,33.0,0.09,,,,,0.0,3.0,,,,,,,
Petite rivière de la Trinité,Q7,07160000,0.224,0.053,160,1986,4.0,0.0,4.0,,38.0,0.11,,,,,0.0,4.0,,,,,,,
Petite rivière de la Trinité,Q7,07160000,0.224,0.053,160,1987,,,,,,,,,,,,,,,,,,,
Petite rivière de la Trinité,Q7,07160000,0.224,0.053,160,1988,11.0,1.0,12.0,,46.0,0.26,,,,,0.0,12.0,,,,,,,
Petite rivière de la Trinité,Q7,07160000,0.224,0.053,160,1989,6.0,2.0,8.0,,158.0,0.05,,,,,0.0,8.0,,,,,,,
Petite rivière de la Trinité,Q7,07160000,0.224,0.053,160,1990,11.0,1.0,12.0,,246.0,0.05,,,,,0.0,12.0,,,,,,,
Petite rivière de la Trinité,Q7,07160000,0.224,0.053,160,1991,1.0,1.0,2.0,,75.0,0.03,,,,,0.0,2.0,,,,,,,
Petite rivière de la Trinité,Q7,07160000,0.224,0.053,160,1992,1.0,1.0,2.0,,151.0,0.01,,,,,0.0,2.0,,,,,,,
Petite rivière de la Trinité,Q7,07160000,0.224,0.053,160,1993,6.0,1.0,7.0,,295.0,0.02,,,,,0.0,7.0,,,,,,,
Petite rivière de la Trinité,Q7,07160000,0.224,0.053,160,1994,9.0,1.0,10.0,,262.0,0.04,,,,,0.0,10.0,,,,,,,
Petite rivière de la Trinité,Q7,07160000,0.224,0.053,160,1995,2.0,14.0,16.0,,183.0,0.09,,,,,0.0,16.0,,,,,,,
Petite rivière de la Trinité,Q7,07160000,0.224,0.053,160,1996,1.0,4.0,5.0,,208.0,0.02,,,,,0.0,5.0,,,,,,,
Petite rivière de la Trinité,Q7,07160000,0.224,0.053,160,1997,4.0,2.0,6.0,,328.0,0.02,,,,,0.0,6.0,,,,,,,
Petite rivière de la Trinité,Q7,07160000,0.224,0.053,160,1998,3.0,1.0,4.0,,154.0,0.03,,,,,0.0,4.0,,,,,,,
Petite rivière de la Trinité,Q7,07160000,0.224,0.053,160,1999,0.0,0.0,0.0,,219.0,0.0,,,,,0.0,0.0,,,,,,,
Petite rivière de la Trinité,Q7,07160000,0.224,0.053,160,2000,0.0,0.0,0.0,,47.0,0.0,,,,,0.0,0.0,,,,,,,
Petite rivière de la Trinité,Q7,07160000,0.224,0.053,160,2001,0.0,0.0,0.0,,26.0,0.0,,,,,0.0,0.0,,,,,,,
Petite rivière de la Trinité,Q7,07160000,0.224,0.053,160,2002,,,,,,,,,,,,,,,,,,,
Petite rivière de la Trinité,Q7,07160000,0.224,0.053,160,2003,,,,,,,,,,,,,,,,,,,
Petite rivière de la Trinité,Q7,07160000,0.224,0.053,160,2004,,,,,,,,,,,,,,,,,,,
Petite rivière de la Trinité,Q7,07160000,0.224,0.053,160,2005,,,,,,,,,,,,,,,,,,,
Petite rivière de la Trinité,Q7,07160000,0.224,0.053,160,2006,,,,,,,,,,,,,,,,,,,
Petite rivière de la Trinité,Q7,07160000,0.224,0.053,160,2007,,,,,,,,,,,,,,,,,,,
Petite rivière de la Trinité,Q7,07160000,0.224,0.053,160,2008,,,,,,,,,,,,,,,,,,,
Petite rivière de la Trinité,Q7,07160000,0.224,0.053,160,2009,,,,,,,,,,,,,,,,,,,
Petite rivière de la Trinité,Q7,07160000,0.224,0.053,160,2010,,,,,,,,,,,,,,,,,,,
Petite rivière de la Trinité,Q7,07160000,0.224,0.053,160,2011,,,,,,,,,,,,,,,,,,,
Petite rivière de la Trinité,Q7,07160000,0.224,0.053,160,2012,,,,,,,,,,,,,,,,,,,
Petite rivière de la Trinité,Q7,07160000,0.224,0.053,161,2013,,,,,,,,,,,,,,,,,,,
Petite rivière de la Trinité,Q7,07160000,0.224,0.053,161,2014,,,,,,,,,,,,,,,,,,,
Petite rivière de la Trinité,Q7,07160000,0.224,0.053,161,2015,,,,,,,,,,,,,,,,,,,
Petite rivière de la Trinité,Q7,07160000,0.224,0.053,161,2016,,,,,,,,,,,,,,,,,,,
Petite rivière de la Trinité,Q7,07160000,0.224,0.053,161,2017,,,,,,,,,,,,,,,,,,,
Petite rivière de la Trinité,Q7,07160000,0.224,0.053,161,2018,,,,,,,,,,,,,,,,,,,
Petite rivière de la Trinité,Q7,07160000,0.224,0.053,161,2019,,,,,,,,,,,,,,,,,,,
Petite rivière de la Trinité,Q7,07160000,0.224,0.053,161,2020,,,,,,,,,,,,,,,,,,,
Petite rivière de la Trinité,Q7,07160000,0.224,0.053,161,2021,,,,,,,,,,,,,,,,,,,
Petite rivière de la Trinité,Q7,07160000,0.224,0.053,161,2022,,,,,,,,,,,,,,,,,,,
Petite rivière de la Trinité,Q7,07160000,0.224,0.053,161,2023,,,,,,,,,,,,,,,,,,,
Petite rivière de la Trinité,Q7,07160000,0.224,0.053,161,2024,,,,,,,,,,,,,,,,,,,
Petite rivière de la Trinité,Q7,07160000,0.224,0.053,161,2025,,,,,,,,,,,,,,,,,,,
rivière Pentecôte,Q7,07170000,0.518,0.142,162,1984,,,,,,,,,,,,,,,,,,,
rivière Pentecôte,Q7,07170000,0.518,0.142,162,1985,,,,,,,,,,,,,,,,,,,
rivière Pentecôte,Q7,07170000,0.518,0.142,162,1986,,,,,,,,,,,,,,,,,,,
rivière Pentecôte,Q7,07170000,0.518,0.142,162,1987,,,,,,,,,,,,,,,,,,,
rivière Pentecôte,Q7,07170000,0.518,0.142,162,1988,,,,,,,,,,,,,,,,,,,
rivière Pentecôte,Q7,07170000,0.518,0.142,162,1989,,,,,,,,,,,,,,,,,,,
rivière Pentecôte,Q7,07170000,0.518,0.142,162,1990,10.0,3.0,13.0,,43.0,0.3,,,,,0.0,13.0,,,,,,,
rivière Pentecôte,Q7,07170000,0.518,0.142,162,1991,13.0,12.0,25.0,,109.0,0.23,,,,,0.0,25.0,,,,,,,
rivière Pentecôte,Q7,07170000,0.518,0.142,162,1992,11.0,10.0,21.0,,82.0,0.26,,,,,0.0,21.0,,,,,,,
rivière Pentecôte,Q7,07170000,0.518,0.142,162,1993,4.0,6.0,10.0,,77.0,0.13,,,,,0.0,10.0,,,,,,,
rivière Pentecôte,Q7,07170000,0.518,0.142,162,1994,4.0,3.0,7.0,,47.0,0.15,,,,,0.0,7.0,,,,,,,
rivière Pentecôte,Q7,07170000,0.518,0.142,162,1995,4.0,24.0,28.0,,215.0,0.13,,,,,0.0,28.0,,,,,,,
rivière Pentecôte,Q7,07170000,0.518,0.142,162,1996,8.0,7.0,15.0,,100.0,0.15,,,,,0.0,15.0,,,,,,,
rivière Pentecôte,Q7,07170000,0.518,0.142,162,1997,15.0,10.0,25.0,,184.0,0.14,,,,,0.0,25.0,,,,,,,
rivière Pentecôte,Q7,07170000,0.518,0.142,162,1998,11.0,11.0,22.0,,200.0,0.11,,,,,0.0,22.0,,,,,,,
rivière Pentecôte,Q7,07170000,0.518,0.142,162,1999,3.0,5.0,8.0,,100.0,0.08,,,,,0.0,8.0,,,,,,,
rivière Pentecôte,Q7,07170000,0.518,0.142,162,2000,5.0,8.0,13.0,,144.0,0.09,,,,,0.0,13.0,,,,,,,
rivière Pentecôte,Q7,07170000,0.518,0.142,162,2001,4.0,6.0,10.0,,173.0,0.06,,,,,0.0,10.0,,,,,,,
rivière Pentecôte,Q7,07170000,0.518,0.142,162,2002,18.0,4.0,22.0,,162.0,0.14,,,,,0.0,22.0,,,,,,,
rivière Pentecôte,Q7,07170000,0.518,0.142,162,2003,30.0,25.0,55.0,,455.0,0.12,,,,,0.0,55.0,,,,,,,
rivière Pentecôte,Q7,07170000,0.518,0.142,162,2004,22.0,30.0,52.0,,371.0,0.14,,,,,0.0,52.0,,,,,,,
rivière Pentecôte,Q7,07170000,0.518,0.142,162,2005,13.0,8.0,21.0,,262.0,0.08,,,,,0.0,21.0,,,,,,,
rivière Pentecôte,Q7,07170000,0.518,0.142,162,2006,29.0,18.0,47.0,,361.0,0.13,,,,,0.0,47.0,,,,,,,
rivière Pentecôte,Q7,07170000,0.518,0.142,162,2007,17.0,16.0,33.0,,300.0,0.11,,,,,0.0,33.0,,,,,,,
rivière Pentecôte,Q7,07170000,0.518,0.142,162,2008,33.0,23.0,56.0,,329.0,0.17,,,,,0.0,56.0,,,,,,,
rivière Pentecôte,Q7,07170000,0.518,0.142,162,2009,11.0,10.0,21.0,,420.0,0.05,,,,,0.0,21.0,,,,,,,
rivière Pentecôte,Q7,07170000,0.518,0.142,162,2010,21.0,0.0,21.0,,175.0,0.12,,,,,0.0,21.0,,,,,,,
rivière Pentecôte,Q7,07170000,0.518,0.142,162,2011,22.0,0.0,22.0,,110.0,0.2,,,,,0.0,22.0,,,,,,,
rivière Pentecôte,Q7,07170000,0.518,0.142,162,2012,10.0,0.0,10.0,,167.0,0.06,,,,,0.0,10.0,,,,,,,
rivière Pentecôte,Q7,07170000,0.518,0.142,163,2013,4.0,0.0,4.0,,50.0,0.08,,,,,0.0,4.0,,,,,,,
rivière Pentecôte,Q7,07170000,0.518,0.142,163,2014,12.0,0.0,12.0,1.0,220.0,0.05,0.06,,,,0.0,12.0,,,,,,,
rivière Pentecôte,Q7,07170000,0.518,0.142,163,2015,28.0,0.0,28.0,0.0,187.0,0.15,0.15,,,,0.0,28.0,,,,,,,
rivière Pentecôte,Q7,07170000,0.518,0.142,163,2016,10.0,0.0,10.0,1.0,65.0,0.15,0.17,,,,0.0,10.0,,,,,,,
rivière Pentecôte,Q7,07170000,0.518,0.142,163,2017,10.0,0.0,10.0,0.0,67.0,0.15,0.15,,,,0.0,10.0,,,,,,,
rivière Pentecôte,Q7,07170000,0.518,0.142,163,2018,,,,,,,,,,,,,,,,,,,
rivière Pentecôte,Q7,07170000,0.518,0.142,163,2019,2.0,0.0,2.0,1.0,17.0,0.12,0.18,,,,0.0,2.0,,,,,,,
rivière Pentecôte,Q7,07170000,0.518,0.142,163,2020,,,,,,,,,,,,,,,,,,,
rivière Pentecôte,Q7,07170000,0.518,0.142,163,2021,7.0,0.0,7.0,1.0,80.0,0.09,0.1,,,,0.0,7.0,,,,,,,
rivière Pentecôte,Q7,07170000,0.518,0.142,163,2022,4.0,0.0,4.0,12.0,88.0,0.05,0.18,,,,1.0,5.0,,,,,,,
rivière Pentecôte,Q7,07170000,0.518,0.142,163,2023,0.0,0.0,0.0,41.0,111.0,0.0,0.37,,,,3.0,3.0,,,,,,,
rivière Pentecôte,Q7,07170000,0.518,0.142,163,2024,0.0,0.0,0.0,0.0,19.0,0.0,0.0,,,,0.0,0.0,,,,,,,
rivière Pentecôte,Q7,07170000,0.518,0.142,163,2025,,,,,,,,,,,,,,,,,,,
rivière aux Rochers,Q7,07190000,5.805,1.814,164,1984,7.0,26.0,33.0,,247.0,0.13,,10.0,24.0,18.0,17.0,50.0,73.0,107.0,180.0,59.0,71.0,130.0,0.34
rivière aux Rochers,Q7,07190000,5.805,1.814,164,1985,3.0,37.0,40.0,,258.0,0.16,,6.0,27.0,22.0,6.0,46.0,48.0,138.0,186.0,43.0,97.0,140.0,0.41
rivière aux Rochers,Q7,07190000,5.805,1.814,164,1986,18.0,74.0,92.0,,320.0,0.29,,14.0,37.0,28.0,1.0,93.0,127.0,202.0,329.0,119.0,134.0,253.0,0.66
rivière aux Rochers,Q7,07190000,5.805,1.814,164,1987,19.0,27.0,46.0,,147.0,0.31,,13.0,16.0,15.0,2.0,48.0,143.0,170.0,313.0,138.0,164.0,302.0,0.73
rivière aux Rochers,Q7,07190000,5.805,1.814,164,1988,18.0,34.0,52.0,,100.0,0.52,,8.0,13.0,10.0,0.0,52.0,231.0,271.0,502.0,213.0,242.0,455.0,1.12
rivière aux Rochers,Q7,07190000,5.805,1.814,164,1989,20.0,15.0,35.0,,193.0,0.18,,8.0,10.0,9.0,0.0,35.0,247.0,145.0,392.0,228.0,183.0,411.0,0.98
rivière aux Rochers,Q7,07190000,5.805,1.814,164,1990,44.0,18.0,62.0,,109.0,0.57,,13.0,9.0,12.0,0.0,62.0,335.0,195.0,530.0,291.0,177.0,468.0,0.82
rivière aux Rochers,Q7,07190000,5.805,1.814,164,1991,23.0,55.0,78.0,,164.0,0.48,,6.0,10.0,8.0,0.0,78.0,369.0,569.0,938.0,349.0,530.0,879.0,2.28
rivière aux Rochers,Q7,07190000,5.805,1.814,164,1992,31.0,77.0,108.0,,128.0,0.84,,7.0,13.0,10.0,0.0,108.0,443.0,591.0,1034.0,412.0,514.0,926.0,2.39
rivière aux Rochers,Q7,07190000,5.805,1.814,164,1993,30.0,61.0,91.0,,248.0,0.37,,14.0,15.0,15.0,0.0,91.0,211.0,400.0,611.0,181.0,339.0,520.0,1.73
rivière aux Rochers,Q7,07190000,5.805,1.814,164,1994,43.0,49.0,92.0,,256.0,0.36,,15.0,15.0,15.0,11.0,103.0,284.0,320.0,604.0,236.0,265.0,501.0,1.32
rivière aux Rochers,Q7,07190000,5.805,1.814,164,1995,37.0,52.0,89.0,,361.0,0.25,,15.0,8.0,10.0,14.0,103.0,249.0,666.0,915.0,210.0,602.0,812.0,2.71
rivière aux Rochers,Q7,07190000,5.805,1.814,164,1996,53.0,71.0,124.0,,414.0,0.3,,16.0,16.0,16.0,13.0,137.0,330.0,449.0,779.0,271.0,371.0,642.0,1.73
rivière aux Rochers,Q7,07190000,5.805,1.814,164,1997,82.0,85.0,167.0,44.0,640.0,0.26,0.33,17.0,20.0,19.0,9.0,176.0,480.0,420.0,900.0,394.0,330.0,724.0,1.93
rivière aux Rochers,Q7,07190000,5.805,1.814,164,1998,72.0,57.0,129.0,93.0,813.0,0.16,0.27,11.0,11.0,11.0,7.0,136.0,632.0,527.0,1159.0,557.0,466.0,1023.0,2.55
rivière aux Rochers,Q7,07190000,5.805,1.814,164,1999,68.0,40.0,108.0,101.0,996.0,0.11,0.21,9.0,6.0,8.0,2.0,110.0,748.0,657.0,1405.0,679.0,616.0,1295.0,3.39
rivière aux Rochers,Q7,07190000,5.805,1.814,164,2000,92.0,90.0,182.0,68.0,930.0,0.2,0.27,17.0,17.0,17.0,1.0,183.0,531.0,517.0,1048.0,439.0,426.0,865.0,2.16
rivière aux Rochers,Q7,07190000,5.805,1.814,164,2001,40.0,72.0,112.0,86.0,994.0,0.11,0.2,20.0,14.0,15.0,14.0,126.0,198.0,532.0,730.0,153.0,451.0,604.0,2.41
rivière aux Rochers,Q7,07190000,5.805,1.814,164,2002,95.0,54.0,149.0,8.0,854.0,0.17,0.18,25.0,21.0,23.0,11.0,160.0,380.0,260.0,640.0,283.0,197.0,480.0,1.55
rivière aux Rochers,Q7,07190000,5.805,1.814,164,2003,105.0,25.0,130.0,81.0,944.0,0.14,0.22,28.0,6.0,16.0,10.0,140.0,376.0,439.0,815.0,269.0,406.0,675.0,2.23
rivière aux Rochers,Q7,07190000,5.805,1.814,164,2004,106.0,32.0,138.0,169.0,809.0,0.17,0.38,25.0,5.0,13.0,12.0,150.0,422.0,642.0,1064.0,313.0,601.0,914.0,3.66
rivière aux Rochers,Q7,07190000,5.805,1.814,164,2005,46.0,28.0,74.0,81.0,863.0,0.09,0.18,17.0,6.0,10.0,11.0,85.0,263.0,485.0,748.0,213.0,450.0,663.0,2.57
rivière aux Rochers,Q7,07190000,5.805,1.814,164,2006,91.0,22.0,113.0,101.0,976.0,0.12,0.22,18.0,4.0,10.0,9.0,122.0,508.0,574.0,1082.0,413.0,547.0,960.0,3.05
rivière aux Rochers,Q7,07190000,5.805,1.814,164,2007,120.0,34.0,154.0,115.0,1131.0,0.14,0.24,26.0,6.0,15.0,5.0,159.0,453.0,576.0,1029.0,330.0,540.0,870.0,3.03
rivière aux Rochers,Q7,07190000,5.805,1.814,164,2008,111.0,47.0,158.0,228.0,1021.0,0.15,0.38,23.0,4.0,10.0,11.0,169.0,486.0,1085.0,1571.0,371.0,1031.0,1402.0,5.69
rivière aux Rochers,Q7,07190000,5.805,1.814,164,2009,30.0,40.0,70.0,102.0,1003.0,0.07,0.17,20.0,7.0,10.0,6.0,76.0,150.0,541.0,691.0,117.0,498.0,615.0,2.64
rivière aux Rochers,Q7,07190000,5.805,1.814,164,2010,106.0,28.0,134.0,118.0,1065.0,0.13,0.24,21.0,4.0,11.0,9.0,143.0,500.0,712.0,1212.0,390.0,679.0,1069.0,4.01
rivière aux Rochers,Q7,07190000,5.805,1.814,164,2011,186.0,57.0,243.0,147.0,1156.0,0.21,0.34,27.0,6.0,15.0,0.0,243.0,690.0,934.0,1624.0,504.0,877.0,1381.0,5.13
rivière aux Rochers,Q7,07190000,5.805,1.814,164,2012,27.0,39.0,66.0,218.0,1029.0,0.06,0.28,23.0,5.0,7.0,2.0,68.0,116.0,802.0,918.0,89.0,761.0,850.0,4.3
rivière aux Rochers,Q7,07190000,5.805,1.814,165,2013,38.0,27.0,65.0,127.0,872.0,0.07,0.22,21.0,6.0,10.0,0.0,65.0,182.0,479.0,661.0,144.0,452.0,596.0,2.35
rivière aux Rochers,Q7,07190000,5.805,1.814,165,2014,46.0,5.0,51.0,64.0,749.0,0.07,0.15,20.0,2.0,11.0,0.0,51.0,232.0,222.0,454.0,186.0,217.0,403.0,1.21
rivière aux Rochers,Q7,07190000,5.805,1.814,165,2015,148.0,0.0,148.0,149.0,878.0,0.17,0.34,31.0,0.0,16.0,12.0,160.0,474.0,424.0,898.0,325.0,413.0,738.0,2.58
rivière aux Rochers,Q7,07190000,5.805,1.814,165,2016,56.0,0.0,56.0,225.0,877.0,0.06,0.32,20.0,0.0,5.0,17.0,73.0,279.0,755.0,1034.0,222.0,739.0,961.0,4.49
rivière aux Rochers,Q7,07190000,5.805,1.814,165,2017,29.0,0.0,29.0,208.0,886.0,0.03,0.27,22.0,0.0,4.0,16.0,45.0,130.0,546.0,676.0,100.0,531.0,631.0,3.21
rivière aux Rochers,Q7,07190000,5.805,1.814,165,2018,30.0,0.0,30.0,87.0,823.0,0.04,0.14,19.0,0.0,7.0,6.0,36.0,156.0,259.0,415.0,126.0,253.0,379.0,1.55
rivière aux Rochers,Q7,07190000,5.805,1.814,165,2019,32.0,0.0,32.0,88.0,611.0,0.05,0.2,25.0,0.0,8.0,6.0,38.0,128.0,267.0,395.0,95.0,262.0,357.0,1.59
rivière aux Rochers,Q7,07190000,5.805,1.814,165,2020,16.0,0.0,16.0,97.0,624.0,0.03,0.18,11.0,0.0,4.0,7.0,23.0,149.0,212.0,361.0,132.0,206.0,338.0,1.27
rivière aux Rochers,Q7,07190000,5.805,1.814,165,2021,60.0,0.0,60.0,123.0,842.0,0.07,0.22,15.0,0.0,9.0,9.0,69.0,406.0,237.0,643.0,343.0,231.0,574.0,1.48
rivière aux Rochers,Q7,07190000,5.805,1.814,165,2022,36.0,0.0,36.0,243.0,843.0,0.04,0.33,24.0,0.0,5.0,17.0,53.0,148.0,581.0,729.0,111.0,566.0,677.0,3.42
rivière aux Rochers,Q7,07190000,5.805,1.814,165,2023,3.0,0.0,3.0,87.0,804.0,0.0,0.11,15.0,0.0,1.0,6.0,9.0,20.0,232.0,252.0,17.0,226.0,243.0,1.36
rivière aux Rochers,Q7,07190000,5.805,1.814,165,2024,5.0,0.0,5.0,41.0,587.0,0.01,0.08,9.0,0.0,4.0,3.0,8.0,53.0,68.0,121.0,47.0,66.0,113.0,0.41
rivière aux Rochers,Q7,07190000,5.805,1.814,165,2025,0.0,0.0,0.0,36.0,232.0,0.0,0.16,0.0,0.0,0.0,3.0,3.0,70.0,71.0,141.0,69.0,69.0,138.0,0.43
rivière Mistassini,Q7,07840000,0.181,0.042,166,1984,,,,,,,,,,,2.0,2.0,59.0,6.0,65.0,59.0,6.0,65.0,0.04
rivière Mistassini,Q7,07840000,0.181,0.042,166,1985,,,,,,,,,,,0.0,0.0,75.0,27.0,102.0,75.0,27.0,102.0,0.16
rivière Mistassini,Q7,07840000,0.181,0.042,166,1986,,,,,,,,,,,2.0,2.0,108.0,45.0,153.0,108.0,43.0,151.0,0.25
rivière Mistassini,Q7,07840000,0.181,0.042,166,1987,,,,,,,,,,,3.0,3.0,70.0,49.0,119.0,68.0,48.0,116.0,0.27
rivière Mistassini,Q7,07840000,0.181,0.042,166,1988,,,,,,,,,,,0.0,0.0,51.0,24.0,75.0,51.0,24.0,75.0,0.14
rivière Mistassini,Q7,07840000,0.181,0.042,166,1989,,,,,,,,,,,,,,,,,,,
rivière Mistassini,Q7,07840000,0.181,0.042,166,1990,,,,,,,,,,,,,,,,,,,
rivière Mistassini,Q7,07840000,0.181,0.042,166,1991,,,,,,,,,,,,,,,,,,,
rivière Mistassini,Q7,07840000,0.181,0.042,166,1992,,,,,,,,,,,0.0,0.0,21.0,5.0,26.0,21.0,5.0,26.0,0.03
rivière Mistassini,Q7,07840000,0.181,0.042,166,1993,,,,,,,,,,,3.0,3.0,40.0,22.0,62.0,40.0,19.0,59.0,0.11
rivière Mistassini,Q7,07840000,0.181,0.042,166,1994,,,,,,,,,,,0.0,0.0,54.0,21.0,75.0,54.0,21.0,75.0,0.12
rivière Mistassini,Q7,07840000,0.181,0.042,166,1995,,,,,,,,,,,1.0,1.0,23.0,65.0,88.0,23.0,64.0,87.0,0.35
rivière Mistassini,Q7,07840000,0.181,0.042,166,1996,0.0,0.0,0.0,,23.0,0.0,,,,,0.0,0.0,,,,,,,
rivière Mistassini,Q7,07840000,0.181,0.042,166,1997,0.0,0.0,0.0,,10.0,0.0,,,,,0.0,0.0,,,,,,,
rivière Mistassini,Q7,07840000,0.181,0.042,166,1998,0.0,0.0,0.0,,2.0,0.0,,,,,0.0,0.0,,,,,,,
rivière Mistassini,Q7,07840000,0.181,0.042,166,1999,0.0,0.0,0.0,,7.0,0.0,,,,,0.0,0.0,,,,,,,
rivière Mistassini,Q7,07840000,0.181,0.042,166,2000,,,,,,,,,,,,,,,,,,,
rivière Mistassini,Q7,07840000,0.181,0.042,166,2001,,,,,,,,,,,,,,,,,,,
rivière Mistassini,Q7,07840000,0.181,0.042,166,2002,,,,,,,,,,,,,,,,,,,
rivière Mistassini,Q7,07840000,0.181,0.042,166,2003,,,,,,,,,,,,,,,,,,,
rivière Mistassini,Q7,07840000,0.181,0.042,166,2004,,,,,,,,,,,,,,,,,,,
rivière Mistassini,Q7,07840000,0.181,0.042,166,2005,,,,,,,,,,,,,,,,,,,
rivière Mistassini,Q7,07840000,0.181,0.042,166,2006,,,,,,,,,,,,,,,,,,,
rivière Mistassini,Q7,07840000,0.181,0.042,166,2007,,,,,,,,,,,,,,,,,,,
rivière Mistassini,Q7,07840000,0.181,0.042,166,2008,,,,,,,,,,,,,,,,,,,
rivière Mistassini,Q7,07840000,0.181,0.042,166,2009,,,,,,,,,,,,,,,,,,,
rivière Mistassini,Q7,07840000,0.181,0.042,166,2010,,,,,,,,,,,,,,,,,,,
rivière Mistassini,Q7,07840000,0.181,0.042,166,2011,,,,,,,,,,,,,,,,,,,
rivière Mistassini,Q7,07840000,0.181,0.042,166,2012,,,,,,,,,,,,,,,,,,,
rivière Mistassini,Q7,07840000,0.181,0.042,167,2013,,,,,,,,,,,,,,,,,,,
rivière Mistassini,Q7,07840000,0.181,0.042,167,2014,,,,,,,,,,,,,,,,,,,
rivière Mistassini,Q7,07840000,0.181,0.042,167,2015,,,,,,,,,,,,,,,,,,,
rivière Mistassini,Q7,07840000,0.181,0.042,167,2016,,,,,,,,,,,,,,,,,,,
rivière Mistassini,Q7,07840000,0.181,0.042,167,2017,,,,,,,,,,,,,,,,,,,
rivière Mistassini,Q7,07840000,0.181,0.042,167,2018,,,,,,,,,,,,,,,,,,,
rivière Mistassini,Q7,07840000,0.181,0.042,167,2019,,,,,,,,,,,,,,,,,,,
rivière Mistassini,Q7,07840000,0.181,0.042,167,2020,,,,,,,,,,,,,,,,,,,
rivière Mistassini,Q7,07840000,0.181,0.042,167,2021,,,,,,,,,,,,,,,,,,,
rivière Mistassini,Q7,07840000,0.181,0.042,167,2022,,,,,,,,,,,,,,,,,,,
rivière Mistassini,Q7,07840000,0.181,0.042,167,2023,,,,,,,,,,,,,,,,,,,
rivière Mistassini,Q7,07840000,0.181,0.042,167,2024,,,,,,,,,,,,,,,,,,,
rivière Mistassini,Q7,07840000,0.181,0.042,167,2025,,,,,,,,,,,,,,,,,,,
rivière Moisie,Q8,07230000,32.257,8.916,169,1984,28.0,964.0,992.0,,2758.0,0.36,,,,,0.0,992.0,,,,,,,
rivière Moisie,Q8,07230000,32.257,8.916,169,1985,25.0,1215.0,1240.0,,2837.0,0.44,,,,,18.0,1258.0,,,,,,,
rivière Moisie,Q8,07230000,32.257,8.916,169,1986,11.0,1046.0,1057.0,,3493.0,0.3,,,,,0.0,1057.0,,,,,,,
rivière Moisie,Q8,07230000,32.257,8.916,169,1987,29.0,1202.0,1231.0,,4461.0,0.28,,,,,16.0,1247.0,,,,,,,
rivière Moisie,Q8,07230000,32.257,8.916,169,1988,49.0,1531.0,1580.0,,5348.0,0.3,,,,,5.0,1585.0,,,,,,,
rivière Moisie,Q8,07230000,32.257,8.916,169,1989,31.0,1216.0,1247.0,,5050.0,0.25,,,,,74.0,1321.0,,,,,,,
rivière Moisie,Q8,07230000,32.257,8.916,169,1990,52.0,2262.0,2314.0,,6439.0,0.36,,,,,0.0,2314.0,,,,,,,
rivière Moisie,Q8,07230000,32.257,8.916,169,1991,41.0,2249.0,2290.0,,8603.0,0.27,,,,,51.0,2341.0,,,,,,,
rivière Moisie,Q8,07230000,32.257,8.916,169,1992,32.0,2167.0,2199.0,,7830.0,0.28,,,,33.0,10.0,2209.0,,,6711.0,,,,
rivière Moisie,Q8,07230000,32.257,8.916,169,1993,17.0,1678.0,1695.0,,7635.0,0.22,,,,28.0,0.0,1695.0,,,5953.0,,,4594.0,25.31
rivière Moisie,Q8,07230000,32.257,8.916,169,1994,30.0,1350.0,1380.0,,7549.0,0.18,,,,30.0,10.0,1390.0,,,4606.0,,,3329.0,20.36
rivière Moisie,Q8,07230000,32.257,8.916,169,1995,14.0,717.0,731.0,365.0,6072.0,0.12,0.18,,,13.0,0.0,731.0,,,5708.0,,,5138.0,26.45
rivière Moisie,Q8,07230000,32.257,8.916,169,1996,29.0,1130.0,1159.0,604.0,6147.0,0.19,0.29,,,21.0,0.0,1159.0,,,5485.0,,,4242.0,23.42
rivière Moisie,Q8,07230000,32.257,8.916,169,1997,32.0,817.0,849.0,347.0,6226.0,0.14,0.19,,,18.0,6.0,855.0,,,4616.0,,,3530.0,19.49
rivière Moisie,Q8,07230000,32.257,8.916,169,1998,18.0,395.0,413.0,290.0,3650.0,0.11,0.19,,,9.0,0.0,413.0,,,4583.0,,,4170.0,23.02
rivière Moisie,Q8,07230000,32.257,8.916,169,1999,30.0,464.0,494.0,303.0,3768.0,0.13,0.21,,,,0.0,494.0,,,,,,,
rivière Moisie,Q8,07230000,32.257,8.916,169,2000,9.0,511.0,520.0,470.0,4591.0,0.11,0.22,,,,0.0,520.0,,,,,,,
rivière Moisie,Q8,07230000,32.257,8.916,169,2001,5.0,417.0,422.0,206.0,3465.0,0.12,0.18,,,,4.0,426.0,,,,,,,
rivière Moisie,Q8,07230000,32.257,8.916,169,2002,21.0,139.0,160.0,210.0,3139.0,0.05,0.12,,,,13.0,173.0,,,,,,,
rivière Moisie,Q8,07230000,32.257,8.916,169,2003,1.0,143.0,144.0,471.0,2893.0,0.05,0.21,,,,3.0,147.0,,,,,,,
rivière Moisie,Q8,07230000,32.257,8.916,169,2004,6.0,198.0,204.0,476.0,3320.0,0.06,0.2,,,,1.0,205.0,,,,,,,
rivière Moisie,Q8,07230000,32.257,8.916,169,2005,1.0,95.0,96.0,359.0,2841.0,0.03,0.16,,,,0.0,96.0,,,,,,,
rivière Moisie,Q8,07230000,32.257,8.916,169,2006,3.0,79.0,82.0,371.0,2016.0,0.04,0.22,,,,0.0,82.0,,,,,,,
rivière Moisie,Q8,07230000,32.257,8.916,169,2007,4.0,108.0,112.0,379.0,2530.0,0.04,0.19,,,,0.0,112.0,,,,,,,
rivière Moisie,Q8,07230000,32.257,8.916,169,2008,5.0,159.0,164.0,734.0,2411.0,0.07,0.37,,,,0.0,164.0,,,,,,,
rivière Moisie,Q8,07230000,32.257,8.916,169,2009,5.0,214.0,219.0,508.0,3062.0,0.07,0.24,,,,0.0,219.0,,,,,,,
rivière Moisie,Q8,07230000,32.257,8.916,169,2010,2.0,140.0,142.0,471.0,2809.0,0.05,0.22,,,,0.0,142.0,,,,,,,
rivière Moisie,Q8,07230000,32.257,8.916,169,2011,16.0,242.0,258.0,503.0,3216.0,0.08,0.24,,,,1.0,259.0,,,,,,,
rivière Moisie,Q8,07230000,32.257,8.916,169,2012,8.0,114.0,122.0,442.0,2887.0,0.04,0.2,,,,2.0,124.0,,,,,,,
rivière Moisie,Q8,07230000,32.257,8.916,170,2013,2.0,195.0,197.0,456.0,2586.0,0.08,0.25,,,,0.0,197.0,,,,,,,
rivière Moisie,Q8,07230000,32.257,8.916,170,2014,1.0,91.0,92.0,205.0,2725.0,0.03,0.11,,,,0.0,92.0,,,,,,,
rivière Moisie,Q8,07230000,32.257,8.916,170,2015,3.0,103.0,106.0,386.0,2275.0,0.05,0.22,,,,27.0,133.0,,,,,,,
rivière Moisie,Q8,07230000,32.257,8.916,170,2016,3.0,147.0,150.0,497.0,2156.0,0.07,0.3,,,,66.0,216.0,,,,,,,
rivière Moisie,Q8,07230000,32.257,8.916,170,2017,6.0,169.0,175.0,572.0,2464.0,0.07,0.3,,,,57.0,232.0,,,,,,,
rivière Moisie,Q8,07230000,32.257,8.916,170,2018,0.0,69.0,69.0,415.0,1389.0,0.05,0.35,,,,30.0,99.0,,,,,,,
rivière Moisie,Q8,07230000,32.257,8.916,170,2019,1.0,58.0,59.0,294.0,1916.0,0.03,0.18,,,,21.0,80.0,,,,,,,
rivière Moisie,Q8,07230000,32.257,8.916,170,2020,2.0,33.0,35.0,97.0,1831.0,0.02,0.07,,,,7.0,42.0,,,,,,,
rivière Moisie,Q8,07230000,32.257,8.916,170,2021,1.0,17.0,18.0,51.0,1594.0,0.01,0.04,,,,4.0,22.0,,,,,,,
rivière Moisie,Q8,07230000,32.257,8.916,170,2022,2.0,35.0,37.0,277.0,1328.0,0.03,0.24,,,,19.0,56.0,,,,,,,
rivière Moisie,Q8,07230000,32.257,8.916,170,2023,0.0,7.0,7.0,32.0,743.0,0.01,0.05,,,,2.0,9.0,,,,,,,
rivière Moisie,Q8,07230000,32.257,8.916,170,2024,1.0,0.0,1.0,36.0,729.0,0.0,0.05,,,,2.0,3.0,,,,,,,
rivière Moisie,Q8,07230000,32.257,8.916,170,2025,0.0,0.0,0.0,2.0,622.0,0.0,0.0,,,,0.0,0.0,,,,,,,
rivière Pigou,Q8,07270000,0.027,0.004,171,1984,,,,,,,,,,,,,,,,,,,
rivière Pigou,Q8,07270000,0.027,0.004,171,1985,,,,,,,,,,,,,,,,,,,
rivière Pigou,Q8,07270000,0.027,0.004,171,1986,,,,,,,,,,,,,,,,,,,
rivière Pigou,Q8,07270000,0.027,0.004,171,1987,,,,,,,,,,,,,,,,,,,
rivière Pigou,Q8,07270000,0.027,0.004,171,1988,,,,,,,,,,,,,,,,,,,
rivière Pigou,Q8,07270000,0.027,0.004,171,1989,,,,,,,,,,,,,,,,,,,
rivière Pigou,Q8,07270000,0.027,0.004,171,1990,,,,,,,,,,,,,,,,,,,
rivière Pigou,Q8,07270000,0.027,0.004,171,1991,,,,,,,,,,,,,,,,,,,
rivière Pigou,Q8,07270000,0.027,0.004,171,1992,,,,,,,,,,,,,,,,,,,
rivière Pigou,Q8,07270000,0.027,0.004,171,1993,,,,,,,,,,,,,,,,,,,
rivière Pigou,Q8,07270000,0.027,0.004,171,1994,,,,,,,,,,,,,,,,,,,
rivière Pigou,Q8,07270000,0.027,0.004,171,1995,,,,,,,,,,,,,,,,,,,
rivière Pigou,Q8,07270000,0.027,0.004,171,1996,,,,,,,,,,,,,,,,,,,
rivière Pigou,Q8,07270000,0.027,0.004,171,1997,,,,,,,,,,,,,,,,,,,
rivière Pigou,Q8,07270000,0.027,0.004,171,1998,2.0,0.0,2.0,,8.0,0.25,,,,,0.0,2.0,,,,,,,
rivière Pigou,Q8,07270000,0.027,0.004,171,1999,0.0,0.0,0.0,,,,,,,,0.0,0.0,,,,,,,
rivière Pigou,Q8,07270000,0.027,0.004,171,2000,0.0,0.0,0.0,,,,,,,,0.0,0.0,,,,,,,
rivière Pigou,Q8,07270000,0.027,0.004,171,2001,0.0,0.0,0.0,,,,,,,,0.0,0.0,,,,,,,
rivière Pigou,Q8,07270000,0.027,0.004,171,2002,0.0,0.0,0.0,,,,,,,,0.0,0.0,,,,,,,
rivière Pigou,Q8,07270000,0.027,0.004,171,2003,0.0,0.0,0.0,,,,,,,,0.0,0.0,,,,,,,
rivière Pigou,Q8,07270000,0.027,0.004,171,2004,0.0,0.0,0.0,,,,,,,,0.0,0.0,,,,,,,
rivière Pigou,Q8,07270000,0.027,0.004,171,2005,0.0,0.0,0.0,,,,,,,,0.0,0.0,,,,,,,
rivière Pigou,Q8,07270000,0.027,0.004,171,2006,0.0,0.0,0.0,,,,,,,,0.0,0.0,,,,,,,
rivière Pigou,Q8,07270000,0.027,0.004,171,2007,0.0,0.0,0.0,,,,,,,,0.0,0.0,,,,,,,
rivière Pigou,Q8,07270000,0.027,0.004,171,2008,0.0,0.0,0.0,,,,,,,,0.0,0.0,,,,,,,
rivière Pigou,Q8,07270000,0.027,0.004,171,2009,0.0,0.0,0.0,,,,,,,,0.0,0.0,,,,,,,
rivière Pigou,Q8,07270000,0.027,0.004,171,2010,0.0,0.0,0.0,,,,,,,,0.0,0.0,,,,,,,
rivière Pigou,Q8,07270000,0.027,0.004,171,2011,0.0,0.0,0.0,,,,,,,,0.0,0.0,,,,,,,
rivière Pigou,Q8,07270000,0.027,0.004,171,2012,0.0,0.0,0.0,,,,,,,,0.0,0.0,,,,,,,
rivière Pigou,Q8,07270000,0.027,0.004,172,2013,0.0,0.0,0.0,,,,,,,,0.0,0.0,,,,,,,
rivière Pigou,Q8,07270000,0.027,0.004,172,2014,0.0,0.0,0.0,,,,,,,,0.0,0.0,,,,,,,
rivière Pigou,Q8,07270000,0.027,0.004,172,2015,0.0,0.0,0.0,,,,,,,,0.0,0.0,,,,,,,
rivière Pigou,Q8,07270000,0.027,0.004,172,2016,0.0,0.0,0.0,,,,,,,,0.0,0.0,,,,,,,
rivière Pigou,Q8,07270000,0.027,0.004,172,2017,0.0,0.0,0.0,,,,,,,,0.0,0.0,,,,,,,
rivière Pigou,Q8,07270000,0.027,0.004,172,2018,0.0,0.0,0.0,,,,,,,,0.0,0.0,,,,,,,
rivière Pigou,Q8,07270000,0.027,0.004,172,2019,0.0,0.0,0.0,,,,,,,,0.0,0.0,,,,,,,
rivière Pigou,Q8,07270000,0.027,0.004,172,2020,0.0,0.0,0.0,,,,,,,,0.0,0.0,,,,,,,
rivière Pigou,Q8,07270000,0.027,0.004,172,2021,0.0,0.0,0.0,,,,,,,,0.0,0.0,,,,,,,
rivière Pigou,Q8,07270000,0.027,0.004,172,2022,0.0,0.0,0.0,,,,,,,,0.0,0.0,,,,,,,
rivière Pigou,Q8,07270000,0.027,0.004,172,2023,0.0,0.0,0.0,,,,,,,,0.0,0.0,,,,,,,
rivière Pigou,Q8,07270000,0.027,0.004,172,2024,0.0,0.0,0.0,,,,,,,,0.0,0.0,,,,,,,
rivière Pigou,Q8,07270000,0.027,0.004,172,2025,0.0,0.0,0.0,,,,,,,,0.0,0.0,,,,,,,
rivière au Bouleau,Q8,07280000,0.145,0.03,173,1984,,,,,,,,,,,,,,,,,,,
rivière au Bouleau,Q8,07280000,0.145,0.03,173,1985,,,,,,,,,,,,,,,,,,,
rivière au Bouleau,Q8,07280000,0.145,0.03,173,1986,,,,,,,,,,,,,,,,,,,
rivière au Bouleau,Q8,07280000,0.145,0.03,173,1987,,,,,,,,,,,,,,,,,,,
rivière au Bouleau,Q8,07280000,0.145,0.03,173,1988,,,,,,,,,,,,,,,,,,,
rivière au Bouleau,Q8,07280000,0.145,0.03,173,1989,,,,,,,,,,,,,,,,,,,
rivière au Bouleau,Q8,07280000,0.145,0.03,173,1990,,,,,,,,,,,,,,,,,,,
rivière au Bouleau,Q8,07280000,0.145,0.03,173,1991,,,,,,,,,,,,,,,,,,,
rivière au Bouleau,Q8,07280000,0.145,0.03,173,1992,,,,,,,,,,,,,,,,,,,
rivière au Bouleau,Q8,07280000,0.145,0.03,173,1993,,,,,,,,,,,,,,,,,,,
rivière au Bouleau,Q8,07280000,0.145,0.03,173,1994,,,,,,,,,,,,,,,,,,,
rivière au Bouleau,Q8,07280000,0.145,0.03,173,1995,1.0,0.0,1.0,,4.0,0.25,,,,,0.0,1.0,,,,,,,
rivière au Bouleau,Q8,07280000,0.145,0.03,173,1996,0.0,0.0,0.0,,,,,,,,0.0,0.0,,,,,,,
rivière au Bouleau,Q8,07280000,0.145,0.03,173,1997,0.0,0.0,0.0,,,,,,,,0.0,0.0,,,,,,,
rivière au Bouleau,Q8,07280000,0.145,0.03,173,1998,1.0,0.0,1.0,,4.0,0.25,,,,,0.0,1.0,,,,,,,
rivière au Bouleau,Q8,07280000,0.145,0.03,173,1999,0.0,0.0,0.0,,,,,,,,0.0,0.0,,,,,,,
rivière au Bouleau,Q8,07280000,0.145,0.03,173,2000,0.0,0.0,0.0,,,,,,,,0.0,0.0,,,,,,,
rivière au Bouleau,Q8,07280000,0.145,0.03,173,2001,0.0,0.0,0.0,,,,,,,,0.0,0.0,,,,,,,
rivière au Bouleau,Q8,07280000,0.145,0.03,173,2002,0.0,0.0,0.0,,,,,,,,0.0,0.0,,,,,,,
rivière au Bouleau,Q8,07280000,0.145,0.03,173,2003,0.0,0.0,0.0,,,,,,,,0.0,0.0,,,,,,,
rivière au Bouleau,Q8,07280000,0.145,0.03,173,2004,0.0,0.0,0.0,,,,,,,,0.0,0.0,,,,,,,
rivière au Bouleau,Q8,07280000,0.145,0.03,173,2005,0.0,0.0,0.0,,,,,,,,0.0,0.0,,,,,,,
rivière au Bouleau,Q8,07280000,0.145,0.03,173,2006,0.0,0.0,0.0,,,,,,,,0.0,0.0,,,,,,,
rivière au Bouleau,Q8,07280000,0.145,0.03,173,2007,0.0,0.0,0.0,,,,,,,,0.0,0.0,,,,,,,
rivière au Bouleau,Q8,07280000,0.145,0.03,173,2008,0.0,0.0,0.0,,,,,,,,0.0,0.0,,,,,,,
rivière au Bouleau,Q8,07280000,0.145,0.03,173,2009,0.0,0.0,0.0,,,,,,,,0.0,0.0,,,,,,,
rivière au Bouleau,Q8,07280000,0.145,0.03,173,2010,0.0,0.0,0.0,,,,,,,,0.0,0.0,,,,,,,
rivière au Bouleau,Q8,07280000,0.145,0.03,173,2011,0.0,0.0,0.0,,,,,,,,0.0,0.0,,,,,,,
rivière au Bouleau,Q8,07280000,0.145,0.03,173,2012,0.0,0.0,0.0,,,,,,,,0.0,0.0,,,,,,,
rivière au Bouleau,Q8,07280000,0.145,0.03,174,2013,0.0,0.0,0.0,,,,,,,,0.0,0.0,,,,,,,
rivière au Bouleau,Q8,07280000,0.145,0.03,174,2014,0.0,0.0,0.0,,,,,,,,0.0,0.0,,,,,,,
rivière au Bouleau,Q8,07280000,0.145,0.03,174,2015,0.0,0.0,0.0,,,,,,,,0.0,0.0,,,,,,,
rivière au Bouleau,Q8,07280000,0.145,0.03,174,2016,0.0,0.0,0.0,,,,,,,,0.0,0.0,,,,,,,
rivière au Bouleau,Q8,07280000,0.145,0.03,174,2017,0.0,0.0,0.0,,,,,,,,0.0,0.0,,,,,,,
rivière au Bouleau,Q8,07280000,0.145,0.03,174,2018,0.0,0.0,0.0,,,,,,,,0.0,0.0,,,,,,,
rivière au Bouleau,Q8,07280000,0.145,0.03,174,2019,0.0,0.0,0.0,,,,,,,,0.0,0.0,,,,,,,
rivière au Bouleau,Q8,07280000,0.145,0.03,174,2020,0.0,0.0,0.0,,,,,,,,0.0,0.0,,,,,,,
rivière au Bouleau,Q8,07280000,0.145,0.03,174,2021,0.0,0.0,0.0,,,,,,,,0.0,0.0,,,,,,,
rivière au Bouleau,Q8,07280000,0.145,0.03,174,2022,0.0,0.0,0.0,,,,,,,,0.0,0.0,,,,,,,
rivière au Bouleau,Q8,07280000,0.145,0.03,174,2023,0.0,0.0,0.0,,,,,,,,0.0,0.0,,,,,,,
rivière au Bouleau,Q8,07280000,0.145,0.03,174,2024,0.0,0.0,0.0,,,,,,,,0.0,0.0,,,,,,,
rivière au Bouleau,Q8,07280000,0.145,0.03,174,2025,0.0,0.0,0.0,,,,,,,,0.0,0.0,,,,,,,
rivière Sheldrake,Q8,07320000,0.132,0.027,175,1984,,,,,,,,,,,,,,,,,,,
rivière Sheldrake,Q8,07320000,0.132,0.027,175,1985,,,,,,,,,,,,,,,,,,,
rivière Sheldrake,Q8,07320000,0.132,0.027,175,1986,,,,,,,,,,,,,,,,,,,
rivière Sheldrake,Q8,07320000,0.132,0.027,175,1987,,,,,,,,,,,,,,,,,,,
rivière Sheldrake,Q8,07320000,0.132,0.027,175,1988,,,,,,,,,,,,,,,,,,,
rivière Sheldrake,Q8,07320000,0.132,0.027,175,1989,,,,,,,,,,,,,,,,,,,
rivière Sheldrake,Q8,07320000,0.132,0.027,175,1990,,,,,,,,,,,,,,,,,,,
rivière Sheldrake,Q8,07320000,0.132,0.027,175,1991,,,,,,,,,,,,,,,,,,,
rivière Sheldrake,Q8,07320000,0.132,0.027,175,1992,,,,,,,,,,,,,,,,,,,
rivière Sheldrake,Q8,07320000,0.132,0.027,175,1993,,,,,,,,,,,,,,,,,,,
rivière Sheldrake,Q8,07320000,0.132,0.027,175,1994,,,,,,,,,,,,,,,,,,,
rivière Sheldrake,Q8,07320000,0.132,0.027,175,1995,0.0,1.0,1.0,,4.0,0.25,,,,,0.0,1.0,,,,,,,
rivière Sheldrake,Q8,07320000,0.132,0.027,175,1996,0.0,0.0,0.0,,0.0,,,,,,0.0,0.0,,,,,,,
rivière Sheldrake,Q8,07320000,0.132,0.027,175,1997,0.0,0.0,0.0,,0.0,,,,,,0.0,0.0,,,,,,,
rivière Sheldrake,Q8,07320000,0.132,0.027,175,1998,0.0,0.0,0.0,,0.0,,,,,,0.0,0.0,,,,,,,
rivière Sheldrake,Q8,07320000,0.132,0.027,175,1999,0.0,0.0,0.0,,0.0,,,,,,0.0,0.0,,,,,,,
rivière Sheldrake,Q8,07320000,0.132,0.027,175,2000,0.0,0.0,0.0,,0.0,,,,,,0.0,0.0,,,,,,,
rivière Sheldrake,Q8,07320000,0.132,0.027,175,2001,0.0,0.0,0.0,,0.0,,,,,,0.0,0.0,,,,,,,
rivière Sheldrake,Q8,07320000,0.132,0.027,175,2002,,,,,,,,,,,,,,,,,,,
rivière Sheldrake,Q8,07320000,0.132,0.027,175,2003,,,,,,,,,,,,,,,,,,,
rivière Sheldrake,Q8,07320000,0.132,0.027,175,2004,,,,,,,,,,,,,,,,,,,
rivière Sheldrake,Q8,07320000,0.132,0.027,175,2005,,,,,,,,,,,,,,,,,,,
rivière Sheldrake,Q8,07320000,0.132,0.027,175,2006,,,,,,,,,,,,,,,,,,,
rivière Sheldrake,Q8,07320000,0.132,0.027,175,2007,,,,,,,,,,,,,,,,,,,
rivière Sheldrake,Q8,07320000,0.132,0.027,175,2008,,,,,,,,,,,,,,,,,,,
rivière Sheldrake,Q8,07320000,0.132,0.027,175,2009,,,,,,,,,,,,,,,,,,,
rivière Sheldrake,Q8,07320000,0.132,0.027,175,2010,,,,,,,,,,,,,,,,,,,
rivière Sheldrake,Q8,07320000,0.132,0.027,175,2011,,,,,,,,,,,,,,,,,,,
rivière Sheldrake,Q8,07320000,0.132,0.027,175,2012,,,,,,,,,,,,,,,,,,,
rivière Sheldrake,Q8,07320000,0.132,0.027,176,2013,,,,,,,,,,,,,1.0,5.0,6.0,,,,
rivière Sheldrake,Q8,07320000,0.132,0.027,176,2014,,,,,,,,,,,,,,,,,,,
rivière Sheldrake,Q8,07320000,0.132,0.027,176,2015,,,,,,,,,,,,,,,,,,,
rivière Sheldrake,Q8,07320000,0.132,0.027,176,2016,,,,,,,,,,,,,,,,,,,
rivière Sheldrake,Q8,07320000,0.132,0.027,176,2017,,,,,,,,,,,,,,,,,,,
rivière Sheldrake,Q8,07320000,0.132,0.027,176,2018,,,,,,,,,,,0.0,0.0,11.0,10.0,21.0,0.0,0.0,0.0,0.0
rivière Sheldrake,Q8,07320000,0.132,0.027,176,2019,,,,,,,,,,,0.0,0.0,12.0,21.0,33.0,0.0,0.0,0.0,0.0
rivière Sheldrake,Q8,07320000,0.132,0.027,176,2020,,,,,,,,,,,1.0,1.0,18.0,18.0,36.0,0.0,0.0,0.0,0.0
rivière Sheldrake,Q8,07320000,0.132,0.027,176,2021,,,,,,,,,,,1.0,1.0,24.0,22.0,46.0,0.0,0.0,0.0,0.0
rivière Sheldrake,Q8,07320000,0.132,0.027,176,2022,,,,,,,,,,,0.0,0.0,17.0,42.0,59.0,0.0,0.0,0.0,0.0
rivière Sheldrake,Q8,07320000,0.132,0.027,176,2023,,,,,,,,,,,0.0,0.0,4.0,15.0,19.0,0.0,0.0,0.0,0.0
rivière Sheldrake,Q8,07320000,0.132,0.027,176,2024,,,,,,,,,,,1.0,1.0,5.0,6.0,11.0,0.0,0.0,0.0,0.0
rivière Sheldrake,Q8,07320000,0.132,0.027,176,2025,,,,,,,,,,,0.0,0.0,9.0,5.0,14.0,0.0,0.0,0.0,0.0
rivière Jupitagon,Q8,07340000,0.526,0.141,177,1984,,,,,,,,,,,,,,,,,,,
rivière Jupitagon,Q8,07340000,0.526,0.141,177,1985,,,,,,,,,,,,,,,,,,,
rivière Jupitagon,Q8,07340000,0.526,0.141,177,1986,12.0,13.0,25.0,,71.0,0.35,,14.0,13.0,13.0,30.0,55.0,88.0,101.0,189.0,58.0,76.0,134.0,0.37
rivière Jupitagon,Q8,07340000,0.526,0.141,177,1987,21.0,2.0,23.0,,47.0,0.49,,17.0,3.0,12.0,34.0,57.0,124.0,74.0,198.0,83.0,58.0,141.0,0.28
rivière Jupitagon,Q8,07340000,0.526,0.141,177,1988,36.0,12.0,48.0,,86.0,0.56,,,,,0.0,48.0,,,,,,,
rivière Jupitagon,Q8,07340000,0.526,0.141,177,1989,21.0,11.0,32.0,,98.0,0.33,,,,,0.0,32.0,,,,,,,
rivière Jupitagon,Q8,07340000,0.526,0.141,177,1990,73.0,19.0,92.0,,139.0,0.66,,,,,0.0,92.0,,,,,,,
rivière Jupitagon,Q8,07340000,0.526,0.141,177,1991,34.0,47.0,81.0,,312.0,0.26,,,,,0.0,81.0,,,,,,,
rivière Jupitagon,Q8,07340000,0.526,0.141,177,1992,12.0,27.0,39.0,,160.0,0.24,,,,,0.0,39.0,,,,,,,
rivière Jupitagon,Q8,07340000,0.526,0.141,177,1993,37.0,25.0,62.0,,178.0,0.35,,,,,0.0,62.0,,,,,,,
rivière Jupitagon,Q8,07340000,0.526,0.141,177,1994,16.0,12.0,28.0,,217.0,0.13,,,,,0.0,28.0,,,,,,,
rivière Jupitagon,Q8,07340000,0.526,0.141,177,1995,15.0,34.0,49.0,,443.0,0.11,,,,,0.0,49.0,,,,,,,
rivière Jupitagon,Q8,07340000,0.526,0.141,177,1996,20.0,8.0,28.0,,280.0,0.1,,,,,0.0,28.0,,,,,,,
rivière Jupitagon,Q8,07340000,0.526,0.141,177,1997,14.0,11.0,25.0,,379.0,0.07,,,,,0.0,25.0,,,,,,,
rivière Jupitagon,Q8,07340000,0.526,0.141,177,1998,7.0,19.0,26.0,,287.0,0.09,,,,,0.0,26.0,,,,,,,
rivière Jupitagon,Q8,07340000,0.526,0.141,177,1999,6.0,15.0,21.0,,209.0,0.1,,,,,0.0,21.0,,,,,,,
rivière Jupitagon,Q8,07340000,0.526,0.141,177,2000,4.0,9.0,13.0,,182.0,0.07,,,,,0.0,13.0,,,,,,,
rivière Jupitagon,Q8,07340000,0.526,0.141,177,2001,3.0,6.0,9.0,,123.0,0.07,,,,,0.0,9.0,,,,,,,
rivière Jupitagon,Q8,07340000,0.526,0.141,177,2002,8.0,6.0,14.0,,199.0,0.07,,,,,0.0,14.0,,,,,,,
rivière Jupitagon,Q8,07340000,0.526,0.141,177,2003,3.0,3.0,6.0,,52.0,0.12,,,,,0.0,6.0,,,,,,,
rivière Jupitagon,Q8,07340000,0.526,0.141,177,2004,4.0,2.0,6.0,,44.0,0.14,,,,,0.0,6.0,,,,,,,
rivière Jupitagon,Q8,07340000,0.526,0.141,177,2005,2.0,0.0,2.0,,18.0,0.11,,,,,0.0,2.0,,,,,,,
rivière Jupitagon,Q8,07340000,0.526,0.141,177,2006,1.0,0.0,1.0,,15.0,0.07,,,,,0.0,1.0,,,,,,,
rivière Jupitagon,Q8,07340000,0.526,0.141,177,2007,2.0,2.0,4.0,,19.0,0.21,,,,,0.0,4.0,,,,,,,
rivière Jupitagon,Q8,07340000,0.526,0.141,177,2008,1.0,6.0,7.0,2.0,117.0,0.06,0.08,,,,0.0,7.0,,,,,,,
rivière Jupitagon,Q8,07340000,0.526,0.141,177,2009,10.0,3.0,13.0,1.0,200.0,0.06,0.07,,,,0.0,13.0,,,,,,,
rivière Jupitagon,Q8,07340000,0.526,0.141,177,2010,9.0,8.0,17.0,6.0,154.0,0.11,0.15,,,,0.0,17.0,,,,,,,
rivière Jupitagon,Q8,07340000,0.526,0.141,177,2011,13.0,4.0,17.0,1.0,75.0,0.23,0.24,,,,0.0,17.0,,,,,,,
rivière Jupitagon,Q8,07340000,0.526,0.141,177,2012,2.0,6.0,8.0,1.0,101.0,0.08,0.09,,,,0.0,8.0,,,,,,,
rivière Jupitagon,Q8,07340000,0.526,0.141,178,2013,4.0,1.0,5.0,1.0,30.0,0.17,0.2,,,,1.0,6.0,,,,,,,
rivière Jupitagon,Q8,07340000,0.526,0.141,178,2014,0.0,1.0,1.0,0.0,23.0,0.04,0.04,,,,0.0,1.0,,,,,,,
rivière Jupitagon,Q8,07340000,0.526,0.141,178,2015,7.0,0.0,7.0,2.0,31.0,0.23,0.29,,,,0.0,7.0,,,,,,,
rivière Jupitagon,Q8,07340000,0.526,0.141,178,2016,0.0,0.0,0.0,1.0,8.0,0.0,0.13,,,,0.0,0.0,,,,,,,
rivière Jupitagon,Q8,07340000,0.526,0.141,178,2017,5.0,0.0,5.0,0.0,22.0,0.23,0.23,,,,0.0,5.0,,,,,,,
rivière Jupitagon,Q8,07340000,0.526,0.141,178,2018,,,,,,,,,,,,,,,,,,,
rivière Jupitagon,Q8,07340000,0.526,0.141,178,2019,,,,,,,,,,,,,,,,,,,
rivière Jupitagon,Q8,07340000,0.526,0.141,178,2020,,,,,,,,,,,,,,,,,,,
rivière Jupitagon,Q8,07340000,0.526,0.141,178,2021,,,,,,,,,,,,,,,,,,,
rivière Jupitagon,Q8,07340000,0.526,0.141,178,2022,,,,,,,,,,,,,,,,,,,
rivière Jupitagon,Q8,07340000,0.526,0.141,178,2023,,,,,,,,,,,,,,,,,,,
rivière Jupitagon,Q8,07340000,0.526,0.141,178,2024,,,,,,,,,,,,,,,,,,,
rivière Jupitagon,Q8,07340000,0.526,0.141,178,2025,,,,,,,,,,,,,,,,,,,
rivière Magpie,Q8,07350000,,,179,1984,,,,,,,,,,,,,,,,,,,
rivière Magpie,Q8,07350000,,,179,1985,,,,,,,,,,,,,,,,,,,
rivière Magpie,Q8,07350000,,,179,1986,,,,,,,,,,,17.0,17.0,,,,,,,
rivière Magpie,Q8,07350000,,,179,1987,,,,,,,,,,,20.0,20.0,,,,,,,
rivière Magpie,Q8,07350000,,,179,1988,,,,,,,,,,,,,,,,,,,
rivière Magpie,Q8,07350000,,,179,1989,,,,,,,,,,,,,,,,,,,
rivière Magpie,Q8,07350000,,,179,1990,11.0,20.0,31.0,,62.0,0.5,,,,,0.0,31.0,,,,,,,
rivière Magpie,Q8,07350000,,,179,1991,7.0,11.0,18.0,,53.0,0.34,,,,,0.0,18.0,,,,,,,
rivière Magpie,Q8,07350000,,,179,1992,2.0,12.0,14.0,,27.0,0.52,,,,,0.0,14.0,,,,,,,
rivière Magpie,Q8,07350000,,,179,1993,8.0,4.0,12.0,,40.0,0.3,,,,,0.0,12.0,,,,,,,
rivière Magpie,Q8,07350000,,,179,1994,7.0,2.0,9.0,,24.0,0.38,,,,,0.0,9.0,,,,,,,
rivière Magpie,Q8,07350000,,,179,1995,5.0,15.0,20.0,,74.0,0.27,,,,,0.0,20.0,,,,,,,
rivière Magpie,Q8,07350000,,,179,1996,8.0,5.0,13.0,,39.0,0.33,,,,,0.0,13.0,,,,,,,
rivière Magpie,Q8,07350000,,,179,1997,1.0,3.0,4.0,,36.0,0.11,,,,,0.0,4.0,,,,,,,
rivière Magpie,Q8,07350000,,,179,1998,0.0,0.0,0.0,,,,,,,,0.0,0.0,,,,,,,
rivière Magpie,Q8,07350000,,,179,1999,0.0,1.0,1.0,,6.0,0.17,,,,,0.0,1.0,,,,,,,
rivière Magpie,Q8,07350000,,,179,2000,4.0,4.0,8.0,,35.0,0.23,,,,,0.0,8.0,,,,,,,
rivière Magpie,Q8,07350000,,,179,2001,1.0,2.0,3.0,,13.0,0.23,,,,,0.0,3.0,,,,,,,
rivière Magpie,Q8,07350000,,,179,2002,2.0,3.0,5.0,,25.0,0.2,,,,,0.0,5.0,,,,,,,
rivière Magpie,Q8,07350000,,,179,2003,7.0,3.0,10.0,,46.0,0.22,,,,,0.0,10.0,,,,,,,
rivière Magpie,Q8,07350000,,,179,2004,3.0,0.0,3.0,,13.0,0.23,,,,,0.0,3.0,,,,,,,
rivière Magpie,Q8,07350000,,,179,2005,2.0,0.0,2.0,,9.0,0.22,,,,,0.0,2.0,,,,,,,
rivière Magpie,Q8,07350000,,,179,2006,0.0,0.0,0.0,,,,,,,,0.0,0.0,,,,,,,
rivière Magpie,Q8,07350000,,,179,2007,1.0,1.0,2.0,,10.0,0.2,,,,,0.0,2.0,,,,,,,
rivière Magpie,Q8,07350000,,,179,2008,6.0,8.0,14.0,,54.0,0.26,,,,,0.0,14.0,,,,,,,
rivière Magpie,Q8,07350000,,,179,2009,0.0,0.0,0.0,,,,,,,,0.0,0.0,,,,,,,
rivière Magpie,Q8,07350000,,,179,2010,0.0,0.0,0.0,,,,,,,,0.0,0.0,,,,,,,
rivière Magpie,Q8,07350000,,,179,2011,0.0,0.0,0.0,,,,,,,,0.0,0.0,,,,,,,
rivière Magpie,Q8,07350000,,,179,2012,0.0,0.0,0.0,,,,,,,,0.0,0.0,,,,,,,
rivière Magpie,Q8,07350000,,,180,2013,0.0,0.0,0.0,,,,,,,,0.0,0.0,,,,,,,
rivière Magpie,Q8,07350000,,,180,2014,0.0,0.0,0.0,,,,,,,,0.0,0.0,,,,,,,
rivière Magpie,Q8,07350000,,,180,2015,0.0,0.0,0.0,,,,,,,,0.0,0.0,,,,,,,
rivière Magpie,Q8,07350000,,,180,2016,0.0,0.0,0.0,,,,,,,,0.0,0.0,,,,,,,
rivière Magpie,Q8,07350000,,,180,2017,0.0,0.0,0.0,,,,,,,,0.0,0.0,,,,,,,
rivière Magpie,Q8,07350000,,,180,2018,0.0,0.0,0.0,,,,,,,,0.0,0.0,,,,,,,
rivière Magpie,Q8,07350000,,,180,2019,0.0,0.0,0.0,,,,,,,,0.0,0.0,,,,,,,
rivière Magpie,Q8,07350000,,,180,2020,0.0,0.0,0.0,,,,,,,,0.0,0.0,,,,,,,
rivière Magpie,Q8,07350000,,,180,2021,0.0,0.0,0.0,,,,,,,,0.0,0.0,,,,,,,
rivière Magpie,Q8,07350000,,,180,2022,0.0,0.0,0.0,,,,,,,,0.0,0.0,,,,,,,
rivière Magpie,Q8,07350000,,,180,2023,0.0,0.0,0.0,,,,,,,,0.0,0.0,,,,,,,
rivière Magpie,Q8,07350000,,,180,2024,0.0,0.0,0.0,,,,,,,,0.0,0.0,,,,,,,
rivière Magpie,Q8,07350000,,,180,2025,0.0,0.0,0.0,,,,,,,,0.0,0.0,,,,,,,
rivière Saint-Jean,Q8,07360000,11.685,3.505,181,1984,21.0,328.0,349.0,,926.0,0.38,,,,,0.0,349.0,,,,,,,
rivière Saint-Jean,Q8,07360000,11.685,3.505,181,1985,3.0,192.0,195.0,,521.0,0.37,,,,,18.0,213.0,,,,,,,
rivière Saint-Jean,Q8,07360000,11.685,3.505,181,1986,102.0,381.0,483.0,,969.0,0.5,,,,,0.0,483.0,,,,,,,
rivière Saint-Jean,Q8,07360000,11.685,3.505,181,1987,122.0,290.0,412.0,,771.0,0.53,,,,,0.0,412.0,,,,,,,
rivière Saint-Jean,Q8,07360000,11.685,3.505,181,1988,254.0,625.0,879.0,,1282.0,0.69,,,,,0.0,879.0,,,,,,,
rivière Saint-Jean,Q8,07360000,11.685,3.505,181,1989,173.0,373.0,546.0,,1553.0,0.35,,,,,0.0,546.0,,,,,,,
rivière Saint-Jean,Q8,07360000,11.685,3.505,181,1990,206.0,697.0,903.0,,1759.0,0.51,,,,,0.0,903.0,,,,,,,
rivière Saint-Jean,Q8,07360000,11.685,3.505,181,1991,105.0,469.0,574.0,,1356.0,0.42,,,,,0.0,574.0,,,,,,,
rivière Saint-Jean,Q8,07360000,11.685,3.505,181,1992,101.0,580.0,681.0,,1544.0,0.44,,,,,0.0,681.0,,,,,,,
rivière Saint-Jean,Q8,07360000,11.685,3.505,181,1993,96.0,403.0,499.0,,1651.0,0.3,,,,,0.0,499.0,,,,,,,
rivière Saint-Jean,Q8,07360000,11.685,3.505,181,1994,110.0,406.0,516.0,,1394.0,0.37,,,,,0.0,516.0,,,,,,,
rivière Saint-Jean,Q8,07360000,11.685,3.505,181,1995,30.0,308.0,338.0,,1233.0,0.27,,,,,0.0,338.0,,,,,,,
rivière Saint-Jean,Q8,07360000,11.685,3.505,181,1996,186.0,436.0,622.0,,1312.0,0.47,,,,,0.0,622.0,,,,,,,
rivière Saint-Jean,Q8,07360000,11.685,3.505,181,1997,87.0,360.0,447.0,19.0,1260.0,0.35,0.37,,,,0.0,447.0,,,,,,,
rivière Saint-Jean,Q8,07360000,11.685,3.505,181,1998,95.0,248.0,343.0,29.0,1190.0,0.29,0.31,,,,0.0,343.0,,,,,,,
rivière Saint-Jean,Q8,07360000,11.685,3.505,181,1999,90.0,188.0,278.0,44.0,1098.0,0.25,0.29,,,,0.0,278.0,,,,,,,
rivière Saint-Jean,Q8,07360000,11.685,3.505,181,2000,65.0,328.0,393.0,98.0,1255.0,0.31,0.39,,,,0.0,393.0,,,,,,,
rivière Saint-Jean,Q8,07360000,11.685,3.505,181,2001,25.0,254.0,279.0,26.0,1119.0,0.25,0.27,,,,0.0,279.0,,,,,,,
rivière Saint-Jean,Q8,07360000,11.685,3.505,181,2002,93.0,78.0,171.0,44.0,1004.0,0.17,0.21,,,,0.0,171.0,,,,,,,
rivière Saint-Jean,Q8,07360000,11.685,3.505,181,2003,51.0,139.0,190.0,43.0,948.0,0.2,0.25,,,,0.0,190.0,,,,,,,
rivière Saint-Jean,Q8,07360000,11.685,3.505,181,2004,33.0,197.0,230.0,88.0,802.0,0.29,0.4,,,,0.0,230.0,,,,,,,
rivière Saint-Jean,Q8,07360000,11.685,3.505,181,2005,27.0,83.0,110.0,27.0,814.0,0.14,0.17,,,,0.0,110.0,,,,,,,
rivière Saint-Jean,Q8,07360000,11.685,3.505,181,2006,65.0,95.0,160.0,90.0,753.0,0.21,0.33,,,,0.0,160.0,,,,,,,
rivière Saint-Jean,Q8,07360000,11.685,3.505,181,2007,28.0,131.0,159.0,89.0,809.0,0.2,0.31,,,,0.0,159.0,,,,,,,
rivière Saint-Jean,Q8,07360000,11.685,3.505,181,2008,47.0,190.0,237.0,147.0,852.0,0.28,0.45,,,,0.0,237.0,,,,,,,
rivière Saint-Jean,Q8,07360000,11.685,3.505,181,2009,22.0,108.0,130.0,67.0,850.0,0.15,0.23,,,,0.0,130.0,,,,,,,
rivière Saint-Jean,Q8,07360000,11.685,3.505,181,2010,59.0,153.0,212.0,108.0,686.0,0.31,0.47,,,,0.0,212.0,,,,,,,
rivière Saint-Jean,Q8,07360000,11.685,3.505,181,2011,92.0,100.0,192.0,272.0,721.0,0.27,0.64,,,,0.0,192.0,,,,,,,
rivière Saint-Jean,Q8,07360000,11.685,3.505,181,2012,26.0,262.0,288.0,243.0,836.0,0.34,0.64,,,,0.0,288.0,,,,,,,
rivière Saint-Jean,Q8,07360000,11.685,3.505,182,2013,8.0,183.0,191.0,75.0,799.0,0.24,0.33,,,,0.0,191.0,,,,,,,
rivière Saint-Jean,Q8,07360000,11.685,3.505,182,2014,33.0,77.0,110.0,15.0,834.0,0.13,0.15,,,,0.0,110.0,,,,,,,
rivière Saint-Jean,Q8,07360000,11.685,3.505,182,2015,101.0,83.0,184.0,180.0,944.0,0.19,0.39,,,,13.0,197.0,,,,,,,
rivière Saint-Jean,Q8,07360000,11.685,3.505,182,2016,37.0,81.0,118.0,294.0,828.0,0.14,0.5,,,,21.0,139.0,,,,,,,
rivière Saint-Jean,Q8,07360000,11.685,3.505,182,2017,22.0,100.0,122.0,254.0,761.0,0.16,0.49,,,,18.0,140.0,,,,,,,
rivière Saint-Jean,Q8,07360000,11.685,3.505,182,2018,15.0,55.0,70.0,108.0,786.0,0.09,0.23,,,,8.0,78.0,,,,,,,
rivière Saint-Jean,Q8,07360000,11.685,3.505,182,2019,10.0,40.0,50.0,132.0,605.0,0.08,0.3,,,,9.0,59.0,,,,,,,
rivière Saint-Jean,Q8,07360000,11.685,3.505,182,2020,0.0,0.0,0.0,0.0,37.0,0.0,0.0,,,,0.0,0.0,,,,,,,
rivière Saint-Jean,Q8,07360000,11.685,3.505,182,2021,95.0,54.0,149.0,125.0,560.0,0.27,0.49,,,,9.0,158.0,,,,,,,
rivière Saint-Jean,Q8,07360000,11.685,3.505,182,2022,17.0,90.0,107.0,290.0,659.0,0.16,0.6,,,,20.0,127.0,,,,,,,
rivière Saint-Jean,Q8,07360000,11.685,3.505,182,2023,4.0,36.0,40.0,33.0,493.0,0.08,0.15,,,,2.0,42.0,,,,,,,
rivière Saint-Jean,Q8,07360000,11.685,3.505,182,2024,11.0,0.0,11.0,17.0,290.0,0.04,0.1,,,,3.0,14.0,,,,,,,
rivière Saint-Jean,Q8,07360000,11.685,3.505,182,2025,30.0,0.0,30.0,93.0,273.0,0.11,0.45,,,,7.0,37.0,,,,,,,
rivière Mingan,Q8,07370000,2.814,0.878,183,1984,,,,,,,,,,,,,106.0,114.0,220.0,106.0,114.0,220.0,0.56
rivière Mingan,Q8,07370000,2.814,0.878,183,1985,,,,,,,,,,,,,45.0,224.0,269.0,45.0,224.0,269.0,1.08
rivière Mingan,Q8,07370000,2.814,0.878,183,1986,,,,,,,,,,,,,216.0,218.0,434.0,216.0,218.0,434.0,1.08
rivière Mingan,Q8,07370000,2.814,0.878,183,1987,,,,,,,,,,,,,94.0,149.0,243.0,94.0,149.0,243.0,0.73
rivière Mingan,Q8,07370000,2.814,0.878,183,1988,,,,,,,,,,,,,177.0,78.0,255.0,177.0,78.0,255.0,0.41
rivière Mingan,Q8,07370000,2.814,0.878,183,1989,,,,,,,,,,,,,362.0,103.0,465.0,356.0,103.0,459.0,0.54
rivière Mingan,Q8,07370000,2.814,0.878,183,1990,,,,,,,,,,,,,,,,,,,
rivière Mingan,Q8,07370000,2.814,0.878,183,1991,17.0,10.0,27.0,,79.0,0.34,,7.0,3.0,4.0,0.0,27.0,244.0,380.0,624.0,224.0,362.0,586.0,1.83
rivière Mingan,Q8,07370000,2.814,0.878,183,1992,26.0,38.0,64.0,,144.0,0.44,,46.0,58.0,53.0,16.0,80.0,56.0,65.0,121.0,,,,
rivière Mingan,Q8,07370000,2.814,0.878,183,1993,29.0,40.0,69.0,,150.0,0.46,,21.0,15.0,17.0,16.0,85.0,138.0,264.0,402.0,,,,
rivière Mingan,Q8,07370000,2.814,0.878,183,1994,32.0,44.0,76.0,,192.0,0.4,,,38210.0,72.0,16.0,92.0,84.0,21.0,105.0,,,,
rivière Mingan,Q8,07370000,2.814,0.878,183,1995,12.0,66.0,78.0,,244.0,0.32,,8.0,10.0,10.0,9.0,87.0,147.0,645.0,792.0,132.0,573.0,705.0,2.99
rivière Mingan,Q8,07370000,2.814,0.878,183,1996,52.0,64.0,116.0,,138.0,0.84,,,,,12.0,128.0,,,,,,,
rivière Mingan,Q8,07370000,2.814,0.878,183,1997,50.0,65.0,115.0,2.0,209.0,0.55,0.56,,,,5.0,120.0,,,,,,,
rivière Mingan,Q8,07370000,2.814,0.878,183,1998,37.0,71.0,108.0,,213.0,0.51,,,,,0.0,108.0,,,,,,,
rivière Mingan,Q8,07370000,2.814,0.878,183,1999,,,,,,,,,,,,,,,,,,,
rivière Mingan,Q8,07370000,2.814,0.878,183,2000,41.0,72.0,113.0,,254.0,0.44,,,,,0.0,113.0,,,,,,,
rivière Mingan,Q8,07370000,2.814,0.878,183,2001,6.0,46.0,52.0,,141.0,0.37,,,,,0.0,52.0,,,,,,,
rivière Mingan,Q8,07370000,2.814,0.878,183,2002,19.0,26.0,45.0,,216.0,0.21,,,,,10.0,55.0,,,,,,,
rivière Mingan,Q8,07370000,2.814,0.878,183,2003,15.0,50.0,65.0,,227.0,0.29,,,,,0.0,65.0,,,,,,,
rivière Mingan,Q8,07370000,2.814,0.878,183,2004,,,,,,,,,,,,,,,,,,,
rivière Mingan,Q8,07370000,2.814,0.878,183,2005,2.0,21.0,23.0,,206.0,0.11,,,,,0.0,23.0,,,,,,,
rivière Mingan,Q8,07370000,2.814,0.878,183,2006,10.0,61.0,71.0,,208.0,0.34,,,,,0.0,71.0,,,,,,,
rivière Mingan,Q8,07370000,2.814,0.878,183,2007,12.0,45.0,57.0,,249.0,0.23,,,,,0.0,57.0,,,,,,,
rivière Mingan,Q8,07370000,2.814,0.878,183,2008,,,,,,,,,,,,,,,,,,,
rivière Mingan,Q8,07370000,2.814,0.878,183,2009,4.0,48.0,52.0,,136.0,0.38,,,,,0.0,52.0,,,,,,,
rivière Mingan,Q8,07370000,2.814,0.878,183,2010,8.0,76.0,84.0,45.0,102.0,0.82,1.26,,,,0.0,84.0,,,,,,,
rivière Mingan,Q8,07370000,2.814,0.878,183,2011,,,,,,,,,,,,,,,,,,,
rivière Mingan,Q8,07370000,2.814,0.878,183,2012,,,,,,,,,,,,,,,,,,,
rivière Mingan,Q8,07370000,2.814,0.878,184,2013,,,,,,,,,,,,,,,,,,,
rivière Mingan,Q8,07370000,2.814,0.878,184,2014,7.0,13.0,20.0,,111.0,0.18,,,,,0.0,20.0,,,,,,,
rivière Mingan,Q8,07370000,2.814,0.878,184,2015,27.0,28.0,55.0,,,,,,,,0.0,55.0,,,,,,,
rivière Mingan,Q8,07370000,2.814,0.878,184,2016,,,,,,,,,,,,,,,,,,,
rivière Mingan,Q8,07370000,2.814,0.878,184,2017,11.0,18.0,29.0,3.0,217.0,0.13,0.15,,,,0.0,29.0,,,,,,,
rivière Mingan,Q8,07370000,2.814,0.878,184,2018,4.0,8.0,12.0,1.0,193.0,0.06,0.07,,,,0.0,12.0,,,,,,,
rivière Mingan,Q8,07370000,2.814,0.878,184,2019,,,,,,,,,,,,,,,,,,,
rivière Mingan,Q8,07370000,2.814,0.878,184,2020,,,,,,,,,,,,,,,,,,,
rivière Mingan,Q8,07370000,2.814,0.878,184,2021,,,,,,,,,,,,,,,,,,,
rivière Mingan,Q8,07370000,2.814,0.878,184,2022,,,,,,,,,,,,,,,,,,,
rivière Mingan,Q8,07370000,2.814,0.878,184,2023,,,,,,,,,,,,,,,,,,,
rivière Mingan,Q8,07370000,2.814,0.878,184,2024,,,,,,,,,,,,,,,,,,,
rivière Mingan,Q8,07370000,2.814,0.878,184,2025,,,,,,,,,,,,,,,,,,,
rivière Romaine,Q8,07380000,6.428,1.996,185,1984,,,,,,,,,,,,,,,,,,,
rivière Romaine,Q8,07380000,6.428,1.996,185,1985,,,,,,,,,,,,,,,,,,,
rivière Romaine,Q8,07380000,6.428,1.996,185,1986,,,,,,,,,,,,,,,,,,,
rivière Romaine,Q8,07380000,6.428,1.996,185,1987,,,,,,,,,,,,,,,,,,,
rivière Romaine,Q8,07380000,6.428,1.996,185,1988,1.0,1.0,2.0,,,,,,,,0.0,2.0,,,,,,,
rivière Romaine,Q8,07380000,6.428,1.996,185,1989,5.0,6.0,11.0,,25.0,0.44,,,,,0.0,11.0,,,,,,,
rivière Romaine,Q8,07380000,6.428,1.996,185,1990,14.0,112.0,126.0,,252.0,0.5,,,,,0.0,126.0,,,,,,,
rivière Romaine,Q8,07380000,6.428,1.996,185,1991,9.0,80.0,89.0,,262.0,0.34,,,,,0.0,89.0,,,,,,,
rivière Romaine,Q8,07380000,6.428,1.996,185,1992,15.0,92.0,107.0,,218.0,0.49,,,,,0.0,107.0,,,,,,,
rivière Romaine,Q8,07380000,6.428,1.996,185,1993,25.0,30.0,55.0,,183.0,0.3,,,,,0.0,55.0,,,,,,,
rivière Romaine,Q8,07380000,6.428,1.996,185,1994,20.0,29.0,49.0,,133.0,0.37,,,,,0.0,49.0,,,,,,,
rivière Romaine,Q8,07380000,6.428,1.996,185,1995,11.0,70.0,81.0,,303.0,0.27,,,,,0.0,81.0,,,,,,,
rivière Romaine,Q8,07380000,6.428,1.996,185,1996,12.0,77.0,89.0,,269.0,0.33,,,,,0.0,89.0,,,,,,,
rivière Romaine,Q8,07380000,6.428,1.996,185,1997,2.0,45.0,47.0,,151.0,0.31,,,,,0.0,47.0,,,,,,,
rivière Romaine,Q8,07380000,6.428,1.996,185,1998,15.0,28.0,43.0,,165.0,0.26,,,,,0.0,43.0,,,,,,,
rivière Romaine,Q8,07380000,6.428,1.996,185,1999,6.0,50.0,56.0,,310.0,0.18,,,,,0.0,56.0,,,,,,,
rivière Romaine,Q8,07380000,6.428,1.996,185,2000,8.0,27.0,35.0,,152.0,0.23,,,,,0.0,35.0,,,,,,,
rivière Romaine,Q8,07380000,6.428,1.996,185,2001,3.0,44.0,47.0,,151.0,0.31,,8.0,15.0,14.0,0.0,47.0,36.0,294.0,330.0,,,,
rivière Romaine,Q8,07380000,6.428,1.996,185,2002,3.0,16.0,19.0,,95.0,0.2,,,,,0.0,19.0,,,,,,,
rivière Romaine,Q8,07380000,6.428,1.996,185,2003,3.0,20.0,23.0,,105.0,0.22,,,,,1.0,24.0,,,,,,,
rivière Romaine,Q8,07380000,6.428,1.996,185,2004,3.0,25.0,28.0,,117.0,0.24,,,,,0.0,28.0,,,,,,,
rivière Romaine,Q8,07380000,6.428,1.996,185,2005,2.0,10.0,12.0,,55.0,0.22,,,,,0.0,12.0,,,,,,,
rivière Romaine,Q8,07380000,6.428,1.996,185,2006,1.0,8.0,9.0,,36.0,0.25,,,,,0.0,9.0,,,,,,,
rivière Romaine,Q8,07380000,6.428,1.996,185,2007,1.0,7.0,8.0,,42.0,0.19,,,,,0.0,8.0,,,,,,,
rivière Romaine,Q8,07380000,6.428,1.996,185,2008,2.0,25.0,27.0,,104.0,0.26,,,,,0.0,27.0,,,,,,,
rivière Romaine,Q8,07380000,6.428,1.996,185,2009,4.0,7.0,11.0,,52.0,0.21,,,,,0.0,11.0,,,,,,,
rivière Romaine,Q8,07380000,6.428,1.996,185,2010,5.0,16.0,21.0,,84.0,0.25,,,,21.0,0.0,21.0,,,99.0,,,,
rivière Romaine,Q8,07380000,6.428,1.996,185,2011,,,,,,,,,,,,,,,,,,,
rivière Romaine,Q8,07380000,6.428,1.996,185,2012,,,,,,,,,,,,,,,,,,,
rivière Romaine,Q8,07380000,6.428,1.996,186,2013,,,,,,,,,,,,,,,,,,,
rivière Romaine,Q8,07380000,6.428,1.996,186,2014,,,,,,,,,,,,,,,,,,,
rivière Romaine,Q8,07380000,6.428,1.996,186,2015,,,,,,,,,,,,,,,,,,,
rivière Romaine,Q8,07380000,6.428,1.996,186,2016,,,,,,,,,,,,,,,,,,,
rivière Romaine,Q8,07380000,6.428,1.996,186,2017,,,,,,,,,,,,,,,,,,,
rivière Romaine,Q8,07380000,6.428,1.996,186,2018,,,,,,,,,,,,,,,,,,,
rivière Romaine,Q8,07380000,6.428,1.996,186,2019,,,,,,,,,,,,,,,,,,,
rivière Romaine,Q8,07380000,6.428,1.996,186,2020,,,,,,,,,,,,,,,,,,,
rivière Romaine,Q8,07380000,6.428,1.996,186,2021,,,,,,,,,,,,,,,,,,,
rivière Romaine,Q8,07380000,6.428,1.996,186,2022,,,,,,,,,,,,,,,,,,,
rivière Romaine,Q8,07380000,6.428,1.996,186,2023,,,,,,,,,,,,,,,,,,,
rivière Romaine,Q8,07380000,6.428,1.996,186,2024,,,,,,,,,,,,,,,,,,,
rivière Romaine,Q8,07380000,6.428,1.996,186,2025,,,,,,,,,,,,,,,,,,,
rivière de la Corneille,Q8,07400000,0.15,0.033,187,1984,3.0,47.0,50.0,,128.0,0.39,,,,,0.0,50.0,,,,,,,
rivière de la Corneille,Q8,07400000,0.15,0.033,187,1985,13.0,28.0,41.0,,114.0,0.36,,37.0,38.0,38.0,5.0,46.0,35.0,73.0,108.0,17.0,45.0,62.0,0.19
rivière de la Corneille,Q8,07400000,0.15,0.033,187,1986,25.0,63.0,88.0,,182.0,0.48,,24.0,50.0,38.0,3.0,91.0,104.0,125.0,229.0,78.0,60.0,138.0,0.3
rivière de la Corneille,Q8,07400000,0.15,0.033,187,1987,30.0,36.0,66.0,,128.0,0.52,,32.0,20.0,24.0,1.0,67.0,93.0,184.0,277.0,62.0,148.0,210.0,0.71
rivière de la Corneille,Q8,07400000,0.15,0.033,187,1988,56.0,65.0,121.0,,153.0,0.79,,25.0,36.0,30.0,0.0,121.0,221.0,183.0,404.0,165.0,118.0,283.0,0.63
rivière de la Corneille,Q8,07400000,0.15,0.033,187,1989,35.0,38.0,73.0,,144.0,0.51,,,,,0.0,73.0,,,,,,,
rivière de la Corneille,Q8,07400000,0.15,0.033,187,1990,41.0,55.0,96.0,,152.0,0.63,,,,,0.0,96.0,,,,,,,
rivière de la Corneille,Q8,07400000,0.15,0.033,187,1991,31.0,36.0,67.0,,208.0,0.32,,,,,0.0,67.0,,,,,,,
rivière de la Corneille,Q8,07400000,0.15,0.033,187,1992,33.0,33.0,66.0,,104.0,0.63,,,,,0.0,66.0,,,,,,,
rivière de la Corneille,Q8,07400000,0.15,0.033,187,1993,34.0,23.0,57.0,,115.0,0.5,,,,,0.0,57.0,,,,,,,
rivière de la Corneille,Q8,07400000,0.15,0.033,187,1994,64.0,14.0,78.0,,129.0,0.6,,,,,0.0,78.0,,,,,,,
rivière de la Corneille,Q8,07400000,0.15,0.033,187,1995,17.0,22.0,39.0,,105.0,0.37,,,,,0.0,39.0,,,,,,,
rivière de la Corneille,Q8,07400000,0.15,0.033,187,1996,36.0,38.0,74.0,10.0,120.0,0.62,0.7,,,,0.0,74.0,,,,,,,
rivière de la Corneille,Q8,07400000,0.15,0.033,187,1997,52.0,23.0,75.0,0.0,162.0,0.46,0.46,,,,0.0,75.0,,,,,,,
rivière de la Corneille,Q8,07400000,0.15,0.033,187,1998,31.0,19.0,50.0,0.0,171.0,0.29,0.29,,,,0.0,50.0,,,,,,,
rivière de la Corneille,Q8,07400000,0.15,0.033,187,1999,17.0,6.0,23.0,1.0,131.0,0.18,0.18,,,,0.0,23.0,,,,,,,
rivière de la Corneille,Q8,07400000,0.15,0.033,187,2000,14.0,4.0,18.0,17.0,146.0,0.12,0.24,,,,0.0,18.0,,,,,,,
rivière de la Corneille,Q8,07400000,0.15,0.033,187,2001,17.0,10.0,27.0,13.0,117.0,0.23,0.34,,,,0.0,27.0,,,,,,,
rivière de la Corneille,Q8,07400000,0.15,0.033,187,2002,3.0,15.0,18.0,42.0,127.0,0.14,0.47,,,,1.0,19.0,,,,,,,
rivière de la Corneille,Q8,07400000,0.15,0.033,187,2003,19.0,3.0,22.0,16.0,104.0,0.21,0.37,,,,0.0,22.0,,,,,,,
rivière de la Corneille,Q8,07400000,0.15,0.033,187,2004,12.0,2.0,14.0,32.0,99.0,0.14,0.46,,,,0.0,14.0,,,,,,,
rivière de la Corneille,Q8,07400000,0.15,0.033,187,2005,5.0,5.0,10.0,15.0,98.0,0.1,0.26,,,,0.0,10.0,,,,,,,
rivière de la Corneille,Q8,07400000,0.15,0.033,187,2006,3.0,1.0,4.0,13.0,30.0,0.13,0.57,,,,0.0,4.0,,,,,,,
rivière de la Corneille,Q8,07400000,0.15,0.033,187,2007,10.0,3.0,13.0,32.0,75.0,0.17,0.6,,,,0.0,13.0,,,,,,,
rivière de la Corneille,Q8,07400000,0.15,0.033,187,2008,15.0,2.0,17.0,66.0,102.0,0.17,0.81,,,,0.0,17.0,,,,,,,
rivière de la Corneille,Q8,07400000,0.15,0.033,187,2009,12.0,10.0,22.0,18.0,131.0,0.17,0.31,,,,0.0,22.0,,,,,,,
rivière de la Corneille,Q8,07400000,0.15,0.033,187,2010,13.0,3.0,16.0,38.0,112.0,0.14,0.48,,,,0.0,16.0,,,,,,,
rivière de la Corneille,Q8,07400000,0.15,0.033,187,2011,38.0,11.0,49.0,49.0,240.0,0.2,0.41,,,,0.0,49.0,,,,,,,
rivière de la Corneille,Q8,07400000,0.15,0.033,187,2012,21.0,7.0,28.0,9.0,140.0,0.2,0.26,,,,0.0,28.0,,,,,,,
rivière de la Corneille,Q8,07400000,0.15,0.033,188,2013,27.0,4.0,31.0,44.0,124.0,0.25,0.6,,,,0.0,31.0,,,,,,,
rivière de la Corneille,Q8,07400000,0.15,0.033,188,2014,17.0,6.0,23.0,22.0,172.0,0.13,0.26,,,,0.0,23.0,,,,,,,
rivière de la Corneille,Q8,07400000,0.15,0.033,188,2015,44.0,0.0,44.0,88.0,217.0,0.2,0.61,,,,6.0,50.0,,,,,,,
rivière de la Corneille,Q8,07400000,0.15,0.033,188,2016,44.0,0.0,44.0,77.0,276.0,0.16,0.44,,,,5.0,49.0,,,,,,,
rivière de la Corneille,Q8,07400000,0.15,0.033,188,2017,24.0,0.0,24.0,48.0,206.0,0.12,0.35,,,,3.0,27.0,,,,,,,
rivière de la Corneille,Q8,07400000,0.15,0.033,188,2018,22.0,0.0,22.0,36.0,163.0,0.13,0.36,,,,3.0,25.0,,,,,,,
rivière de la Corneille,Q8,07400000,0.15,0.033,188,2019,26.0,0.0,26.0,55.0,171.0,0.15,0.47,,,,4.0,30.0,,,,,,,
rivière de la Corneille,Q8,07400000,0.15,0.033,188,2020,32.0,0.0,32.0,83.0,203.0,0.16,0.57,,,,6.0,38.0,,,,,,,
rivière de la Corneille,Q8,07400000,0.15,0.033,188,2021,13.0,0.0,13.0,85.0,198.0,0.07,0.49,,,,6.0,19.0,,,,,,,
rivière de la Corneille,Q8,07400000,0.15,0.033,188,2022,10.0,0.0,10.0,40.0,108.0,0.09,0.46,,,,3.0,13.0,,,,,,,
rivière de la Corneille,Q8,07400000,0.15,0.033,188,2023,5.0,0.0,5.0,17.0,228.0,0.02,0.1,,,,1.0,6.0,,,,,,,
rivière de la Corneille,Q8,07400000,0.15,0.033,188,2024,0.0,0.0,0.0,14.0,96.0,0.0,0.15,0.0,0.0,0.0,4.0,4.0,39.0,48.0,87.0,36.0,47.0,83.0,
rivière de la Corneille,Q8,07400000,0.15,0.033,188,2025,0.0,0.0,0.0,33.0,158.0,0.0,0.21,,,,2.0,2.0,,,,,,,
rivière Piashti,Q8,07410000,0.137,0.03,189,1984,5.0,9.0,14.0,,89.0,0.16,,,,,0.0,14.0,,,,,,,
rivière Piashti,Q8,07410000,0.137,0.03,189,1985,16.0,17.0,33.0,,118.0,0.28,,,,,0.0,33.0,,,,,,,
rivière Piashti,Q8,07410000,0.137,0.03,189,1986,3.0,12.0,15.0,,110.0,0.14,,,,,1.0,16.0,,,,,,,
rivière Piashti,Q8,07410000,0.137,0.03,189,1987,3.0,4.0,7.0,,70.0,0.1,,16.0,12.0,13.0,5.0,12.0,19.0,33.0,52.0,13.0,27.0,40.0,0.2
rivière Piashti,Q8,07410000,0.137,0.03,189,1988,16.0,13.0,29.0,,120.0,0.24,,,,,0.0,29.0,,,,,,,
rivière Piashti,Q8,07410000,0.137,0.03,189,1989,7.0,20.0,27.0,,138.0,0.2,,,,,0.0,27.0,,,,,,,
rivière Piashti,Q8,07410000,0.137,0.03,189,1990,33.0,7.0,40.0,,119.0,0.34,,,,,0.0,40.0,,,,,,,
rivière Piashti,Q8,07410000,0.137,0.03,189,1991,17.0,4.0,21.0,,108.0,0.19,,,,,0.0,21.0,,,,,,,
rivière Piashti,Q8,07410000,0.137,0.03,189,1992,18.0,8.0,26.0,,74.0,0.35,,,,,0.0,26.0,,,,,,,
rivière Piashti,Q8,07410000,0.137,0.03,189,1993,7.0,2.0,9.0,,68.0,0.13,,,,,0.0,9.0,,,,,,,
rivière Piashti,Q8,07410000,0.137,0.03,189,1994,43.0,13.0,56.0,,115.0,0.49,,,,,0.0,56.0,,,,,,,
rivière Piashti,Q8,07410000,0.137,0.03,189,1995,8.0,1.0,9.0,,50.0,0.18,,,,,0.0,9.0,,,,,,,
rivière Piashti,Q8,07410000,0.137,0.03,189,1996,17.0,11.0,28.0,1.0,48.0,0.58,0.6,,,,0.0,28.0,,,,,,,
rivière Piashti,Q8,07410000,0.137,0.03,189,1997,13.0,11.0,24.0,0.0,68.0,0.35,0.35,,,,0.0,24.0,,,,,,,
rivière Piashti,Q8,07410000,0.137,0.03,189,1998,5.0,3.0,8.0,0.0,76.0,0.11,0.11,,,,0.0,8.0,,,,,,,
rivière Piashti,Q8,07410000,0.137,0.03,189,1999,0.0,1.0,1.0,0.0,49.0,0.02,0.02,,,,0.0,1.0,,,,,,,
rivière Piashti,Q8,07410000,0.137,0.03,189,2000,5.0,19.0,24.0,4.0,56.0,0.43,0.5,,,,0.0,24.0,,,,,,,
rivière Piashti,Q8,07410000,0.137,0.03,189,2001,9.0,11.0,20.0,9.0,63.0,0.32,0.46,,,,0.0,20.0,,,,,,,
rivière Piashti,Q8,07410000,0.137,0.03,189,2002,12.0,10.0,22.0,0.0,96.0,0.23,0.23,,,,0.0,22.0,,,,,,,
rivière Piashti,Q8,07410000,0.137,0.03,189,2003,0.0,1.0,1.0,26.0,91.0,0.01,0.3,,,,0.0,1.0,,,,,,,
rivière Piashti,Q8,07410000,0.137,0.03,189,2004,2.0,1.0,3.0,5.0,136.0,0.02,0.06,,,,0.0,3.0,,,,,,,
rivière Piashti,Q8,07410000,0.137,0.03,189,2005,2.0,4.0,6.0,39.0,74.0,0.08,0.61,,,,0.0,6.0,,,,,,,
rivière Piashti,Q8,07410000,0.137,0.03,189,2006,5.0,1.0,6.0,57.0,66.0,0.09,0.95,,,,0.0,6.0,,,,,,,
rivière Piashti,Q8,07410000,0.137,0.03,189,2007,4.0,1.0,5.0,9.0,30.0,0.17,0.47,,,,0.0,5.0,,,,,,,
rivière Piashti,Q8,07410000,0.137,0.03,189,2008,7.0,5.0,12.0,15.0,58.0,0.21,0.47,,,,0.0,12.0,,,,,,,
rivière Piashti,Q8,07410000,0.137,0.03,189,2009,7.0,0.0,7.0,0.0,32.0,0.22,0.22,,,,0.0,7.0,,,,,,,
rivière Piashti,Q8,07410000,0.137,0.03,189,2010,14.0,2.0,16.0,15.0,51.0,0.31,0.61,,,,0.0,16.0,,,,,,,
rivière Piashti,Q8,07410000,0.137,0.03,189,2011,37.0,12.0,49.0,29.0,88.0,0.56,0.89,,,,0.0,49.0,,,,,,,
rivière Piashti,Q8,07410000,0.137,0.03,189,2012,7.0,2.0,9.0,9.0,63.0,0.14,0.29,,,,1.0,10.0,,,,,,,
rivière Piashti,Q8,07410000,0.137,0.03,190,2013,3.0,3.0,6.0,4.0,27.0,0.22,0.37,,,,0.0,6.0,,,,,,,
rivière Piashti,Q8,07410000,0.137,0.03,190,2014,9.0,0.0,9.0,4.0,37.0,0.24,0.35,,,,0.0,9.0,,,,,,,
rivière Piashti,Q8,07410000,0.137,0.03,190,2015,16.0,0.0,16.0,5.0,26.0,0.62,0.81,,,,0.0,16.0,,,,,,,
rivière Piashti,Q8,07410000,0.137,0.03,190,2016,16.0,0.0,16.0,2.0,39.0,0.41,0.46,,,,0.0,16.0,,,,,,,
rivière Piashti,Q8,07410000,0.137,0.03,190,2017,15.0,0.0,15.0,2.0,37.0,0.41,0.46,,,,0.0,15.0,,,,,,,
rivière Piashti,Q8,07410000,0.137,0.03,190,2018,6.0,0.0,6.0,0.0,8.0,0.75,0.75,,,,0.0,6.0,,,,,,,
rivière Piashti,Q8,07410000,0.137,0.03,190,2019,,,,,,,,,,,,,,,,,,,
rivière Piashti,Q8,07410000,0.137,0.03,190,2020,,,,,,,,,,,,,,,,,,,
rivière Piashti,Q8,07410000,0.137,0.03,190,2021,2.0,0.0,2.0,1.0,9.0,0.22,0.33,,,,0.0,2.0,,,,,,,
rivière Piashti,Q8,07410000,0.137,0.03,190,2022,0.0,0.0,0.0,0.0,,,,,,,0.0,0.0,,,,,,,
rivière Piashti,Q8,07410000,0.137,0.03,190,2023,,,,,,,,,,,,,,,,,,,
rivière Piashti,Q8,07410000,0.137,0.03,190,2024,0.0,0.0,0.0,0.0,,,,,,,0.0,0.0,,,,,,,
rivière Piashti,Q8,07410000,0.137,0.03,190,2025,,,,,,,,,,,,,,,,,,,
rivière Watshishou,Q8,07430000,2.117,0.653,191,1984,17.0,84.0,101.0,,164.0,0.62,,,,,0.0,101.0,,,,,,,
rivière Watshishou,Q8,07430000,2.117,0.653,191,1985,20.0,94.0,114.0,,168.0,0.68,,6.0,23.0,15.0,1.0,115.0,336.0,414.0,750.0,316.0,319.0,635.0,1.48
rivière Watshishou,Q8,07430000,2.117,0.653,191,1986,21.0,99.0,120.0,,145.0,0.83,,8.0,14.0,12.0,0.0,120.0,256.0,706.0,962.0,235.0,607.0,842.0,2.71
rivière Watshishou,Q8,07430000,2.117,0.653,191,1987,70.0,102.0,172.0,,213.0,0.81,,27.0,18.0,21.0,0.0,172.0,264.0,570.0,834.0,194.0,468.0,662.0,2.06
rivière Watshishou,Q8,07430000,2.117,0.653,191,1988,35.0,103.0,138.0,,146.0,0.95,,9.0,18.0,14.0,2.0,140.0,378.0,588.0,966.0,341.0,485.0,826.0,2.26
rivière Watshishou,Q8,07430000,2.117,0.653,191,1989,43.0,96.0,139.0,,150.0,0.93,,,,,0.0,139.0,,,,,,,
rivière Watshishou,Q8,07430000,2.117,0.653,191,1990,17.0,109.0,126.0,,130.0,0.97,,,,,0.0,126.0,,,,,,,
rivière Watshishou,Q8,07430000,2.117,0.653,191,1991,33.0,100.0,133.0,,162.0,0.82,,,,,0.0,133.0,,,,,,,
rivière Watshishou,Q8,07430000,2.117,0.653,191,1992,40.0,149.0,189.0,,234.0,0.81,,,,,0.0,189.0,,,,,,,
rivière Watshishou,Q8,07430000,2.117,0.653,191,1993,49.0,104.0,153.0,,222.0,0.69,,,,,0.0,153.0,,,,,,,
rivière Watshishou,Q8,07430000,2.117,0.653,191,1994,99.0,122.0,221.0,,243.0,0.91,,,,,0.0,221.0,,,,,,,
rivière Watshishou,Q8,07430000,2.117,0.653,191,1995,34.0,114.0,148.0,,217.0,0.68,,,,,0.0,148.0,,,,,,,
rivière Watshishou,Q8,07430000,2.117,0.653,191,1996,41.0,123.0,164.0,85.0,208.0,0.79,1.2,,,,0.0,164.0,,,,,,,
rivière Watshishou,Q8,07430000,2.117,0.653,191,1997,32.0,102.0,134.0,56.0,227.0,0.59,0.84,,,,0.0,134.0,,,,,,,
rivière Watshishou,Q8,07430000,2.117,0.653,191,1998,39.0,56.0,95.0,44.0,199.0,0.48,0.7,,,,0.0,95.0,,,,,,,
rivière Watshishou,Q8,07430000,2.117,0.653,191,1999,28.0,31.0,59.0,25.0,194.0,0.3,0.43,,,,0.0,59.0,,,,,,,
rivière Watshishou,Q8,07430000,2.117,0.653,191,2000,8.0,10.0,18.0,108.0,185.0,0.1,0.68,,,,0.0,18.0,,,,,,,
rivière Watshishou,Q8,07430000,2.117,0.653,191,2001,18.0,39.0,57.0,140.0,187.0,0.3,1.05,,,,0.0,57.0,,,,,,,
rivière Watshishou,Q8,07430000,2.117,0.653,191,2002,10.0,11.0,21.0,146.0,227.0,0.09,0.74,,,,0.0,21.0,,,,,,,
rivière Watshishou,Q8,07430000,2.117,0.653,191,2003,6.0,14.0,20.0,138.0,164.0,0.12,0.96,,,,0.0,20.0,,,,,,,
rivière Watshishou,Q8,07430000,2.117,0.653,191,2004,3.0,8.0,11.0,159.0,164.0,0.07,1.04,,,,0.0,11.0,,,,,,,
rivière Watshishou,Q8,07430000,2.117,0.653,191,2005,7.0,6.0,13.0,155.0,143.0,0.09,1.17,,,,0.0,13.0,,,,,,,
rivière Watshishou,Q8,07430000,2.117,0.653,191,2006,12.0,5.0,17.0,159.0,161.0,0.11,1.09,,,,0.0,17.0,,,,,,,
rivière Watshishou,Q8,07430000,2.117,0.653,191,2007,1.0,7.0,8.0,189.0,153.0,0.05,1.29,,,,0.0,8.0,,,,,,,
rivière Watshishou,Q8,07430000,2.117,0.653,191,2008,4.0,9.0,13.0,211.0,153.0,0.08,1.46,,,,0.0,13.0,,,,,,,
rivière Watshishou,Q8,07430000,2.117,0.653,191,2009,4.0,14.0,18.0,136.0,135.0,0.13,1.14,,,,0.0,18.0,,,,,,,
rivière Watshishou,Q8,07430000,2.117,0.653,191,2010,7.0,12.0,19.0,249.0,153.0,0.12,1.75,,,,0.0,19.0,,,,,,,
rivière Watshishou,Q8,07430000,2.117,0.653,191,2011,5.0,10.0,15.0,351.0,201.0,0.07,1.82,,,,0.0,15.0,,,,,,,
rivière Watshishou,Q8,07430000,2.117,0.653,191,2012,2.0,4.0,6.0,196.0,153.0,0.04,1.32,,,,0.0,6.0,,,,,,,
rivière Watshishou,Q8,07430000,2.117,0.653,192,2013,,,,,,,,,,,,,,,,,,,
rivière Watshishou,Q8,07430000,2.117,0.653,192,2014,0.0,0.0,0.0,62.0,50.0,0.0,1.24,,,,0.0,0.0,,,,,,,
rivière Watshishou,Q8,07430000,2.117,0.653,192,2015,0.0,0.0,0.0,226.0,102.0,0.0,2.22,,,,16.0,16.0,,,,,,,
rivière Watshishou,Q8,07430000,2.117,0.653,192,2016,0.0,0.0,0.0,412.0,175.0,0.0,2.35,,,,29.0,29.0,,,,,,,
rivière Watshishou,Q8,07430000,2.117,0.653,192,2017,0.0,0.0,0.0,326.0,150.0,0.0,2.17,,,,23.0,23.0,,,,,,,
rivière Watshishou,Q8,07430000,2.117,0.653,192,2018,0.0,0.0,0.0,275.0,170.0,0.0,1.62,,,,19.0,19.0,,,,,,,
rivière Watshishou,Q8,07430000,2.117,0.653,192,2019,0.0,0.0,0.0,307.0,149.0,0.0,2.06,,,,21.0,21.0,,,,,,,
rivière Watshishou,Q8,07430000,2.117,0.653,192,2020,0.0,0.0,0.0,37.0,15.0,0.0,2.47,,,,3.0,3.0,,,,,,,
rivière Watshishou,Q8,07430000,2.117,0.653,192,2021,0.0,0.0,0.0,43.0,10.0,0.0,4.3,,,,3.0,3.0,,,,,,,
rivière Watshishou,Q8,07430000,2.117,0.653,192,2022,0.0,0.0,0.0,252.0,121.0,0.0,2.08,,,,18.0,18.0,,,,,,,
rivière Watshishou,Q8,07430000,2.117,0.653,192,2023,0.0,0.0,0.0,162.0,109.0,0.0,1.49,,,,11.0,11.0,,,,,,,
rivière Watshishou,Q8,07430000,2.117,0.653,192,2024,0.0,0.0,0.0,180.0,88.0,0.0,2.05,,,,13.0,13.0,,,,,,,
rivière Watshishou,Q8,07430000,2.117,0.653,192,2025,0.0,0.0,0.0,101.0,81.0,0.0,1.25,,,,7.0,7.0,,,,,,,
Petite rivière Watshishou,Q8,07440000,0.302,0.075,193,1984,4.0,23.0,27.0,,66.0,0.41,,,,,0.0,27.0,,,,,,,
Petite rivière Watshishou,Q8,07440000,0.302,0.075,193,1985,9.0,14.0,23.0,,74.0,0.31,,,,,2.0,25.0,,,,,,,
Petite rivière Watshishou,Q8,07440000,0.302,0.075,193,1986,19.0,21.0,40.0,,69.0,0.58,,26.0,48.0,34.0,5.0,45.0,73.0,44.0,117.0,45.0,28.0,73.0,
Petite rivière Watshishou,Q8,07440000,0.302,0.075,193,1987,31.0,8.0,39.0,,58.0,0.67,,14.0,20.0,15.0,1.0,40.0,222.0,41.0,263.0,190.0,33.0,223.0,0.2
Petite rivière Watshishou,Q8,07440000,0.302,0.075,193,1988,61.0,2.0,63.0,,77.0,0.82,,22.0,5.0,19.0,0.0,63.0,283.0,44.0,327.0,222.0,42.0,264.0,0.23
Petite rivière Watshishou,Q8,07440000,0.302,0.075,193,1989,21.0,1.0,22.0,,101.0,0.22,,,,,0.0,22.0,,,,,,,
Petite rivière Watshishou,Q8,07440000,0.302,0.075,193,1990,46.0,15.0,61.0,,79.0,0.77,,,,,0.0,61.0,,,,,,,
Petite rivière Watshishou,Q8,07440000,0.302,0.075,193,1991,29.0,18.0,47.0,,96.0,0.49,,,,,0.0,47.0,,,,,,,
Petite rivière Watshishou,Q8,07440000,0.302,0.075,193,1992,36.0,8.0,44.0,,66.0,0.67,,,,,0.0,44.0,,,,,,,
Petite rivière Watshishou,Q8,07440000,0.302,0.075,193,1993,11.0,11.0,22.0,,62.0,0.35,,,,,0.0,22.0,,,,,,,
Petite rivière Watshishou,Q8,07440000,0.302,0.075,193,1994,14.0,2.0,16.0,,87.0,0.18,,,,,0.0,16.0,,,,,,,
Petite rivière Watshishou,Q8,07440000,0.302,0.075,193,1995,8.0,2.0,10.0,,39.0,0.26,,,,,0.0,10.0,,,,,,,
Petite rivière Watshishou,Q8,07440000,0.302,0.075,193,1996,17.0,12.0,29.0,,49.0,0.59,,,,,0.0,29.0,,,,,,,
Petite rivière Watshishou,Q8,07440000,0.302,0.075,193,1997,18.0,2.0,20.0,,73.0,0.27,,,,,0.0,20.0,,,,,,,
Petite rivière Watshishou,Q8,07440000,0.302,0.075,193,1998,4.0,7.0,11.0,,81.0,0.14,,,,,0.0,11.0,,,,,,,
Petite rivière Watshishou,Q8,07440000,0.302,0.075,193,1999,1.0,0.0,1.0,,26.0,0.04,,,,,0.0,1.0,,,,,,,
Petite rivière Watshishou,Q8,07440000,0.302,0.075,193,2000,6.0,1.0,7.0,,24.0,0.29,,,,,0.0,7.0,,,,,,,
Petite rivière Watshishou,Q8,07440000,0.302,0.075,193,2001,15.0,5.0,20.0,7.0,44.0,0.45,0.61,,,,2.0,22.0,,,,,,,
Petite rivière Watshishou,Q8,07440000,0.302,0.075,193,2002,15.0,4.0,19.0,0.0,73.0,0.26,0.26,,,,1.0,20.0,,,,,,,
Petite rivière Watshishou,Q8,07440000,0.302,0.075,193,2003,1.0,1.0,2.0,3.0,63.0,0.03,0.08,,,,0.0,2.0,,,,,,,
Petite rivière Watshishou,Q8,07440000,0.302,0.075,193,2004,1.0,5.0,6.0,7.0,130.0,0.05,0.1,,,,0.0,6.0,,,,,,,
Petite rivière Watshishou,Q8,07440000,0.302,0.075,193,2005,3.0,2.0,5.0,13.0,31.0,0.16,0.58,,,,0.0,5.0,,,,,,,
Petite rivière Watshishou,Q8,07440000,0.302,0.075,193,2006,4.0,1.0,5.0,21.0,54.0,0.09,0.48,,,,0.0,5.0,,,,,,,
Petite rivière Watshishou,Q8,07440000,0.302,0.075,193,2007,10.0,3.0,13.0,13.0,38.0,0.34,0.68,,,,0.0,13.0,,,,,,,
Petite rivière Watshishou,Q8,07440000,0.302,0.075,193,2008,12.0,5.0,17.0,37.0,73.0,0.23,0.74,,,,0.0,17.0,,,,,,,
Petite rivière Watshishou,Q8,07440000,0.302,0.075,193,2009,15.0,2.0,17.0,31.0,67.0,0.25,0.72,,,,0.0,17.0,,,,,,,
Petite rivière Watshishou,Q8,07440000,0.302,0.075,193,2010,24.0,1.0,25.0,15.0,47.0,0.53,0.85,,,,0.0,25.0,,,,,,,
Petite rivière Watshishou,Q8,07440000,0.302,0.075,193,2011,22.0,3.0,25.0,26.0,63.0,0.4,0.81,,,,0.0,25.0,,,,,,,
Petite rivière Watshishou,Q8,07440000,0.302,0.075,193,2012,13.0,6.0,19.0,7.0,65.0,0.29,0.4,,,,0.0,19.0,,,,,,,
Petite rivière Watshishou,Q8,07440000,0.302,0.075,194,2013,11.0,5.0,16.0,9.0,39.0,0.41,0.64,,,,0.0,16.0,,,,,,,
Petite rivière Watshishou,Q8,07440000,0.302,0.075,194,2014,9.0,5.0,14.0,13.0,64.0,0.22,0.42,,,,0.0,14.0,,,,,,,
Petite rivière Watshishou,Q8,07440000,0.302,0.075,194,2015,25.0,0.0,25.0,27.0,49.0,0.51,1.06,,,,2.0,27.0,,,,,,,
Petite rivière Watshishou,Q8,07440000,0.302,0.075,194,2016,11.0,0.0,11.0,1.0,35.0,0.31,0.34,,,,0.0,11.0,,,,,,,
Petite rivière Watshishou,Q8,07440000,0.302,0.075,194,2017,12.0,0.0,12.0,5.0,32.0,0.38,0.53,,,,0.0,12.0,,,,,,,
Petite rivière Watshishou,Q8,07440000,0.302,0.075,194,2018,6.0,0.0,6.0,0.0,9.0,0.67,0.67,,,,0.0,6.0,,,,,,,
Petite rivière Watshishou,Q8,07440000,0.302,0.075,194,2019,,,,,,,,,,,,,,,,,,,
Petite rivière Watshishou,Q8,07440000,0.302,0.075,194,2020,,,,,,,,,,,,,,,,,,,
Petite rivière Watshishou,Q8,07440000,0.302,0.075,194,2021,5.0,0.0,5.0,2.0,8.0,0.63,0.88,,,,0.0,5.0,,,,,,,
Petite rivière Watshishou,Q8,07440000,0.302,0.075,194,2022,0.0,0.0,0.0,0.0,,,,,,,0.0,0.0,,,,,,,
Petite rivière Watshishou,Q8,07440000,0.302,0.075,194,2023,,,,,,,,,,,,,,,,,,,
Petite rivière Watshishou,Q8,07440000,0.302,0.075,194,2024,0.0,0.0,0.0,0.0,,,,,,,0.0,0.0,,,,,,,
Petite rivière Watshishou,Q8,07440000,0.302,0.075,194,2025,,,,,,,,,,,,,,,,,,,
rivière Nabisipi,Q8,07460000,3.679,1.171,195,1984,,,,,,,,,,,,,,,,,,,
rivière Nabisipi,Q8,07460000,3.679,1.171,195,1985,,,,,,,,,,,,,,,,,,,
rivière Nabisipi,Q8,07460000,3.679,1.171,195,1986,,,,,,,,,,,,,,,,,,,
rivière Nabisipi,Q8,07460000,3.679,1.171,195,1987,,,,,,,,,,,,,,,,,,,
rivière Nabisipi,Q8,07460000,3.679,1.171,195,1988,,,,,,,,,,,,,,,,,,,
rivière Nabisipi,Q8,07460000,3.679,1.171,195,1989,,,,,,,,,,,,,,,,,,,
rivière Nabisipi,Q8,07460000,3.679,1.171,195,1990,,,,,,,,,,,,,,,,,,,
rivière Nabisipi,Q8,07460000,3.679,1.171,195,1991,3.0,1.0,4.0,,67.0,0.06,,,,,0.0,4.0,,,,,,,
rivière Nabisipi,Q8,07460000,3.679,1.171,195,1992,,,,,,,,,,,,,,,,,,,
rivière Nabisipi,Q8,07460000,3.679,1.171,195,1993,11.0,19.0,30.0,,75.0,0.4,,,,,0.0,30.0,,,,,,,
rivière Nabisipi,Q8,07460000,3.679,1.171,195,1994,43.0,34.0,77.0,,157.0,0.49,,,,,0.0,77.0,,,,,,,
rivière Nabisipi,Q8,07460000,3.679,1.171,195,1995,4.0,10.0,14.0,,113.0,0.12,,,,,0.0,14.0,,,,,,,
rivière Nabisipi,Q8,07460000,3.679,1.171,195,1996,14.0,34.0,48.0,3.0,86.0,0.56,0.59,,,,0.0,48.0,,,,,,,
rivière Nabisipi,Q8,07460000,3.679,1.171,195,1997,3.0,17.0,20.0,0.0,51.0,0.39,0.39,,,,0.0,20.0,,,,,,,
rivière Nabisipi,Q8,07460000,3.679,1.171,195,1998,14.0,11.0,25.0,3.0,96.0,0.26,0.29,,,,0.0,25.0,,,,,,,
rivière Nabisipi,Q8,07460000,3.679,1.171,195,1999,12.0,8.0,20.0,0.0,43.0,0.47,0.47,,,,0.0,20.0,,,,,,,
rivière Nabisipi,Q8,07460000,3.679,1.171,195,2000,17.0,11.0,28.0,1.0,56.0,0.5,0.52,,,,0.0,28.0,,,,,,,
rivière Nabisipi,Q8,07460000,3.679,1.171,195,2001,14.0,19.0,33.0,3.0,60.0,0.55,0.6,,,,0.0,33.0,,,,,,,
rivière Nabisipi,Q8,07460000,3.679,1.171,195,2002,15.0,13.0,28.0,0.0,44.0,0.64,0.64,,,,0.0,28.0,,,,,,,
rivière Nabisipi,Q8,07460000,3.679,1.171,195,2003,3.0,21.0,24.0,0.0,25.0,0.96,0.96,,,,0.0,24.0,,,,,,,
rivière Nabisipi,Q8,07460000,3.679,1.171,195,2004,7.0,2.0,9.0,0.0,46.0,0.2,0.2,,,,0.0,9.0,,,,,,,
rivière Nabisipi,Q8,07460000,3.679,1.171,195,2005,5.0,5.0,10.0,0.0,14.0,0.71,0.71,,,,0.0,10.0,,,,,,,
rivière Nabisipi,Q8,07460000,3.679,1.171,195,2006,9.0,8.0,17.0,1.0,27.0,0.63,0.67,,,,0.0,17.0,,,,,,,
rivière Nabisipi,Q8,07460000,3.679,1.171,195,2007,15.0,25.0,40.0,3.0,59.0,0.68,0.73,,,,0.0,40.0,,,,,,,
rivière Nabisipi,Q8,07460000,3.679,1.171,195,2008,28.0,30.0,58.0,7.0,80.0,0.73,0.81,,,,0.0,58.0,,,,,,,
rivière Nabisipi,Q8,07460000,3.679,1.171,195,2009,11.0,42.0,53.0,15.0,88.0,0.6,0.77,,,,0.0,53.0,,,,,,,
rivière Nabisipi,Q8,07460000,3.679,1.171,195,2010,35.0,26.0,61.0,30.0,78.0,0.78,1.17,,,,0.0,61.0,,,,,,,
rivière Nabisipi,Q8,07460000,3.679,1.171,195,2011,48.0,35.0,83.0,23.0,107.0,0.78,0.99,,,,0.0,83.0,,,,,,,
rivière Nabisipi,Q8,07460000,3.679,1.171,195,2012,16.0,14.0,30.0,1.0,49.0,0.61,0.63,,,,0.0,30.0,,,,,,,
rivière Nabisipi,Q8,07460000,3.679,1.171,196,2013,13.0,24.0,37.0,5.0,66.0,0.56,0.64,,,,0.0,37.0,,,,,,,
rivière Nabisipi,Q8,07460000,3.679,1.171,196,2014,28.0,15.0,43.0,8.0,62.0,0.69,0.82,,,,0.0,43.0,,,,,,,
rivière Nabisipi,Q8,07460000,3.679,1.171,196,2015,,,,,,,,,,,,,,,,,,,
rivière Nabisipi,Q8,07460000,3.679,1.171,196,2016,57.0,0.0,57.0,288.0,523.0,0.11,0.66,,,,20.0,77.0,,,,,,,
rivière Nabisipi,Q8,07460000,3.679,1.171,196,2017,35.0,0.0,35.0,199.0,276.0,0.13,0.85,,,,14.0,49.0,,,,,,,
rivière Nabisipi,Q8,07460000,3.679,1.171,196,2018,18.0,0.0,18.0,121.0,173.0,0.1,0.8,,,,8.0,26.0,,,,,,,
rivière Nabisipi,Q8,07460000,3.679,1.171,196,2019,12.0,0.0,12.0,136.0,164.0,0.07,0.9,,,,10.0,22.0,,,,,,,
rivière Nabisipi,Q8,07460000,3.679,1.171,196,2020,6.0,0.0,6.0,8.0,189.0,0.03,0.07,,,,1.0,7.0,,,,,,,
rivière Nabisipi,Q8,07460000,3.679,1.171,196,2021,0.0,0.0,0.0,10.0,145.0,0.0,0.07,,,,1.0,1.0,,,,,,,
rivière Nabisipi,Q8,07460000,3.679,1.171,196,2022,27.0,27.0,54.0,38.0,192.0,0.28,0.48,,,,3.0,57.0,,,,,,,
rivière Nabisipi,Q8,07460000,3.679,1.171,196,2023,0.0,0.0,0.0,19.0,29.0,0.0,0.66,,,,1.0,1.0,,,,,,,
rivière Nabisipi,Q8,07460000,3.679,1.171,196,2024,0.0,0.0,0.0,1.0,2.0,0.0,0.5,,,,0.0,0.0,,,,,,,
rivière Nabisipi,Q8,07460000,3.679,1.171,196,2025,,,,,,,,,,,,,,,,,,,
rivière Aguanus,Q8,07470000,0.402,0.108,197,1984,17.0,15.0,32.0,,128.0,0.25,,,,,0.0,32.0,,,,,,,
rivière Aguanus,Q8,07470000,0.402,0.108,197,1985,,,,,,,,,,,,,,,,,,,
rivière Aguanus,Q8,07470000,0.402,0.108,197,1986,,,,,,,,,,,,,,,,,,,
rivière Aguanus,Q8,07470000,0.402,0.108,197,1987,,,,,,,,,,,,,,,,,,,
rivière Aguanus,Q8,07470000,0.402,0.108,197,1988,72.0,53.0,125.0,,180.0,0.69,,,,,0.0,125.0,,,,,,,
rivière Aguanus,Q8,07470000,0.402,0.108,197,1989,97.0,60.0,157.0,,345.0,0.46,,,,,0.0,157.0,,,,,,,
rivière Aguanus,Q8,07470000,0.402,0.108,197,1990,33.0,164.0,197.0,,463.0,0.43,,,,,0.0,197.0,,,,,,,
rivière Aguanus,Q8,07470000,0.402,0.108,197,1991,25.0,120.0,145.0,,513.0,0.28,,,,,0.0,145.0,,,,,,,
rivière Aguanus,Q8,07470000,0.402,0.108,197,1992,31.0,47.0,78.0,,404.0,0.19,,,,,0.0,78.0,,,,,,,
rivière Aguanus,Q8,07470000,0.402,0.108,197,1993,46.0,145.0,191.0,,435.0,0.44,,,,,0.0,191.0,,,,,,,
rivière Aguanus,Q8,07470000,0.402,0.108,197,1994,40.0,104.0,144.0,,375.0,0.38,,,,,0.0,144.0,,,,,,,
rivière Aguanus,Q8,07470000,0.402,0.108,197,1995,6.0,60.0,66.0,,266.0,0.25,,,,,0.0,66.0,,,,,,,
rivière Aguanus,Q8,07470000,0.402,0.108,197,1996,33.0,87.0,120.0,,252.0,0.48,,,,,0.0,120.0,,,,,,,
rivière Aguanus,Q8,07470000,0.402,0.108,197,1997,51.0,41.0,92.0,8.0,244.0,0.38,0.41,,,,0.0,92.0,,,,,,,
rivière Aguanus,Q8,07470000,0.402,0.108,197,1998,6.0,54.0,60.0,0.0,167.0,0.36,0.36,,,,0.0,60.0,,,,,,,
rivière Aguanus,Q8,07470000,0.402,0.108,197,1999,5.0,40.0,45.0,0.0,311.0,0.14,0.14,,,,0.0,45.0,,,,,,,
rivière Aguanus,Q8,07470000,0.402,0.108,197,2000,3.0,23.0,26.0,3.0,192.0,0.14,0.15,,,,0.0,26.0,,,,,,,
rivière Aguanus,Q8,07470000,0.402,0.108,197,2001,6.0,24.0,30.0,0.0,278.0,0.11,0.11,,,,0.0,30.0,,,,,,,
rivière Aguanus,Q8,07470000,0.402,0.108,197,2002,10.0,17.0,27.0,0.0,260.0,0.1,0.1,,,,0.0,27.0,,,,,,,
rivière Aguanus,Q8,07470000,0.402,0.108,197,2003,11.0,53.0,64.0,1.0,369.0,0.17,0.18,,,,0.0,64.0,,,,,,,
rivière Aguanus,Q8,07470000,0.402,0.108,197,2004,23.0,44.0,67.0,2.0,308.0,0.22,0.22,,,,0.0,67.0,,,,,,,
rivière Aguanus,Q8,07470000,0.402,0.108,197,2005,19.0,53.0,72.0,1.0,236.0,0.31,0.31,,,,1.0,73.0,,,,,,,
rivière Aguanus,Q8,07470000,0.402,0.108,197,2006,16.0,26.0,42.0,4.0,210.0,0.2,0.22,,,,0.0,42.0,,,,,,,
rivière Aguanus,Q8,07470000,0.402,0.108,197,2007,7.0,16.0,23.0,6.0,160.0,0.14,0.18,,,,0.0,23.0,,,,,,,
rivière Aguanus,Q8,07470000,0.402,0.108,197,2008,5.0,25.0,30.0,1.0,183.0,0.16,0.17,,,,0.0,30.0,,,,,,,
rivière Aguanus,Q8,07470000,0.402,0.108,197,2009,0.0,9.0,9.0,1.0,116.0,0.08,0.09,,,,0.0,9.0,,,,,,,
rivière Aguanus,Q8,07470000,0.402,0.108,197,2010,4.0,20.0,24.0,0.0,153.0,0.16,0.16,,,,0.0,24.0,,,,,,,
rivière Aguanus,Q8,07470000,0.402,0.108,197,2011,32.0,37.0,69.0,2.0,216.0,0.32,0.33,,,,0.0,69.0,,,,,,,
rivière Aguanus,Q8,07470000,0.402,0.108,197,2012,12.0,23.0,35.0,4.0,160.0,0.22,0.24,,,,0.0,35.0,,,,,,,
rivière Aguanus,Q8,07470000,0.402,0.108,198,2013,8.0,38.0,46.0,0.0,291.0,0.16,0.16,,,,0.0,46.0,,,,,,,
rivière Aguanus,Q8,07470000,0.402,0.108,198,2014,5.0,9.0,14.0,3.0,157.0,0.09,0.11,,,,0.0,14.0,,,,,,,
rivière Aguanus,Q8,07470000,0.402,0.108,198,2015,4.0,0.0,4.0,14.0,73.0,0.05,0.25,,,,1.0,5.0,,,,,,,
rivière Aguanus,Q8,07470000,0.402,0.108,198,2016,0.0,0.0,0.0,10.0,66.0,0.0,0.15,,,,1.0,1.0,,,,,,,
rivière Aguanus,Q8,07470000,0.402,0.108,198,2017,12.0,4.0,16.0,113.0,229.0,0.07,0.56,,,,8.0,24.0,,,,,,,
rivière Aguanus,Q8,07470000,0.402,0.108,198,2018,1.0,1.0,2.0,7.0,74.0,0.03,0.12,,,,0.0,2.0,,,,,,,
rivière Aguanus,Q8,07470000,0.402,0.108,198,2019,8.0,8.0,16.0,7.0,120.0,0.13,0.19,,,,0.0,16.0,,,,,,,
rivière Aguanus,Q8,07470000,0.402,0.108,198,2020,14.0,7.0,21.0,33.0,263.0,0.08,0.21,,,,2.0,23.0,,,,,,,
rivière Aguanus,Q8,07470000,0.402,0.108,198,2021,3.0,4.0,7.0,16.0,158.0,0.04,0.15,,,,1.0,8.0,,,,,,,
rivière Aguanus,Q8,07470000,0.402,0.108,198,2022,,,,,,,,,,,,,,,,,,,
rivière Aguanus,Q8,07470000,0.402,0.108,198,2023,,,,,,,,,,,,,,,,,,,
rivière Aguanus,Q8,07470000,0.402,0.108,198,2024,,,,,,,,,,,,,,,,,,,
rivière Aguanus,Q8,07470000,0.402,0.108,198,2025,0.0,0.0,0.0,14.0,25.0,0.0,0.56,,,,1.0,1.0,,,,,,,
rivière Natashquan,Q8,07490000,68.33,17.373,199,1984,0.0,22.0,22.0,,43.0,0.51,,,,,0.0,22.0,,,,,,,
rivière Natashquan,Q8,07490000,68.33,17.373,199,1985,363.0,447.0,810.0,,632.0,1.28,,,,,0.0,810.0,,,,,,,
rivière Natashquan,Q8,07490000,68.33,17.373,199,1986,579.0,516.0,1095.0,,762.0,1.44,,,,,0.0,1095.0,,,,,,,
rivière Natashquan,Q8,07490000,68.33,17.373,199,1987,388.0,353.0,741.0,,792.0,0.94,,,,,0.0,741.0,,,,,,,
rivière Natashquan,Q8,07490000,68.33,17.373,199,1988,400.0,454.0,854.0,,482.0,1.77,,,,,0.0,854.0,,,,,,,
rivière Natashquan,Q8,07490000,68.33,17.373,199,1989,336.0,490.0,826.0,,727.0,1.14,,,,,0.0,826.0,,,,,,,
rivière Natashquan,Q8,07490000,68.33,17.373,199,1990,642.0,560.0,1202.0,,679.0,1.77,,,,,0.0,1202.0,,,,,,,
rivière Natashquan,Q8,07490000,68.33,17.373,199,1991,411.0,453.0,864.0,,945.0,0.91,,,,,0.0,864.0,,,,,,,
rivière Natashquan,Q8,07490000,68.33,17.373,199,1992,694.0,407.0,1101.0,,903.0,1.22,,,,,0.0,1101.0,,,,,,,
rivière Natashquan,Q8,07490000,68.33,17.373,199,1993,346.0,344.0,690.0,,796.0,0.87,,,,,0.0,690.0,,,,,,,
rivière Natashquan,Q8,07490000,68.33,17.373,199,1994,442.0,322.0,764.0,,826.0,0.92,,,,,0.0,764.0,,,,,,,
rivière Natashquan,Q8,07490000,68.33,17.373,199,1995,280.0,469.0,749.0,,879.0,0.85,,,,,0.0,749.0,,,,,,,
rivière Natashquan,Q8,07490000,68.33,17.373,199,1996,351.0,307.0,658.0,,746.0,0.88,,,,,0.0,658.0,,,,,,,
rivière Natashquan,Q8,07490000,68.33,17.373,199,1997,355.0,256.0,611.0,,736.0,0.83,,,,,0.0,611.0,,,,,,,
rivière Natashquan,Q8,07490000,68.33,17.373,199,1998,326.0,272.0,598.0,,762.0,0.78,,,,,0.0,598.0,,,,,,,
rivière Natashquan,Q8,07490000,68.33,17.373,199,1999,299.0,318.0,617.0,,741.0,0.83,,,,,0.0,617.0,,,,,,,
rivière Natashquan,Q8,07490000,68.33,17.373,199,2000,248.0,232.0,480.0,,785.0,0.61,,,,,0.0,480.0,,,,,,,
rivière Natashquan,Q8,07490000,68.33,17.373,199,2001,197.0,481.0,678.0,,795.0,0.85,,,,,0.0,678.0,,,,,,,
rivière Natashquan,Q8,07490000,68.33,17.373,199,2002,411.0,236.0,647.0,,777.0,0.83,,,,,0.0,647.0,,,,,,,
rivière Natashquan,Q8,07490000,68.33,17.373,199,2003,108.0,603.0,711.0,,855.0,0.83,,,,,0.0,711.0,,,,,,,
rivière Natashquan,Q8,07490000,68.33,17.373,199,2004,267.0,536.0,803.0,,844.0,0.95,,,,,0.0,803.0,,,,,,,
rivière Natashquan,Q8,07490000,68.33,17.373,199,2005,159.0,646.0,805.0,1.0,948.0,0.85,0.85,,,,0.0,805.0,,,,,,,
rivière Natashquan,Q8,07490000,68.33,17.373,199,2006,186.0,495.0,681.0,0.0,836.0,0.81,0.81,,,,0.0,681.0,,,,,,,
rivière Natashquan,Q8,07490000,68.33,17.373,199,2007,72.0,360.0,432.0,0.0,721.0,0.6,0.6,,,,0.0,432.0,,,,,,,
rivière Natashquan,Q8,07490000,68.33,17.373,199,2008,186.0,437.0,623.0,2.0,867.0,0.72,0.72,,,,0.0,623.0,,,,,,,
rivière Natashquan,Q8,07490000,68.33,17.373,199,2009,58.0,529.0,587.0,0.0,1163.0,0.5,0.5,,,,0.0,587.0,,,,,,,
rivière Natashquan,Q8,07490000,68.33,17.373,199,2010,174.0,416.0,590.0,0.0,729.0,0.81,0.81,,,,0.0,590.0,,,,,,,
rivière Natashquan,Q8,07490000,68.33,17.373,199,2011,286.0,598.0,884.0,12.0,785.0,1.13,1.14,,,,0.0,884.0,,,,,,,
rivière Natashquan,Q8,07490000,68.33,17.373,199,2012,260.0,444.0,704.0,0.0,811.0,0.87,0.87,,,,0.0,704.0,,,,,,,
rivière Natashquan,Q8,07490000,68.33,17.373,200,2013,88.0,539.0,627.0,0.0,1280.0,0.49,0.49,,,,,627.0,,,,,,,
rivière Natashquan,Q8,07490000,68.33,17.373,200,2014,166.0,295.0,461.0,0.0,789.0,0.58,0.58,,,,,461.0,,,,,,,
rivière Natashquan,Q8,07490000,68.33,17.373,200,2015,335.0,210.0,545.0,372.0,766.0,0.71,1.2,,,,26.0,571.0,,,,,,,
rivière Natashquan,Q8,07490000,68.33,17.373,200,2016,164.0,471.0,635.0,310.0,837.0,0.76,1.13,,,,22.0,657.0,,,,,,,
rivière Natashquan,Q8,07490000,68.33,17.373,200,2017,172.0,437.0,609.0,262.0,795.0,0.77,1.1,,,,18.0,627.0,,,,,,,
rivière Natashquan,Q8,07490000,68.33,17.373,200,2018,241.0,205.0,446.0,3.0,679.0,0.66,0.66,,,,0.0,446.0,,,,,,,
rivière Natashquan,Q8,07490000,68.33,17.373,200,2019,103.0,363.0,466.0,347.0,711.0,0.66,1.14,,,,24.0,490.0,,,,,,,
rivière Natashquan,Q8,07490000,68.33,17.373,200,2020,296.0,187.0,483.0,9.0,851.0,0.57,0.58,,,,1.0,484.0,,,,,,,
rivière Natashquan,Q8,07490000,68.33,17.373,200,2021,435.0,103.0,538.0,0.0,623.0,0.86,0.86,,,,0.0,538.0,,,,,,,
rivière Natashquan,Q8,07490000,68.33,17.373,200,2022,216.0,211.0,427.0,57.0,864.0,0.49,0.56,,,,4.0,431.0,,,,,,,
rivière Natashquan,Q8,07490000,68.33,17.373,200,2023,148.0,378.0,526.0,63.0,372.0,1.41,1.58,,,,4.0,530.0,,,,,,,
rivière Natashquan,Q8,07490000,68.33,17.373,200,2024,,,,,,,,,,,,,,,,,,,
rivière Natashquan,Q8,07490000,68.33,17.373,200,2025,220.0,0.0,220.0,127.0,887.0,0.25,0.39,,,,9.0,229.0,,,,,,,
rivière Kégaska,Q9,07500000,0.386,0.102,202,1984,11.0,2.0,13.0,,22.0,0.59,,,,,0.0,13.0,,,,,,,
rivière Kégaska,Q9,07500000,0.386,0.102,202,1985,6.0,3.0,9.0,,143.0,0.06,,,,,0.0,9.0,,,,,,,
rivière Kégaska,Q9,07500000,0.386,0.102,202,1986,4.0,1.0,5.0,,53.0,0.09,,,,,0.0,5.0,,,,,,,
rivière Kégaska,Q9,07500000,0.386,0.102,202,1987,12.0,1.0,13.0,,48.0,0.27,,,,,0.0,13.0,,,,,,,
rivière Kégaska,Q9,07500000,0.386,0.102,202,1988,37.0,9.0,46.0,,126.0,0.37,,,,,0.0,46.0,,,,,,,
rivière Kégaska,Q9,07500000,0.386,0.102,202,1989,4.0,2.0,6.0,,165.0,0.04,,,,,0.0,6.0,,,,,,,
rivière Kégaska,Q9,07500000,0.386,0.102,202,1990,27.0,5.0,32.0,,63.0,0.51,,,,,0.0,32.0,,,,,,,
rivière Kégaska,Q9,07500000,0.386,0.102,202,1991,12.0,3.0,15.0,,86.0,0.17,,,,,0.0,15.0,,,,,,,
rivière Kégaska,Q9,07500000,0.386,0.102,202,1992,40.0,7.0,47.0,,75.0,0.63,,,,,0.0,47.0,,,,,,,
rivière Kégaska,Q9,07500000,0.386,0.102,202,1993,42.0,4.0,46.0,,64.0,0.72,,,,,0.0,46.0,,,,,,,
rivière Kégaska,Q9,07500000,0.386,0.102,202,1994,19.0,0.0,19.0,,77.0,0.25,,,,,0.0,19.0,,,,,,,
rivière Kégaska,Q9,07500000,0.386,0.102,202,1995,20.0,0.0,20.0,,33.0,0.61,,,,,0.0,20.0,,,,,,,
rivière Kégaska,Q9,07500000,0.386,0.102,202,1996,30.0,9.0,39.0,,71.0,0.55,,,,,0.0,39.0,,,,,,,
rivière Kégaska,Q9,07500000,0.386,0.102,202,1997,20.0,6.0,26.0,,65.0,0.4,,,,,0.0,26.0,,,,,,,
rivière Kégaska,Q9,07500000,0.386,0.102,202,1998,26.0,2.0,28.0,,137.0,0.2,,,,,0.0,28.0,,,,,,,
rivière Kégaska,Q9,07500000,0.386,0.102,202,1999,0.0,2.0,2.0,,124.0,0.02,,,,,0.0,2.0,,,,,,,
rivière Kégaska,Q9,07500000,0.386,0.102,202,2000,36.0,4.0,40.0,,123.0,0.33,,,,,0.0,40.0,,,,,,,
rivière Kégaska,Q9,07500000,0.386,0.102,202,2001,24.0,7.0,31.0,,70.0,0.44,,,,,0.0,31.0,,,,,,,
rivière Kégaska,Q9,07500000,0.386,0.102,202,2002,20.0,18.0,38.0,,87.0,0.44,,,,,0.0,38.0,,,,,,,
rivière Kégaska,Q9,07500000,0.386,0.102,202,2003,7.0,9.0,16.0,,81.0,0.2,,,,,0.0,16.0,,,,,,,
rivière Kégaska,Q9,07500000,0.386,0.102,202,2004,4.0,1.0,5.0,4.0,99.0,0.05,0.09,,,,0.0,5.0,,,,,,,
rivière Kégaska,Q9,07500000,0.386,0.102,202,2005,8.0,0.0,8.0,0.0,96.0,0.08,0.08,,,,0.0,8.0,,,,,,,
rivière Kégaska,Q9,07500000,0.386,0.102,202,2006,1.0,4.0,5.0,0.0,52.0,0.1,0.1,,,,0.0,5.0,,,,,,,
rivière Kégaska,Q9,07500000,0.386,0.102,202,2007,29.0,2.0,31.0,0.0,90.0,0.34,0.34,,,,0.0,31.0,,,,,,,
rivière Kégaska,Q9,07500000,0.386,0.102,202,2008,23.0,10.0,33.0,27.0,78.0,0.42,0.77,,,,0.0,33.0,,,,,,,
rivière Kégaska,Q9,07500000,0.386,0.102,202,2009,12.0,5.0,17.0,8.0,69.0,0.25,0.36,,,,0.0,17.0,,,,,,,
rivière Kégaska,Q9,07500000,0.386,0.102,202,2010,8.0,1.0,9.0,4.0,30.0,0.3,0.43,,,,0.0,9.0,,,,,,,
rivière Kégaska,Q9,07500000,0.386,0.102,202,2011,16.0,3.0,19.0,4.0,42.0,0.45,0.55,,,,0.0,19.0,,,,,,,
rivière Kégaska,Q9,07500000,0.386,0.102,202,2012,25.0,0.0,25.0,5.0,45.0,0.56,0.67,,,,0.0,25.0,,,,,,,
rivière Kégaska,Q9,07500000,0.386,0.102,203,2013,10.0,7.0,17.0,6.0,96.0,0.18,0.24,,,,0.0,17.0,,,,,,,
rivière Kégaska,Q9,07500000,0.386,0.102,203,2014,42.0,4.0,46.0,1.0,87.0,0.53,0.54,,,,0.0,46.0,,,,,,,
rivière Kégaska,Q9,07500000,0.386,0.102,203,2015,72.0,15.0,87.0,2.0,126.0,0.69,0.71,,,,0.0,87.0,,,,,,,
rivière Kégaska,Q9,07500000,0.386,0.102,203,2016,46.0,0.0,46.0,14.0,120.0,0.38,0.5,,,,1.0,47.0,,,,,,,
rivière Kégaska,Q9,07500000,0.386,0.102,203,2017,31.0,0.0,31.0,1.0,101.0,0.31,0.32,,,,0.0,31.0,,,,,,,
rivière Kégaska,Q9,07500000,0.386,0.102,203,2018,32.0,0.0,32.0,0.0,70.0,0.46,0.46,,,,0.0,32.0,,,,,,,
rivière Kégaska,Q9,07500000,0.386,0.102,203,2019,45.0,0.0,45.0,0.0,84.0,0.54,0.54,,,,0.0,45.0,,,,,,,
rivière Kégaska,Q9,07500000,0.386,0.102,203,2020,19.0,0.0,19.0,0.0,121.0,0.16,0.16,,,,1.0,20.0,,,,,,,
rivière Kégaska,Q9,07500000,0.386,0.102,203,2021,29.0,0.0,29.0,1.0,93.0,0.31,0.32,,,,0.0,29.0,,,,,,,
rivière Kégaska,Q9,07500000,0.386,0.102,203,2022,18.0,0.0,18.0,0.0,83.0,0.22,0.22,,,,0.0,18.0,,,,,,,
rivière Kégaska,Q9,07500000,0.386,0.102,203,2023,11.0,0.0,11.0,0.0,104.0,0.11,0.11,,,,3.0,14.0,,,,,,,
rivière Kégaska,Q9,07500000,0.386,0.102,203,2024,4.0,0.0,4.0,0.0,95.0,0.04,0.04,,,,0.0,4.0,,,,,,,
rivière Kégaska,Q9,07500000,0.386,0.102,203,2025,5.0,0.0,5.0,5.0,75.0,0.07,0.13,,,,0.0,5.0,,,,,,,
rivière Musquaro,Q9,07510000,0.019,0.003,204,1984,50.0,15.0,65.0,,106.0,0.61,,,,,0.0,65.0,,,,,,,
rivière Musquaro,Q9,07510000,0.019,0.003,204,1985,130.0,130.0,260.0,,285.0,0.91,,,,,0.0,260.0,,,,,,,
rivière Musquaro,Q9,07510000,0.019,0.003,204,1986,65.0,97.0,162.0,,162.0,1.0,,,,,0.0,162.0,,,,,,,
rivière Musquaro,Q9,07510000,0.019,0.003,204,1987,62.0,20.0,82.0,,184.0,0.45,,,,,0.0,82.0,,,,,,,
rivière Musquaro,Q9,07510000,0.019,0.003,204,1988,100.0,80.0,180.0,,150.0,1.2,,,,,0.0,180.0,,,,,,,
rivière Musquaro,Q9,07510000,0.019,0.003,204,1989,62.0,34.0,96.0,,158.0,0.61,,,,,0.0,96.0,,,,,,,
rivière Musquaro,Q9,07510000,0.019,0.003,204,1990,141.0,17.0,158.0,,192.0,0.82,,,,,0.0,158.0,,,,,,,
rivière Musquaro,Q9,07510000,0.019,0.003,204,1991,74.0,10.0,84.0,,121.0,0.69,,,,,0.0,84.0,,,,,,,
rivière Musquaro,Q9,07510000,0.019,0.003,204,1992,147.0,14.0,161.0,,176.0,0.91,,,,,0.0,161.0,,,,,,,
rivière Musquaro,Q9,07510000,0.019,0.003,204,1993,178.0,25.0,203.0,,153.0,1.33,,,,,0.0,203.0,,,,,,,
rivière Musquaro,Q9,07510000,0.019,0.003,204,1994,116.0,9.0,125.0,,194.0,0.64,,,,,0.0,125.0,,,,,,,
rivière Musquaro,Q9,07510000,0.019,0.003,204,1995,159.0,23.0,182.0,,243.0,0.75,,,,,0.0,182.0,,,,,,,
rivière Musquaro,Q9,07510000,0.019,0.003,204,1996,118.0,22.0,140.0,,198.0,0.71,,,,,0.0,140.0,,,,,,,
rivière Musquaro,Q9,07510000,0.019,0.003,204,1997,137.0,12.0,149.0,,157.0,0.95,,,,,0.0,149.0,,,,,,,
rivière Musquaro,Q9,07510000,0.019,0.003,204,1998,223.0,7.0,230.0,2.0,170.0,1.35,1.36,,,,0.0,230.0,,,,,,,
rivière Musquaro,Q9,07510000,0.019,0.003,204,1999,100.0,17.0,117.0,0.0,156.0,0.75,0.75,,,,0.0,117.0,,,,,,,
rivière Musquaro,Q9,07510000,0.019,0.003,204,2000,121.0,12.0,133.0,0.0,197.0,0.68,0.68,,,,0.0,133.0,,,,,,,
rivière Musquaro,Q9,07510000,0.019,0.003,204,2001,58.0,15.0,73.0,0.0,158.0,0.46,0.46,,,,0.0,73.0,,,,,,,
rivière Musquaro,Q9,07510000,0.019,0.003,204,2002,126.0,8.0,134.0,0.0,190.0,0.71,0.71,,,,0.0,134.0,,,,,,,
rivière Musquaro,Q9,07510000,0.019,0.003,204,2003,115.0,13.0,128.0,0.0,181.0,0.71,0.71,,,,0.0,128.0,,,,,,,
rivière Musquaro,Q9,07510000,0.019,0.003,204,2004,143.0,12.0,155.0,0.0,137.0,1.13,1.13,,,,0.0,155.0,,,,,,,
rivière Musquaro,Q9,07510000,0.019,0.003,204,2005,93.0,9.0,102.0,0.0,144.0,0.71,0.71,,,,0.0,102.0,,,,,,,
rivière Musquaro,Q9,07510000,0.019,0.003,204,2006,67.0,10.0,77.0,0.0,149.0,0.52,0.52,,,,0.0,77.0,,,,,,,
rivière Musquaro,Q9,07510000,0.019,0.003,204,2007,65.0,6.0,71.0,0.0,110.0,0.65,0.65,,,,0.0,71.0,,,,,,,
rivière Musquaro,Q9,07510000,0.019,0.003,204,2008,92.0,6.0,98.0,33.0,173.0,0.57,0.76,,,,0.0,98.0,,,,,,,
rivière Musquaro,Q9,07510000,0.019,0.003,204,2009,28.0,2.0,30.0,5.0,94.0,0.32,0.37,,,,0.0,30.0,,,,,,,
rivière Musquaro,Q9,07510000,0.019,0.003,204,2010,4.0,0.0,4.0,0.0,7.0,0.57,0.57,,,,0.0,4.0,,,,,,,
rivière Musquaro,Q9,07510000,0.019,0.003,204,2011,4.0,1.0,5.0,,8.0,0.63,,,,,0.0,5.0,,,,,,,
rivière Musquaro,Q9,07510000,0.019,0.003,204,2012,22.0,2.0,24.0,0.0,45.0,0.53,0.53,,,,0.0,24.0,,,,,,,
rivière Musquaro,Q9,07510000,0.019,0.003,205,2013,22.0,11.0,33.0,0.0,173.0,0.19,0.19,,,,0.0,33.0,,,,,,,
rivière Musquaro,Q9,07510000,0.019,0.003,205,2014,34.0,4.0,38.0,0.0,109.0,0.35,0.35,,,,0.0,38.0,,,,,,,
rivière Musquaro,Q9,07510000,0.019,0.003,205,2015,39.0,7.0,46.0,0.0,150.0,0.31,0.31,,,,0.0,46.0,,,,,,,
rivière Musquaro,Q9,07510000,0.019,0.003,205,2016,33.0,0.0,33.0,0.0,165.0,0.2,0.2,,,,0.0,33.0,,,,,,,
rivière Musquaro,Q9,07510000,0.019,0.003,205,2017,46.0,0.0,46.0,0.0,170.0,0.27,0.27,,,,0.0,46.0,,,,,,,
rivière Musquaro,Q9,07510000,0.019,0.003,205,2018,43.0,0.0,43.0,0.0,186.0,0.23,0.23,,,,0.0,43.0,,,,,,,
rivière Musquaro,Q9,07510000,0.019,0.003,205,2019,30.0,0.0,30.0,10.0,199.0,0.15,0.2,,,,1.0,31.0,,,,,,,
rivière Musquaro,Q9,07510000,0.019,0.003,205,2020,37.0,0.0,37.0,19.0,185.0,0.2,0.3,,,,1.0,38.0,,,,,,,
rivière Musquaro,Q9,07510000,0.019,0.003,205,2021,28.0,0.0,28.0,0.0,265.0,0.11,0.11,,,,2.0,30.0,,,,,,,
rivière Musquaro,Q9,07510000,0.019,0.003,205,2022,45.0,0.0,45.0,0.0,207.0,0.22,0.22,,,,0.0,45.0,,,,,,,
rivière Musquaro,Q9,07510000,0.019,0.003,205,2023,14.0,0.0,14.0,4.0,205.0,0.07,0.09,,,,0.0,14.0,,,,,,,
rivière Musquaro,Q9,07510000,0.019,0.003,205,2024,37.0,0.0,37.0,0.0,244.0,0.15,0.15,,,,0.0,37.0,,,,,,,
rivière Musquaro,Q9,07510000,0.019,0.003,205,2025,29.0,0.0,29.0,0.0,144.0,0.2,0.2,,,,0.0,29.0,,,,,,,
rivière Musquanousse,Q9,07520000,0.122,0.026,206,1984,11.0,6.0,17.0,,197.0,0.09,,,,,0.0,17.0,,,,,,,
rivière Musquanousse,Q9,07520000,0.122,0.026,206,1985,1.0,5.0,6.0,,120.0,0.05,,,,,0.0,6.0,,,,,,,
rivière Musquanousse,Q9,07520000,0.122,0.026,206,1986,2.0,34.0,36.0,,127.0,0.28,,,,,0.0,36.0,,,,,,,
rivière Musquanousse,Q9,07520000,0.122,0.026,206,1987,26.0,24.0,50.0,,342.0,0.15,,38.0,18.0,25.0,0.0,50.0,69.0,133.0,202.0,43.0,109.0,152.0,0.45
rivière Musquanousse,Q9,07520000,0.122,0.026,206,1988,33.0,21.0,54.0,,163.0,0.33,,38.0,23.0,31.0,0.0,54.0,86.0,90.0,176.0,53.0,69.0,122.0,0.25
rivière Musquanousse,Q9,07520000,0.122,0.026,206,1989,6.0,3.0,9.0,,190.0,0.05,,14.0,5.0,9.0,0.0,9.0,42.0,59.0,101.0,36.0,56.0,92.0,0.2
rivière Musquanousse,Q9,07520000,0.122,0.026,206,1990,12.0,3.0,15.0,,25.0,0.6,,16.0,4.0,10.0,2.0,17.0,73.0,78.0,151.0,59.0,75.0,134.0,0.34
rivière Musquanousse,Q9,07520000,0.122,0.026,206,1991,,,,,,,,,,,,,,,,,,,
rivière Musquanousse,Q9,07520000,0.122,0.026,206,1992,20.0,1.0,21.0,,45.0,0.47,,,,,0.0,21.0,,,,,,,
rivière Musquanousse,Q9,07520000,0.122,0.026,206,1993,11.0,0.0,11.0,,34.0,0.32,,,,,0.0,11.0,,,,,,,
rivière Musquanousse,Q9,07520000,0.122,0.026,206,1994,26.0,3.0,29.0,,63.0,0.46,,,,,0.0,29.0,,,,,,,
rivière Musquanousse,Q9,07520000,0.122,0.026,206,1995,4.0,0.0,4.0,,25.0,0.16,,,,,0.0,4.0,,,,,,,
rivière Musquanousse,Q9,07520000,0.122,0.026,206,1996,15.0,2.0,17.0,,33.0,0.52,,,,,0.0,17.0,,,,,,,
rivière Musquanousse,Q9,07520000,0.122,0.026,206,1997,23.0,15.0,38.0,3.0,52.0,0.73,0.79,,,,0.0,38.0,,,,,,,
rivière Musquanousse,Q9,07520000,0.122,0.026,206,1998,15.0,29.0,44.0,0.0,50.0,0.88,0.88,,,,0.0,44.0,,,,,,,
rivière Musquanousse,Q9,07520000,0.122,0.026,206,1999,11.0,3.0,14.0,0.0,80.0,0.17,0.18,,,,0.0,14.0,,,,,,,
rivière Musquanousse,Q9,07520000,0.122,0.026,206,2000,24.0,21.0,45.0,12.0,88.0,0.51,0.65,,,,0.0,45.0,,,,,,,
rivière Musquanousse,Q9,07520000,0.122,0.026,206,2001,21.0,12.0,33.0,8.0,65.0,0.51,0.63,,,,0.0,33.0,,,,,,,
rivière Musquanousse,Q9,07520000,0.122,0.026,206,2002,21.0,15.0,36.0,9.0,59.0,0.61,0.76,,,,0.0,36.0,,,,,,,
rivière Musquanousse,Q9,07520000,0.122,0.026,206,2003,17.0,5.0,22.0,5.0,72.0,0.31,0.38,,,,0.0,22.0,,,,,,,
rivière Musquanousse,Q9,07520000,0.122,0.026,206,2004,21.0,1.0,22.0,4.0,66.0,0.33,0.39,,,,0.0,22.0,,,,,,,
rivière Musquanousse,Q9,07520000,0.122,0.026,206,2005,7.0,1.0,8.0,3.0,63.0,0.13,0.17,,,,0.0,8.0,,,,,,,
rivière Musquanousse,Q9,07520000,0.122,0.026,206,2006,17.0,2.0,19.0,1.0,72.0,0.26,0.28,,,,0.0,19.0,,,,,,,
rivière Musquanousse,Q9,07520000,0.122,0.026,206,2007,15.0,6.0,21.0,0.0,41.0,0.51,0.51,,,,0.0,21.0,,,,,,,
rivière Musquanousse,Q9,07520000,0.122,0.026,206,2008,20.0,0.0,20.0,1.0,78.0,0.26,0.27,,,,0.0,20.0,,,,,,,
rivière Musquanousse,Q9,07520000,0.122,0.026,206,2009,8.0,5.0,13.0,2.0,35.0,0.37,0.43,,,,0.0,13.0,,,,,,,
rivière Musquanousse,Q9,07520000,0.122,0.026,206,2010,5.0,2.0,7.0,0.0,46.0,0.15,0.15,,,,0.0,7.0,,,,,,,
rivière Musquanousse,Q9,07520000,0.122,0.026,206,2011,25.0,6.0,31.0,0.0,55.0,0.56,0.56,,,,0.0,31.0,,,,,,,
rivière Musquanousse,Q9,07520000,0.122,0.026,206,2012,7.0,1.0,8.0,1.0,41.0,0.2,0.22,,,,0.0,8.0,,,,,,,
rivière Musquanousse,Q9,07520000,0.122,0.026,207,2013,12.0,0.0,12.0,2.0,55.0,0.22,0.25,,,,0.0,12.0,,,,,,,
rivière Musquanousse,Q9,07520000,0.122,0.026,207,2014,0.0,1.0,1.0,1.0,33.0,0.03,0.06,,,,0.0,1.0,,,,,,,
rivière Musquanousse,Q9,07520000,0.122,0.026,207,2015,45.0,4.0,49.0,9.0,78.0,0.63,0.74,,,,0.0,49.0,,,,,,,
rivière Musquanousse,Q9,07520000,0.122,0.026,207,2016,41.0,0.0,41.0,27.0,94.0,0.44,0.72,,,,2.0,43.0,,,,,,,
rivière Musquanousse,Q9,07520000,0.122,0.026,207,2017,18.0,0.0,18.0,3.0,63.0,0.29,0.33,,,,0.0,18.0,,,,,,,
rivière Musquanousse,Q9,07520000,0.122,0.026,207,2018,9.0,0.0,9.0,13.0,140.0,0.06,0.16,,,,1.0,10.0,,,,,,,
rivière Musquanousse,Q9,07520000,0.122,0.026,207,2019,20.0,0.0,20.0,33.0,37.0,0.54,1.43,,,,2.0,22.0,,,,,,,
rivière Musquanousse,Q9,07520000,0.122,0.026,207,2020,1.0,0.0,1.0,0.0,2.0,0.5,0.5,,,,0.0,1.0,,,,,,,
rivière Musquanousse,Q9,07520000,0.122,0.026,207,2021,1.0,0.0,1.0,17.0,15.0,0.07,1.2,,,,1.0,2.0,,,,,,,
rivière Musquanousse,Q9,07520000,0.122,0.026,207,2022,8.0,0.0,8.0,38.0,26.0,0.31,1.77,,,,3.0,11.0,,,,,,,
rivière Musquanousse,Q9,07520000,0.122,0.026,207,2023,2.0,0.0,2.0,12.0,8.0,0.25,1.75,,,,1.0,3.0,,,,,,,
rivière Musquanousse,Q9,07520000,0.122,0.026,207,2024,1.0,0.0,1.0,5.0,5.0,0.2,1.2,,,,0.0,1.0,,,,,,,
rivière Musquanousse,Q9,07520000,0.122,0.026,207,2025,,,,,,,,,,,,,,,,,,,
rivière Washicoutai,Q9,07530000,0.081,0.015,208,1984,59.0,25.0,84.0,,205.0,0.41,,,,,0.0,84.0,,,,,,,
rivière Washicoutai,Q9,07530000,0.081,0.015,208,1985,94.0,11.0,105.0,,181.0,0.58,,,,,0.0,105.0,,,,,,,
rivière Washicoutai,Q9,07530000,0.081,0.015,208,1986,49.0,74.0,123.0,,263.0,0.47,,,,,0.0,123.0,,,,,,,
rivière Washicoutai,Q9,07530000,0.081,0.015,208,1987,45.0,18.0,63.0,,213.0,0.3,,,,,0.0,63.0,,,,,,,
rivière Washicoutai,Q9,07530000,0.081,0.015,208,1988,88.0,35.0,123.0,,221.0,0.56,,,,,0.0,123.0,,,,,,,
rivière Washicoutai,Q9,07530000,0.081,0.015,208,1989,23.0,21.0,44.0,,226.0,0.19,,,,,0.0,44.0,,,,,,,
rivière Washicoutai,Q9,07530000,0.081,0.015,208,1990,25.0,8.0,33.0,,221.0,0.15,,,,,0.0,33.0,,,,,,,
rivière Washicoutai,Q9,07530000,0.081,0.015,208,1991,30.0,3.0,33.0,,138.0,0.24,,,,,0.0,33.0,,,,,,,
rivière Washicoutai,Q9,07530000,0.081,0.015,208,1992,45.0,23.0,68.0,,246.0,0.28,,,,,0.0,68.0,,,,,,,
rivière Washicoutai,Q9,07530000,0.081,0.015,208,1993,97.0,24.0,121.0,,240.0,0.5,,,,,0.0,121.0,,,,,,,
rivière Washicoutai,Q9,07530000,0.081,0.015,208,1994,70.0,22.0,92.0,,274.0,0.34,,,,,0.0,92.0,,,,,,,
rivière Washicoutai,Q9,07530000,0.081,0.015,208,1995,43.0,18.0,61.0,,271.0,0.23,,,,,0.0,61.0,,,,,,,
rivière Washicoutai,Q9,07530000,0.081,0.015,208,1996,26.0,19.0,45.0,,294.0,0.15,,,,,0.0,45.0,,,,,,,
rivière Washicoutai,Q9,07530000,0.081,0.015,208,1997,42.0,9.0,51.0,,230.0,0.22,,,,,0.0,51.0,,,,,,,
rivière Washicoutai,Q9,07530000,0.081,0.015,208,1998,48.0,7.0,55.0,4.0,211.0,0.26,0.28,,,,0.0,55.0,,,,,,,
rivière Washicoutai,Q9,07530000,0.081,0.015,208,1999,40.0,9.0,49.0,4.0,313.0,0.16,0.17,,,,0.0,49.0,,,,,,,
rivière Washicoutai,Q9,07530000,0.081,0.015,208,2000,82.0,17.0,99.0,3.0,295.0,0.34,0.35,,,,0.0,99.0,,,,,,,
rivière Washicoutai,Q9,07530000,0.081,0.015,208,2001,14.0,17.0,31.0,1.0,280.0,0.11,0.11,,,,0.0,31.0,,,,,,,
rivière Washicoutai,Q9,07530000,0.081,0.015,208,2002,14.0,8.0,22.0,0.0,204.0,0.11,0.11,,,,0.0,22.0,,,,,,,
rivière Washicoutai,Q9,07530000,0.081,0.015,208,2003,20.0,7.0,27.0,2.0,78.0,0.35,0.37,,,,0.0,27.0,,,,,,,
rivière Washicoutai,Q9,07530000,0.081,0.015,208,2004,25.0,12.0,37.0,3.0,121.0,0.31,0.33,,,,0.0,37.0,,,,,,,
rivière Washicoutai,Q9,07530000,0.081,0.015,208,2005,25.0,4.0,29.0,7.0,82.0,0.35,0.44,,,,0.0,29.0,,,,,,,
rivière Washicoutai,Q9,07530000,0.081,0.015,208,2006,28.0,5.0,33.0,14.0,73.0,0.45,0.64,,,,0.0,33.0,,,,,,,
rivière Washicoutai,Q9,07530000,0.081,0.015,208,2007,8.0,8.0,16.0,0.0,142.0,0.11,0.11,,,,0.0,16.0,,,,,,,
rivière Washicoutai,Q9,07530000,0.081,0.015,208,2008,23.0,1.0,24.0,9.0,78.0,0.31,0.42,,,,0.0,24.0,,,,,,,
rivière Washicoutai,Q9,07530000,0.081,0.015,208,2009,29.0,5.0,34.0,0.0,82.0,0.41,0.41,,,,0.0,34.0,,,,,,,
rivière Washicoutai,Q9,07530000,0.081,0.015,208,2010,37.0,8.0,45.0,1.0,74.0,0.61,0.62,,,,0.0,45.0,,,,,,,
rivière Washicoutai,Q9,07530000,0.081,0.015,208,2011,13.0,13.0,26.0,1.0,72.0,0.36,0.38,,,,0.0,26.0,,,,,,,
rivière Washicoutai,Q9,07530000,0.081,0.015,208,2012,25.0,7.0,32.0,15.0,78.0,0.41,0.6,,,,0.0,32.0,,,,,,,
rivière Washicoutai,Q9,07530000,0.081,0.015,209,2013,26.0,16.0,42.0,0.0,84.0,0.5,0.5,,,,0.0,42.0,,,,,,,
rivière Washicoutai,Q9,07530000,0.081,0.015,209,2014,45.0,1.0,46.0,0.0,59.0,0.78,0.78,,,,0.0,46.0,,,,,,,
rivière Washicoutai,Q9,07530000,0.081,0.015,209,2015,33.0,13.0,46.0,0.0,67.0,0.69,0.69,,,,0.0,46.0,,,,,,,
rivière Washicoutai,Q9,07530000,0.081,0.015,209,2016,54.0,0.0,54.0,49.0,111.0,0.49,0.93,,,,3.0,57.0,,,,,,,
rivière Washicoutai,Q9,07530000,0.081,0.015,209,2017,45.0,0.0,45.0,0.0,99.0,0.45,0.45,,,,50.0,95.0,,,,,,,
rivière Washicoutai,Q9,07530000,0.081,0.015,209,2018,22.0,0.0,22.0,0.0,98.0,0.22,0.22,,,,80.0,102.0,,,,,,,
rivière Washicoutai,Q9,07530000,0.081,0.015,209,2019,39.0,0.0,39.0,0.0,75.0,0.52,0.52,,,,0.0,39.0,,,,,,,
rivière Washicoutai,Q9,07530000,0.081,0.015,209,2020,52.0,0.0,52.0,0.0,99.0,0.53,0.53,,,,0.0,52.0,,,,,,,
rivière Washicoutai,Q9,07530000,0.081,0.015,209,2021,40.0,0.0,40.0,32.0,122.0,0.33,0.59,,,,2.0,42.0,,,,,,,
rivière Washicoutai,Q9,07530000,0.081,0.015,209,2022,52.0,0.0,52.0,39.0,116.0,0.45,0.78,,,,3.0,55.0,,,,,,,
rivière Washicoutai,Q9,07530000,0.081,0.015,209,2023,9.0,0.0,9.0,7.0,82.0,0.11,0.2,,,,0.0,9.0,,,,,,,
rivière Washicoutai,Q9,07530000,0.081,0.015,209,2024,32.0,0.0,32.0,17.0,90.0,0.36,0.54,,,,1.0,33.0,,,,,,,
rivière Washicoutai,Q9,07530000,0.081,0.015,209,2025,65.0,0.0,65.0,56.0,166.0,0.39,0.73,,,,4.0,69.0,,,,,,,
rivière Olomane,Q9,07540000,1.748,0.54,210,1984,7.0,74.0,81.0,,240.0,0.34,,,,,0.0,81.0,,,,,,,
rivière Olomane,Q9,07540000,1.748,0.54,210,1985,4.0,50.0,54.0,,252.0,0.21,,,,,0.0,54.0,,,,,,,
rivière Olomane,Q9,07540000,1.748,0.54,210,1986,8.0,157.0,165.0,,247.0,0.67,,,,,0.0,165.0,,,,,,,
rivière Olomane,Q9,07540000,1.748,0.54,210,1987,2.0,59.0,61.0,,160.0,0.38,,,,,0.0,61.0,,,,,,,
rivière Olomane,Q9,07540000,1.748,0.54,210,1988,4.0,26.0,30.0,,64.0,0.47,,,,,0.0,30.0,,,,,,,
rivière Olomane,Q9,07540000,1.748,0.54,210,1989,4.0,35.0,39.0,,277.0,0.14,,,,,0.0,39.0,,,,,,,
rivière Olomane,Q9,07540000,1.748,0.54,210,1990,4.0,21.0,25.0,,209.0,0.12,,,,,0.0,25.0,,,,,,,
rivière Olomane,Q9,07540000,1.748,0.54,210,1991,7.0,8.0,15.0,,126.0,0.12,,,,,0.0,15.0,,,,,,,
rivière Olomane,Q9,07540000,1.748,0.54,210,1992,,,,,,,,,,,,,,,,,,,
rivière Olomane,Q9,07540000,1.748,0.54,210,1993,,,,,,,,,,,,,,,,,,,
rivière Olomane,Q9,07540000,1.748,0.54,210,1994,32.0,21.0,53.0,,96.0,0.55,,,,,0.0,53.0,,,,,,,
rivière Olomane,Q9,07540000,1.748,0.54,210,1995,8.0,101.0,109.0,,457.0,0.24,,,,,0.0,109.0,,,,,,,
rivière Olomane,Q9,07540000,1.748,0.54,210,1996,,,,,,,,,,,,,,,,,,,
rivière Olomane,Q9,07540000,1.748,0.54,210,1997,,,,,,,,,,,,,,,,,,,
rivière Olomane,Q9,07540000,1.748,0.54,210,1998,,,,,,,,,,,,,,,,,,,
rivière Olomane,Q9,07540000,1.748,0.54,210,1999,,,,,,,,,,,,,,,,,,,
rivière Olomane,Q9,07540000,1.748,0.54,210,2000,,,,,,,,,,,,,,,,,,,
rivière Olomane,Q9,07540000,1.748,0.54,210,2001,,,,,,,,,,,,,,,,,,,
rivière Olomane,Q9,07540000,1.748,0.54,210,2002,,,,,,,,,,,,,,,,,,,
rivière Olomane,Q9,07540000,1.748,0.54,210,2003,,,,,,,,,,,,,,,,,,,
rivière Olomane,Q9,07540000,1.748,0.54,210,2004,,,,,,,,,,,,,,,,,,,
rivière Olomane,Q9,07540000,1.748,0.54,210,2005,,,,,,,,,,,,,,,,,,,
rivière Olomane,Q9,07540000,1.748,0.54,210,2006,,,,,,,,,,,,,,,,,,,
rivière Olomane,Q9,07540000,1.748,0.54,210,2007,,,,,,,,,,,,,,,,,,,
rivière Olomane,Q9,07540000,1.748,0.54,210,2008,,,,,,,,,,,,,,,,,,,
rivière Olomane,Q9,07540000,1.748,0.54,210,2009,,,,,,,,,,,,,,,,,,,
rivière Olomane,Q9,07540000,1.748,0.54,210,2010,10.0,5.0,15.0,0.0,37.0,0.41,0.41,,,,0.0,15.0,,,,,,,
rivière Olomane,Q9,07540000,1.748,0.54,210,2011,,,,,,,,,,,,,,,,,,,
rivière Olomane,Q9,07540000,1.748,0.54,210,2012,,,,,,,,,,,,,,,,,,,
rivière Olomane,Q9,07540000,1.748,0.54,211,2013,,,,,,,,,,,,,,,,,,,
rivière Olomane,Q9,07540000,1.748,0.54,211,2014,,,,,,,,,,,,,,,,,,,
rivière Olomane,Q9,07540000,1.748,0.54,211,2015,,,,,,,,,,,,,,,,,,,
rivière Olomane,Q9,07540000,1.748,0.54,211,2016,,,,,,,,,,,,,,,,,,,
rivière Olomane,Q9,07540000,1.748,0.54,211,2017,0.0,0.0,0.0,0.0,50.0,0.0,0.0,,,,0.0,0.0,,,,,,,
rivière Olomane,Q9,07540000,1.748,0.54,211,2018,,,,,,,,,,,,,,,,,,,
rivière Olomane,Q9,07540000,1.748,0.54,211,2019,,,,,,,,,,,,,,,,,,,
rivière Olomane,Q9,07540000,1.748,0.54,211,2020,,,,,,,,,,,,,,,,,,,
rivière Olomane,Q9,07540000,1.748,0.54,211,2021,,,,,,,,,,,,,,,,,,,
rivière Olomane,Q9,07540000,1.748,0.54,211,2022,,,,,,,,,,,,,,,,,,,
rivière Olomane,Q9,07540000,1.748,0.54,211,2023,,,,,,,,,,,,,,,,,,,
rivière Olomane,Q9,07540000,1.748,0.54,211,2024,,,,,,,,,,,,,,,,,,,
rivière Olomane,Q9,07540000,1.748,0.54,211,2025,,,,,,,,,,,,,,,,,,,
rivière Étamamiou,Q9,07560000,3.872,1.234,212,1984,212.0,76.0,288.0,,384.0,0.75,,,,,0.0,288.0,,,,,,,
rivière Étamamiou,Q9,07560000,3.872,1.234,212,1985,211.0,63.0,274.0,,443.0,0.62,,,,,0.0,274.0,,,,,,,
rivière Étamamiou,Q9,07560000,3.872,1.234,212,1986,209.0,120.0,329.0,,403.0,0.82,,,,,0.0,329.0,,,,,,,
rivière Étamamiou,Q9,07560000,3.872,1.234,212,1987,282.0,83.0,365.0,,358.0,1.02,,,,,0.0,365.0,,,,,,,
rivière Étamamiou,Q9,07560000,3.872,1.234,212,1988,289.0,167.0,456.0,,545.0,0.84,,,,,0.0,456.0,,,,,,,
rivière Étamamiou,Q9,07560000,3.872,1.234,212,1989,174.0,99.0,273.0,,548.0,0.5,,,,,0.0,273.0,,,,,,,
rivière Étamamiou,Q9,07560000,3.872,1.234,212,1990,290.0,75.0,365.0,,702.0,0.52,,,,,0.0,365.0,,,,,,,
rivière Étamamiou,Q9,07560000,3.872,1.234,212,1991,324.0,40.0,364.0,,574.0,0.63,,,,,0.0,364.0,,,,,,,
rivière Étamamiou,Q9,07560000,3.872,1.234,212,1992,319.0,82.0,401.0,,612.0,0.66,,,,,0.0,401.0,,,,,,,
rivière Étamamiou,Q9,07560000,3.872,1.234,212,1993,414.0,136.0,550.0,,637.0,0.86,,,,,0.0,550.0,,,,,,,
rivière Étamamiou,Q9,07560000,3.872,1.234,212,1994,317.0,82.0,399.0,,543.0,0.73,,,,,0.0,399.0,,,,,,,
rivière Étamamiou,Q9,07560000,3.872,1.234,212,1995,298.0,63.0,361.0,,535.0,0.67,,,,,0.0,361.0,,,,,,,
rivière Étamamiou,Q9,07560000,3.872,1.234,212,1996,344.0,82.0,426.0,59.0,552.0,0.77,0.88,,,,0.0,426.0,,,,,,,
rivière Étamamiou,Q9,07560000,3.872,1.234,212,1997,328.0,48.0,376.0,25.0,399.0,0.94,1.01,,,,0.0,376.0,,,,,,,
rivière Étamamiou,Q9,07560000,3.872,1.234,212,1998,278.0,42.0,320.0,31.0,291.0,1.1,1.21,,,,0.0,320.0,,,,,,,
rivière Étamamiou,Q9,07560000,3.872,1.234,212,1999,133.0,124.0,257.0,35.0,322.0,0.8,0.91,,,,0.0,257.0,,,,,,,
rivière Étamamiou,Q9,07560000,3.872,1.234,212,2000,153.0,94.0,247.0,114.0,258.0,0.96,1.4,,,,0.0,247.0,,,,,,,
rivière Étamamiou,Q9,07560000,3.872,1.234,212,2001,173.0,61.0,234.0,5.0,239.0,0.98,1.0,,,,0.0,234.0,,,,,,,
rivière Étamamiou,Q9,07560000,3.872,1.234,212,2002,159.0,34.0,193.0,127.0,169.0,1.14,1.89,,,,0.0,193.0,,,,,,,
rivière Étamamiou,Q9,07560000,3.872,1.234,212,2003,227.0,71.0,298.0,44.0,258.0,1.16,1.33,,,,0.0,298.0,,,,,,,
rivière Étamamiou,Q9,07560000,3.872,1.234,212,2004,188.0,45.0,233.0,29.0,218.0,1.07,1.2,,,,0.0,233.0,,,,,,,
rivière Étamamiou,Q9,07560000,3.872,1.234,212,2005,271.0,47.0,318.0,50.0,322.0,0.99,1.14,,,,0.0,318.0,,,,,,,
rivière Étamamiou,Q9,07560000,3.872,1.234,212,2006,153.0,38.0,191.0,31.0,195.0,0.98,1.14,,,,0.0,191.0,,,,,,,
rivière Étamamiou,Q9,07560000,3.872,1.234,212,2007,188.0,58.0,246.0,39.0,257.0,0.96,1.11,,,,0.0,246.0,,,,,,,
rivière Étamamiou,Q9,07560000,3.872,1.234,212,2008,167.0,32.0,199.0,200.0,164.0,1.21,2.43,,,,0.0,199.0,,,,,,,
rivière Étamamiou,Q9,07560000,3.872,1.234,212,2009,225.0,53.0,278.0,56.0,331.0,0.84,1.01,,,,0.0,278.0,,,,,,,
rivière Étamamiou,Q9,07560000,3.872,1.234,212,2010,94.0,51.0,145.0,133.0,260.0,0.56,1.07,,,,0.0,145.0,,,,,,,
rivière Étamamiou,Q9,07560000,3.872,1.234,212,2011,31.0,45.0,76.0,44.0,104.0,0.73,1.15,,,,0.0,76.0,,,,,,,
rivière Étamamiou,Q9,07560000,3.872,1.234,212,2012,206.0,20.0,226.0,106.0,267.0,0.85,1.24,,,,0.0,226.0,,,,,,,
rivière Étamamiou,Q9,07560000,3.872,1.234,213,2013,,,,,,,,,,,,,,,,,,,
rivière Étamamiou,Q9,07560000,3.872,1.234,213,2014,208.0,38.0,246.0,70.0,198.0,1.24,1.6,,,,,246.0,,,,,,,
rivière Étamamiou,Q9,07560000,3.872,1.234,213,2015,163.0,93.0,256.0,93.0,217.0,1.18,1.61,,,,7.0,263.0,,,,,,,
rivière Étamamiou,Q9,07560000,3.872,1.234,213,2016,145.0,0.0,145.0,69.0,117.0,1.24,1.83,,,,5.0,150.0,,,,,,,
rivière Étamamiou,Q9,07560000,3.872,1.234,213,2017,138.0,22.0,160.0,28.0,105.0,1.52,1.79,,,,2.0,162.0,,,,,,,
rivière Étamamiou,Q9,07560000,3.872,1.234,213,2018,67.0,24.0,91.0,0.0,112.0,0.81,0.81,,,,0.0,91.0,,,,,,,
rivière Étamamiou,Q9,07560000,3.872,1.234,213,2019,122.0,45.0,167.0,2.0,121.0,1.38,1.4,,,,0.0,167.0,,,,,,,
rivière Étamamiou,Q9,07560000,3.872,1.234,213,2020,135.0,0.0,135.0,46.0,98.0,1.38,1.85,,,,3.0,138.0,,,,,,,
rivière Étamamiou,Q9,07560000,3.872,1.234,213,2021,73.0,43.0,116.0,0.0,122.0,0.95,0.95,,,,0.0,116.0,,,,,,,
rivière Étamamiou,Q9,07560000,3.872,1.234,213,2022,,,,,,,,,,,,,,,,,,,
rivière Étamamiou,Q9,07560000,3.872,1.234,213,2023,107.0,0.0,107.0,75.0,220.0,0.49,0.83,,,,5.0,112.0,,,,,,,
rivière Étamamiou,Q9,07560000,3.872,1.234,213,2024,130.0,0.0,130.0,42.0,229.0,0.57,0.75,,,,3.0,133.0,,,,,,,
rivière Étamamiou,Q9,07560000,3.872,1.234,213,2025,109.0,0.0,109.0,84.0,165.0,0.66,1.17,,,,6.0,115.0,,,,,,,
rivière Nétagamiou,Q9,07570001,0.072,0.013,214,1984,,,,,,,,,,,,,,,,,,,
rivière Nétagamiou,Q9,07570001,0.072,0.013,214,1985,,,,,,,,,,,,,,,,,,,
rivière Nétagamiou,Q9,07570001,0.072,0.013,214,1986,,,,,,,,,,,,,,,,,,,
rivière Nétagamiou,Q9,07570001,0.072,0.013,214,1987,,,,,,,,,,,,,,,,,,,
rivière Nétagamiou,Q9,07570001,0.072,0.013,214,1988,,,,,,,,,,,,,,,,,,,
rivière Nétagamiou,Q9,07570001,0.072,0.013,214,1989,,,,,,,,,,,,,,,,,,,
rivière Nétagamiou,Q9,07570001,0.072,0.013,214,1990,,,,,,,,,,,,,,,,,,,
rivière Nétagamiou,Q9,07570001,0.072,0.013,214,1991,,,,,,,,,,,,,,,,,,,
rivière Nétagamiou,Q9,07570001,0.072,0.013,214,1992,,,,,,,,,,,,,,,,,,,
rivière Nétagamiou,Q9,07570001,0.072,0.013,214,1993,,,,,,,,,,,,,,,,,,,
rivière Nétagamiou,Q9,07570001,0.072,0.013,214,1994,,,,,,,,,,,,,,,,,,,
rivière Nétagamiou,Q9,07570001,0.072,0.013,214,1995,,,,,,,,,,,,,,,,,,,
rivière Nétagamiou,Q9,07570001,0.072,0.013,214,1996,,,,,,,,,,,,,,,,,,,
rivière Nétagamiou,Q9,07570001,0.072,0.013,214,1997,,,,,,,,,,,,,,,,,,,
rivière Nétagamiou,Q9,07570001,0.072,0.013,214,1998,,,,,,,,,,,,,,,,,,,
rivière Nétagamiou,Q9,07570001,0.072,0.013,214,1999,,,,,,,,,,,,,,,,,,,
rivière Nétagamiou,Q9,07570001,0.072,0.013,214,2000,,,,,,,,,,,,,,,,,,,
rivière Nétagamiou,Q9,07570001,0.072,0.013,214,2001,,,,,,,,,,,,,,,,,,,
rivière Nétagamiou,Q9,07570001,0.072,0.013,214,2002,,,,,,,,,,,,,,,,,,,
rivière Nétagamiou,Q9,07570001,0.072,0.013,214,2003,,,,,,,,,,,,,,,,,,,
rivière Nétagamiou,Q9,07570001,0.072,0.013,214,2004,,,,,,,,,,,,,,,,,,,
rivière Nétagamiou,Q9,07570001,0.072,0.013,214,2005,,,,,,,,,,,1.0,1.0,,,,,,,
rivière Nétagamiou,Q9,07570001,0.072,0.013,214,2006,,,,,,,,,,,,,,,,,,,
rivière Nétagamiou,Q9,07570001,0.072,0.013,214,2007,,,,,,,,,,,,,,,,,,,
rivière Nétagamiou,Q9,07570001,0.072,0.013,214,2008,,,,,,,,,,,,,,,,,,,
rivière Nétagamiou,Q9,07570001,0.072,0.013,214,2009,,,,,,,,,,,,,,,,,,,
rivière Nétagamiou,Q9,07570001,0.072,0.013,214,2010,,,,,,,,,,,,,,,,,,,
rivière Nétagamiou,Q9,07570001,0.072,0.013,214,2011,,,,,,,,,,,,,,,,,,,
rivière Nétagamiou,Q9,07570001,0.072,0.013,214,2012,,,,,,,,,,,,,,,,,,,
rivière Nétagamiou,Q9,07570001,0.072,0.013,215,2013,,,,,,,,,,,,,,,,,,,
rivière Nétagamiou,Q9,07570001,0.072,0.013,215,2014,,,,,,,,,,,,,,,,,,,
rivière Nétagamiou,Q9,07570001,0.072,0.013,215,2015,,,,,,,,,,,,,,,,,,,
rivière Nétagamiou,Q9,07570001,0.072,0.013,215,2016,,,,,,,,,,,,,,,,,,,
rivière Nétagamiou,Q9,07570001,0.072,0.013,215,2017,,,,,,,,,,,,,,,,,,,
rivière Nétagamiou,Q9,07570001,0.072,0.013,215,2018,,,,,,,,,,,,,,,,,,,
rivière Nétagamiou,Q9,07570001,0.072,0.013,215,2019,,,,,,,,,,,,,,,,,,,
rivière Nétagamiou,Q9,07570001,0.072,0.013,215,2020,,,,,,,,,,,,,,,,,,,
rivière Nétagamiou,Q9,07570001,0.072,0.013,215,2021,,,,,,,,,,,,,,,,,,,
rivière Nétagamiou,Q9,07570001,0.072,0.013,215,2022,,,,,,,,,,,,,,,,,,,
rivière Nétagamiou,Q9,07570001,0.072,0.013,215,2023,,,,,,,,,,,,,,,,,,,
rivière Nétagamiou,Q9,07570001,0.072,0.013,215,2024,,,,,,,,,,,,,,,,,,,
rivière Nétagamiou,Q9,07570001,0.072,0.013,215,2025,,,,,,,,,,,,,,,,,,,
rivière du Gros Mécatina,Q9,07580000,0.14,0.03,216,1984,220.0,19.0,239.0,,331.0,0.72,,,,,0.0,239.0,,,,,,,
rivière du Gros Mécatina,Q9,07580000,0.14,0.03,216,1985,288.0,17.0,305.0,,348.0,0.88,,,,,0.0,305.0,,,,,,,
rivière du Gros Mécatina,Q9,07580000,0.14,0.03,216,1986,192.0,47.0,239.0,,343.0,0.7,,,,,0.0,239.0,,,,,,,
rivière du Gros Mécatina,Q9,07580000,0.14,0.03,216,1987,246.0,22.0,268.0,,337.0,0.8,,,,,0.0,268.0,,,,,,,
rivière du Gros Mécatina,Q9,07580000,0.14,0.03,216,1988,206.0,77.0,283.0,,343.0,0.83,,,,,0.0,283.0,,,,,,,
rivière du Gros Mécatina,Q9,07580000,0.14,0.03,216,1989,109.0,32.0,141.0,,349.0,0.4,,,,,0.0,141.0,,,,,,,
rivière du Gros Mécatina,Q9,07580000,0.14,0.03,216,1990,165.0,5.0,170.0,,301.0,0.56,,,,,0.0,170.0,,,,,,,
rivière du Gros Mécatina,Q9,07580000,0.14,0.03,216,1991,145.0,3.0,148.0,,337.0,0.44,,,,,0.0,148.0,,,,,,,
rivière du Gros Mécatina,Q9,07580000,0.14,0.03,216,1992,206.0,4.0,210.0,,252.0,0.83,,,,,0.0,210.0,,,,,,,
rivière du Gros Mécatina,Q9,07580000,0.14,0.03,216,1993,337.0,18.0,355.0,,267.0,1.33,,,,,0.0,355.0,,,,,,,
rivière du Gros Mécatina,Q9,07580000,0.14,0.03,216,1994,124.0,10.0,134.0,,274.0,0.49,,,,,0.0,134.0,,,,,,,
rivière du Gros Mécatina,Q9,07580000,0.14,0.03,216,1995,167.0,6.0,173.0,,210.0,0.82,,,,,0.0,173.0,,,,,,,
rivière du Gros Mécatina,Q9,07580000,0.14,0.03,216,1996,215.0,11.0,226.0,42.0,272.0,0.83,0.99,,,,0.0,226.0,,,,,,,
rivière du Gros Mécatina,Q9,07580000,0.14,0.03,216,1997,123.0,2.0,125.0,24.0,175.0,0.71,0.85,,,,0.0,125.0,,,,,,,
rivière du Gros Mécatina,Q9,07580000,0.14,0.03,216,1998,235.0,7.0,242.0,138.0,242.0,1.0,1.57,,,,0.0,242.0,,,,,,,
rivière du Gros Mécatina,Q9,07580000,0.14,0.03,216,1999,110.0,5.0,115.0,10.0,196.0,0.59,0.64,,,,0.0,115.0,,,,,,,
rivière du Gros Mécatina,Q9,07580000,0.14,0.03,216,2000,186.0,3.0,189.0,90.0,227.0,0.83,1.23,,,,0.0,189.0,,,,,,,
rivière du Gros Mécatina,Q9,07580000,0.14,0.03,216,2001,101.0,11.0,112.0,36.0,195.0,0.57,0.76,,,,0.0,112.0,,,,,,,
rivière du Gros Mécatina,Q9,07580000,0.14,0.03,216,2002,157.0,6.0,163.0,41.0,243.0,0.67,0.84,,,,0.0,163.0,,,,,,,
rivière du Gros Mécatina,Q9,07580000,0.14,0.03,216,2003,107.0,10.0,117.0,63.0,211.0,0.55,0.85,,,,0.0,117.0,,,,,,,
rivière du Gros Mécatina,Q9,07580000,0.14,0.03,216,2004,154.0,5.0,159.0,200.0,220.0,0.72,1.63,,,,0.0,159.0,,,,,,,
rivière du Gros Mécatina,Q9,07580000,0.14,0.03,216,2005,128.0,10.0,138.0,141.0,241.0,0.57,1.16,,,,0.0,138.0,,,,,,,
rivière du Gros Mécatina,Q9,07580000,0.14,0.03,216,2006,115.0,6.0,121.0,62.0,177.0,0.68,1.03,,,,0.0,121.0,,,,,,,
rivière du Gros Mécatina,Q9,07580000,0.14,0.03,216,2007,79.0,3.0,82.0,47.0,130.0,0.63,0.99,,,,0.0,82.0,,,,,,,
rivière du Gros Mécatina,Q9,07580000,0.14,0.03,216,2008,131.0,3.0,134.0,129.0,128.0,1.05,2.05,,,,0.0,134.0,,,,,,,
rivière du Gros Mécatina,Q9,07580000,0.14,0.03,216,2009,77.0,3.0,80.0,36.0,111.0,0.72,1.05,,,,0.0,80.0,,,,,,,
rivière du Gros Mécatina,Q9,07580000,0.14,0.03,216,2010,79.0,7.0,86.0,128.0,113.0,0.76,1.89,,,,0.0,86.0,,,,,,,
rivière du Gros Mécatina,Q9,07580000,0.14,0.03,216,2011,104.0,9.0,113.0,87.0,157.0,0.72,1.27,,,,0.0,113.0,,,,,,,
rivière du Gros Mécatina,Q9,07580000,0.14,0.03,216,2012,82.0,4.0,86.0,74.0,104.0,0.83,1.54,,,,0.0,86.0,,,,,,,
rivière du Gros Mécatina,Q9,07580000,0.14,0.03,217,2013,76.0,7.0,83.0,72.0,89.0,0.93,1.74,,,,0.0,83.0,,,,,,,
rivière du Gros Mécatina,Q9,07580000,0.14,0.03,217,2014,109.0,0.0,109.0,79.0,103.0,1.06,1.83,,,,10.0,119.0,,,,,,,
rivière du Gros Mécatina,Q9,07580000,0.14,0.03,217,2015,88.0,8.0,96.0,156.0,109.0,0.88,2.31,,,,11.0,107.0,,,,,,,
rivière du Gros Mécatina,Q9,07580000,0.14,0.03,217,2016,97.0,3.0,100.0,350.0,154.0,0.65,2.92,,,,25.0,125.0,,,,,,,
rivière du Gros Mécatina,Q9,07580000,0.14,0.03,217,2017,128.0,4.0,132.0,196.0,189.0,0.7,1.74,,,,14.0,146.0,,,,,,,
rivière du Gros Mécatina,Q9,07580000,0.14,0.03,217,2018,61.0,0.0,61.0,119.0,92.0,0.66,1.96,,,,8.0,69.0,,,,,,,
rivière du Gros Mécatina,Q9,07580000,0.14,0.03,217,2019,50.0,9.0,59.0,162.0,117.0,0.5,1.89,,,,12.0,71.0,,,,,,,
rivière du Gros Mécatina,Q9,07580000,0.14,0.03,217,2020,3.0,0.0,3.0,0.0,6.0,0.5,0.5,,,,0.0,3.0,,,,,,,
rivière du Gros Mécatina,Q9,07580000,0.14,0.03,217,2021,29.0,2.0,31.0,105.0,68.0,0.46,2.0,,,,7.0,38.0,,,,,,,
rivière du Gros Mécatina,Q9,07580000,0.14,0.03,217,2022,28.0,7.0,35.0,135.0,90.0,0.39,1.89,,,,15.0,50.0,,,,,,,
rivière du Gros Mécatina,Q9,07580000,0.14,0.03,217,2023,18.0,0.0,18.0,75.0,104.0,0.17,0.89,,,,5.0,23.0,,,,,,,
rivière du Gros Mécatina,Q9,07580000,0.14,0.03,217,2024,12.0,0.0,12.0,45.0,95.0,0.13,0.6,,,,3.0,15.0,,,,,,,
rivière du Gros Mécatina,Q9,07580000,0.14,0.03,217,2025,6.0,0.0,6.0,89.0,86.0,0.07,1.1,,,,6.0,12.0,,,,,,,
rivière Véco,Q9,07590000,0.033,0.005,218,1984,,,,,,,,,,,,,,,,,,,
rivière Véco,Q9,07590000,0.033,0.005,218,1985,,,,,,,,,,,,,,,,,,,
rivière Véco,Q9,07590000,0.033,0.005,218,1986,,,,,,,,,,,,,,,,,,,
rivière Véco,Q9,07590000,0.033,0.005,218,1987,,,,,,,,,,,,,,,,,,,
rivière Véco,Q9,07590000,0.033,0.005,218,1988,,,,,,,,,,,,,,,,,,,
rivière Véco,Q9,07590000,0.033,0.005,218,1989,14.0,13.0,27.0,,62.0,0.44,,,,,0.0,27.0,,,,,,,
rivière Véco,Q9,07590000,0.033,0.005,218,1990,41.0,3.0,44.0,,85.0,0.52,,,,,0.0,44.0,,,,,,,
rivière Véco,Q9,07590000,0.033,0.005,218,1991,75.0,0.0,75.0,,150.0,0.5,,,,,0.0,75.0,,,,,,,
rivière Véco,Q9,07590000,0.033,0.005,218,1992,48.0,0.0,48.0,,69.0,0.7,,,,,0.0,48.0,,,,,,,
rivière Véco,Q9,07590000,0.033,0.005,218,1993,1.0,0.0,1.0,,1.0,1.0,,,,,0.0,1.0,,,,,,,
rivière Véco,Q9,07590000,0.033,0.005,218,1994,0.0,0.0,0.0,,,,,,,,0.0,0.0,,,,,,,
rivière Véco,Q9,07590000,0.033,0.005,218,1995,0.0,0.0,0.0,,,,,,,,0.0,0.0,,,,,,,
rivière Véco,Q9,07590000,0.033,0.005,218,1996,13.0,0.0,13.0,,25.0,0.52,,,,,0.0,13.0,,,,,,,
rivière Véco,Q9,07590000,0.033,0.005,218,1997,6.0,1.0,7.0,,14.0,0.5,,,,,0.0,7.0,,,,,,,
rivière Véco,Q9,07590000,0.033,0.005,218,1998,11.0,1.0,12.0,,22.0,0.55,,,,,0.0,12.0,,,,,,,
rivière Véco,Q9,07590000,0.033,0.005,218,1999,5.0,1.0,6.0,,18.0,0.33,,,,,0.0,6.0,,,,,,,
rivière Véco,Q9,07590000,0.033,0.005,218,2000,5.0,1.0,6.0,,12.0,0.5,,,,,0.0,6.0,,,,,,,
rivière Véco,Q9,07590000,0.033,0.005,218,2001,4.0,0.0,4.0,,11.0,0.36,,,,,0.0,4.0,,,,,,,
rivière Véco,Q9,07590000,0.033,0.005,218,2002,0.0,0.0,0.0,,,,,,,,0.0,0.0,,,,,,,
rivière Véco,Q9,07590000,0.033,0.005,218,2003,0.0,0.0,0.0,,,,,,,,0.0,0.0,,,,,,,
rivière Véco,Q9,07590000,0.033,0.005,218,2004,9.0,0.0,9.0,,20.0,0.45,,,,,0.0,9.0,,,,,,,
rivière Véco,Q9,07590000,0.033,0.005,218,2005,23.0,0.0,23.0,,55.0,0.42,,,,,0.0,23.0,,,,,,,
rivière Véco,Q9,07590000,0.033,0.005,218,2006,14.0,1.0,15.0,,44.0,0.34,,,,,0.0,15.0,,,,,,,
rivière Véco,Q9,07590000,0.033,0.005,218,2007,22.0,1.0,23.0,,64.0,0.36,,,,,0.0,23.0,,,,,,,
rivière Véco,Q9,07590000,0.033,0.005,218,2008,23.0,2.0,25.0,,60.0,0.42,,,,,0.0,25.0,,,,,,,
rivière Véco,Q9,07590000,0.033,0.005,218,2009,21.0,1.0,22.0,,58.0,0.38,,,,,0.0,22.0,,,,,,,
rivière Véco,Q9,07590000,0.033,0.005,218,2010,20.0,1.0,21.0,,60.0,0.35,,,,,0.0,21.0,,,,,,,
rivière Véco,Q9,07590000,0.033,0.005,218,2011,7.0,0.0,7.0,,19.0,0.37,,,,,0.0,7.0,,,,,,,
rivière Véco,Q9,07590000,0.033,0.005,218,2012,2.0,2.0,4.0,,11.0,0.36,,,,,0.0,4.0,,,,,,,
rivière Véco,Q9,07590000,0.033,0.005,219,2013,6.0,0.0,6.0,,24.0,0.25,,,,,0.0,6.0,,,,,,,
rivière Véco,Q9,07590000,0.033,0.005,219,2014,3.0,0.0,3.0,,8.0,0.38,,,,,0.0,3.0,,,,,,,
rivière Véco,Q9,07590000,0.033,0.005,219,2015,3.0,2.0,5.0,,11.0,0.45,,,,,0.0,5.0,,,,,,,
rivière Véco,Q9,07590000,0.033,0.005,219,2016,0.0,0.0,0.0,1.0,1.0,0.0,1.0,,,,0.0,0.0,,,,,,,
rivière Véco,Q9,07590000,0.033,0.005,219,2017,0.0,0.0,0.0,4.0,,,,,,,0.0,0.0,,,,,,,
rivière Véco,Q9,07590000,0.033,0.005,219,2018,0.0,0.0,0.0,,,,,,,,0.0,0.0,,,,,,,
rivière Véco,Q9,07590000,0.033,0.005,219,2019,0.0,0.0,0.0,,,,,,,,0.0,0.0,,,,,,,
rivière Véco,Q9,07590000,0.033,0.005,219,2020,1.0,0.0,1.0,6.0,5.0,0.2,1.4,,,,0.0,1.0,,,,,,,
rivière Véco,Q9,07590000,0.033,0.005,219,2021,0.0,0.0,0.0,,,,,,,,0.0,0.0,,,,,,,
rivière Véco,Q9,07590000,0.033,0.005,219,2022,0.0,0.0,0.0,,,,,,,,0.0,0.0,,,,,,,
rivière Véco,Q9,07590000,0.033,0.005,219,2023,0.0,0.0,0.0,,,,,,,,0.0,0.0,,,,,,,
rivière Véco,Q9,07590000,0.033,0.005,219,2024,0.0,0.0,0.0,,,,,,,,0.0,0.0,,,,,,,
rivière Véco,Q9,07590000,0.033,0.005,219,2025,0.0,0.0,0.0,,,,,,,,0.0,0.0,,,,,,,
rivière Kécarpoui,Q9,07600000,0.115,0.024,220,1984,,,,,,,,,,,,,,,,,,,
rivière Kécarpoui,Q9,07600000,0.115,0.024,220,1985,,,,,,,,,,,,,,,,,,,
rivière Kécarpoui,Q9,07600000,0.115,0.024,220,1986,,,,,,,,,,,,,,,,,,,
rivière Kécarpoui,Q9,07600000,0.115,0.024,220,1987,,,,,,,,,,,,,,,,,,,
rivière Kécarpoui,Q9,07600000,0.115,0.024,220,1988,,,,,,,,,,,,,,,,,,,
rivière Kécarpoui,Q9,07600000,0.115,0.024,220,1989,,,,,,,,,,,,,,,,,,,
rivière Kécarpoui,Q9,07600000,0.115,0.024,220,1990,2.0,0.0,2.0,,69.0,0.03,,,,,0.0,2.0,,,,,,,
rivière Kécarpoui,Q9,07600000,0.115,0.024,220,1991,6.0,1.0,7.0,,90.0,0.08,,,,,0.0,7.0,,,,,,,
rivière Kécarpoui,Q9,07600000,0.115,0.024,220,1992,9.0,3.0,12.0,,118.0,0.1,,,,,0.0,12.0,,,,,,,
rivière Kécarpoui,Q9,07600000,0.115,0.024,220,1993,24.0,5.0,29.0,,242.0,0.12,,,,,0.0,29.0,,,,,,,
rivière Kécarpoui,Q9,07600000,0.115,0.024,220,1994,2.0,5.0,7.0,,49.0,0.14,,,,,0.0,7.0,,,,,,,
rivière Kécarpoui,Q9,07600000,0.115,0.024,220,1995,12.0,8.0,20.0,,124.0,0.16,,,,,0.0,20.0,,,,,,,
rivière Kécarpoui,Q9,07600000,0.115,0.024,220,1996,17.0,1.0,18.0,9.0,227.0,0.08,0.12,,,,0.0,18.0,,,,,,,
rivière Kécarpoui,Q9,07600000,0.115,0.024,220,1997,10.0,1.0,11.0,0.0,201.0,0.05,0.05,,,,0.0,11.0,,,,,,,
rivière Kécarpoui,Q9,07600000,0.115,0.024,220,1998,36.0,4.0,40.0,8.0,247.0,0.16,0.19,,,,0.0,40.0,,,,,,,
rivière Kécarpoui,Q9,07600000,0.115,0.024,220,1999,4.0,4.0,8.0,16.0,108.0,0.07,0.22,,,,0.0,8.0,,,,,,,
rivière Kécarpoui,Q9,07600000,0.115,0.024,220,2000,14.0,15.0,29.0,21.0,237.0,0.12,0.21,,,,0.0,29.0,,,,,,,
rivière Kécarpoui,Q9,07600000,0.115,0.024,220,2001,25.0,4.0,29.0,60.0,241.0,0.12,0.37,,,,0.0,29.0,,,,,,,
rivière Kécarpoui,Q9,07600000,0.115,0.024,220,2002,14.0,12.0,26.0,27.0,64.0,0.41,0.83,,,,0.0,26.0,,,,,,,
rivière Kécarpoui,Q9,07600000,0.115,0.024,220,2003,30.0,18.0,48.0,17.0,82.0,0.59,0.79,,,,0.0,48.0,,,,,,,
rivière Kécarpoui,Q9,07600000,0.115,0.024,220,2004,34.0,8.0,42.0,9.0,265.0,0.16,0.19,,,,0.0,42.0,,,,,,,
rivière Kécarpoui,Q9,07600000,0.115,0.024,220,2005,9.0,1.0,10.0,9.0,143.0,0.07,0.13,,,,0.0,10.0,,,,,,,
rivière Kécarpoui,Q9,07600000,0.115,0.024,220,2006,13.0,0.0,13.0,5.0,185.0,0.07,0.1,,,,0.0,13.0,,,,,,,
rivière Kécarpoui,Q9,07600000,0.115,0.024,220,2007,11.0,2.0,13.0,35.0,60.0,0.22,0.8,,,,0.0,13.0,,,,,,,
rivière Kécarpoui,Q9,07600000,0.115,0.024,220,2008,21.0,0.0,21.0,22.0,233.0,0.09,0.18,,,,0.0,21.0,,,,,,,
rivière Kécarpoui,Q9,07600000,0.115,0.024,220,2009,10.0,0.0,10.0,84.0,72.0,0.14,1.31,,,,0.0,10.0,,,,,,,
rivière Kécarpoui,Q9,07600000,0.115,0.024,220,2010,9.0,1.0,10.0,11.0,45.0,0.22,0.47,,,,0.0,10.0,,,,,,,
rivière Kécarpoui,Q9,07600000,0.115,0.024,220,2011,3.0,3.0,6.0,12.0,17.0,0.35,1.06,,,,0.0,6.0,,,,,,,
rivière Kécarpoui,Q9,07600000,0.115,0.024,220,2012,1.0,1.0,2.0,10.0,25.0,0.08,0.48,,,,0.0,2.0,,,,,,,
rivière Kécarpoui,Q9,07600000,0.115,0.024,221,2013,2.0,0.0,2.0,14.0,15.0,0.13,1.07,,,,0.0,2.0,,,,,,,
rivière Kécarpoui,Q9,07600000,0.115,0.024,221,2014,8.0,0.0,8.0,4.0,26.0,0.31,0.46,,,,0.0,8.0,,,,,,,
rivière Kécarpoui,Q9,07600000,0.115,0.024,221,2015,6.0,0.0,6.0,17.0,22.0,0.27,1.05,,,,1.0,7.0,,,,,,,
rivière Kécarpoui,Q9,07600000,0.115,0.024,221,2016,11.0,0.0,11.0,10.0,26.0,0.42,0.81,,,,1.0,12.0,,,,,,,
rivière Kécarpoui,Q9,07600000,0.115,0.024,221,2017,8.0,0.0,8.0,31.0,64.0,0.13,0.61,,,,2.0,10.0,,,,,,,
rivière Kécarpoui,Q9,07600000,0.115,0.024,221,2018,2.0,0.0,2.0,5.0,4.0,0.5,1.75,,,,0.0,2.0,,,,,,,
rivière Kécarpoui,Q9,07600000,0.115,0.024,221,2019,,,,,,,,,,,,,,,,,,,
rivière Kécarpoui,Q9,07600000,0.115,0.024,221,2020,2.0,0.0,2.0,3.0,4.0,0.5,1.25,,,,0.0,2.0,,,,,,,
rivière Kécarpoui,Q9,07600000,0.115,0.024,221,2021,0.0,0.0,0.0,,,,,,,,0.0,0.0,,,,,,,
rivière Kécarpoui,Q9,07600000,0.115,0.024,221,2022,0.0,0.0,0.0,,,,,,,,0.0,0.0,,,,,,,
rivière Kécarpoui,Q9,07600000,0.115,0.024,221,2023,,,,,,,,,,,,,,,,,,,
rivière Kécarpoui,Q9,07600000,0.115,0.024,221,2024,0.0,0.0,0.0,,,,,,,,0.0,0.0,,,,,,,
rivière Kécarpoui,Q9,07600000,0.115,0.024,221,2025,,,,,,,,,,,,,,,,,,,
rivière Kécarpoui,Q9,07600000,0.115,0.024,221,1993,,,,,,,,,,,,,,,,,,,
rivière Saint-Augustin,Q9,07610000,6.987,2.166,222,1984,,,,,,,,,,,,,,,,,,,
rivière Saint-Augustin,Q9,07610000,6.987,2.166,222,1985,,,,,,,,,,,,,,,,,,,
rivière Saint-Augustin,Q9,07610000,6.987,2.166,222,1986,,,,,,,,,,,,,,,,,,,
rivière Saint-Augustin,Q9,07610000,6.987,2.166,222,1987,,,,,,,,,,,,,,,,,,,
rivière Saint-Augustin,Q9,07610000,6.987,2.166,222,1988,,,,,,,,,,,,,,,,,,,
rivière Saint-Augustin,Q9,07610000,6.987,2.166,222,1989,,,,,,,,,,,,,,,,,,,
rivière Saint-Augustin,Q9,07610000,6.987,2.166,222,1990,,,,,,,,,,,,,,,,,,,
rivière Saint-Augustin,Q9,07610000,6.987,2.166,222,1991,,,,,,,,,,,,,,,,,,,
rivière Saint-Augustin,Q9,07610000,6.987,2.166,222,1992,0.0,2.0,2.0,,4.0,0.5,,,,,2.0,4.0,,,,,,,
rivière Saint-Augustin,Q9,07610000,6.987,2.166,222,1993,,,,,,,,,,,,,,,,,,,
rivière Saint-Augustin,Q9,07610000,6.987,2.166,222,1994,0.0,1.0,1.0,,2.0,0.5,,,,,0.0,1.0,,,,,,,
rivière Saint-Augustin,Q9,07610000,6.987,2.166,222,1995,,,,,,,,,,,,,,,,,,,
rivière Saint-Augustin,Q9,07610000,6.987,2.166,222,1996,,,,,,,,,,,,,,,,,,,
rivière Saint-Augustin,Q9,07610000,6.987,2.166,222,1997,,,,,,,,,,,,,,,,,,,
rivière Saint-Augustin,Q9,07610000,6.987,2.166,222,1998,,,,,,,,,,,,,,,,,,,
rivière Saint-Augustin,Q9,07610000,6.987,2.166,222,1999,,,,,,,,,,,,,,,,,,,
rivière Saint-Augustin,Q9,07610000,6.987,2.166,222,2000,,,,,,,,,,,,,,,,,,,
rivière Saint-Augustin,Q9,07610000,6.987,2.166,222,2001,,,,,,,,,,,3.0,3.0,,,,,,,
rivière Saint-Augustin,Q9,07610000,6.987,2.166,222,2002,,,,,,,,,,,,,,,,,,,
rivière Saint-Augustin,Q9,07610000,6.987,2.166,222,2003,,,,,,,,,,,1.0,1.0,,,,,,,
rivière Saint-Augustin,Q9,07610000,6.987,2.166,222,2004,,,,,,,,,,,,,,,,,,,
rivière Saint-Augustin,Q9,07610000,6.987,2.166,222,2005,,,,,,,,,,,1.0,1.0,,,,,,,
rivière Saint-Augustin,Q9,07610000,6.987,2.166,222,2006,,,,,,,,,,,,,,,,,,,
rivière Saint-Augustin,Q9,07610000,6.987,2.166,222,2007,0.0,2.0,2.0,,6.0,0.33,,,,,0.0,2.0,,,,,,,
rivière Saint-Augustin,Q9,07610000,6.987,2.166,222,2008,,,,,,,,,,,,,,,,,,,
rivière Saint-Augustin,Q9,07610000,6.987,2.166,222,2009,,,,,,,,,,,,,,,,,,,
rivière Saint-Augustin,Q9,07610000,6.987,2.166,222,2010,,,,,,,,,,,1.0,1.0,,,,,,,
rivière Saint-Augustin,Q9,07610000,6.987,2.166,222,2011,,,,,,,,,,,10.0,10.0,,,,,,,
rivière Saint-Augustin,Q9,07610000,6.987,2.166,222,2012,,,,,,,,,,,3.0,3.0,,,,,,,
rivière Saint-Augustin,Q9,07610000,6.987,2.166,223,2013,,,,,,,,,,,1.0,1.0,,,,,,,
rivière Saint-Augustin,Q9,07610000,6.987,2.166,223,2014,,,,,,,,,,,,,,,,,,,
rivière Saint-Augustin,Q9,07610000,6.987,2.166,223,2015,,,,,,,,,,,,,,,,,,,
rivière Saint-Augustin,Q9,07610000,6.987,2.166,223,2016,,,,,,,,,,,,,,,,,,,
rivière Saint-Augustin,Q9,07610000,6.987,2.166,223,2017,,,,,,,,,,,,,,,,,,,
rivière Saint-Augustin,Q9,07610000,6.987,2.166,223,2018,,,,,,,,,,,,,,,,,,,
rivière Saint-Augustin,Q9,07610000,6.987,2.166,223,2019,,,,,,,,,,,,,,,,,,,
rivière Saint-Augustin,Q9,07610000,6.987,2.166,223,2020,,,,,,,,,,,,,,,,,,,
rivière Saint-Augustin,Q9,07610000,6.987,2.166,223,2021,,,,,,,,,,,,,,,,,,,
rivière Saint-Augustin,Q9,07610000,6.987,2.166,223,2022,,,,,,,,,,,,,,,,,,,
rivière Saint-Augustin,Q9,07610000,6.987,2.166,223,2023,,,,,,,,,,,,,,,,,,,
rivière Saint-Augustin,Q9,07610000,6.987,2.166,223,2024,,,,,,,,,,,,,,,,,,,
rivière Saint-Augustin,Q9,07610000,6.987,2.166,223,2025,,,,,,,,,,,,,,,,,,,
rivière Saint-Augustin Nord-Ouest,Q9,07611000,1.014,0.303,224,1984,,,,,,,,,,,,,,,,,,,
rivière Saint-Augustin Nord-Ouest,Q9,07611000,1.014,0.303,224,1985,,,,,,,,,,,,,,,,,,,
rivière Saint-Augustin Nord-Ouest,Q9,07611000,1.014,0.303,224,1986,,,,,,,,,,,,,,,,,,,
rivière Saint-Augustin Nord-Ouest,Q9,07611000,1.014,0.303,224,1987,,,,,,,,,,,,,,,,,,,
rivière Saint-Augustin Nord-Ouest,Q9,07611000,1.014,0.303,224,1988,,,,,,,,,,,,,,,,,,,
rivière Saint-Augustin Nord-Ouest,Q9,07611000,1.014,0.303,224,1989,,,,,,,,,,,,,,,,,,,
rivière Saint-Augustin Nord-Ouest,Q9,07611000,1.014,0.303,224,1990,,,,,,,,,,,,,,,,,,,
rivière Saint-Augustin Nord-Ouest,Q9,07611000,1.014,0.303,224,1991,,,,,,,,,,,,,,,,,,,
rivière Saint-Augustin Nord-Ouest,Q9,07611000,1.014,0.303,224,1992,,,,,,,,,,,,,,,,,,,
rivière Saint-Augustin Nord-Ouest,Q9,07611000,1.014,0.303,224,1993,,,,,,,,,,,,,,,,,,,
rivière Saint-Augustin Nord-Ouest,Q9,07611000,1.014,0.303,224,1994,,,,,,,,,,,,,,,,,,,
rivière Saint-Augustin Nord-Ouest,Q9,07611000,1.014,0.303,224,1995,,,,,,,,,,,,,,,,,,,
rivière Saint-Augustin Nord-Ouest,Q9,07611000,1.014,0.303,224,1996,,,,,,,,,,,,,,,,,,,
rivière Saint-Augustin Nord-Ouest,Q9,07611000,1.014,0.303,224,1997,,,,,,,,,,,,,,,,,,,
rivière Saint-Augustin Nord-Ouest,Q9,07611000,1.014,0.303,224,1998,,,,,,,,,,,,,,,,,,,
rivière Saint-Augustin Nord-Ouest,Q9,07611000,1.014,0.303,224,1999,0.0,1.0,1.0,,3.0,0.33,,,,,0.0,1.0,,,,,,,
rivière Saint-Augustin Nord-Ouest,Q9,07611000,1.014,0.303,224,2000,,,,,,,,,,,,,,,,,,,
rivière Saint-Augustin Nord-Ouest,Q9,07611000,1.014,0.303,224,2001,,,,,,,,,,,,,,,,,,,
rivière Saint-Augustin Nord-Ouest,Q9,07611000,1.014,0.303,224,2002,0.0,1.0,1.0,,2.0,0.5,,,,,0.0,1.0,,,,,,,
rivière Saint-Augustin Nord-Ouest,Q9,07611000,1.014,0.303,224,2003,,,,,,,,,,,,,,,,,,,
rivière Saint-Augustin Nord-Ouest,Q9,07611000,1.014,0.303,224,2004,,,,,,,,,,,,,,,,,,,
rivière Saint-Augustin Nord-Ouest,Q9,07611000,1.014,0.303,224,2005,,,,,,,,,,,,,,,,,,,
rivière Saint-Augustin Nord-Ouest,Q9,07611000,1.014,0.303,224,2006,,,,,,,,,,,,,,,,,,,
rivière Saint-Augustin Nord-Ouest,Q9,07611000,1.014,0.303,224,2007,,,,,,,,,,,,,,,,,,,
rivière Saint-Augustin Nord-Ouest,Q9,07611000,1.014,0.303,224,2008,,,,,,,,,,,,,,,,,,,
rivière Saint-Augustin Nord-Ouest,Q9,07611000,1.014,0.303,224,2009,,,,,,,,,,,,,,,,,,,
rivière Saint-Augustin Nord-Ouest,Q9,07611000,1.014,0.303,224,2010,,,,,,,,,,,,,,,,,,,
rivière Saint-Augustin Nord-Ouest,Q9,07611000,1.014,0.303,224,2011,,,,,,,,,,,,,,,,,,,
rivière Saint-Augustin Nord-Ouest,Q9,07611000,1.014,0.303,224,2012,,,,,,,,,,,,,,,,,,,
rivière Saint-Augustin Nord-Ouest,Q9,07611000,1.014,0.303,225,2013,,,,,,,,,,,,,,,,,,,
rivière Saint-Augustin Nord-Ouest,Q9,07611000,1.014,0.303,225,2014,,,,,,,,,,,,,,,,,,,
rivière Saint-Augustin Nord-Ouest,Q9,07611000,1.014,0.303,225,2015,,,,,,,,,,,,,,,,,,,
rivière Saint-Augustin Nord-Ouest,Q9,07611000,1.014,0.303,225,2016,,,,,,,,,,,,,,,,,,,
rivière Saint-Augustin Nord-Ouest,Q9,07611000,1.014,0.303,225,2017,,,,,,,,,,,,,,,,,,,
rivière Saint-Augustin Nord-Ouest,Q9,07611000,1.014,0.303,225,2018,,,,,,,,,,,,,,,,,,,
rivière Saint-Augustin Nord-Ouest,Q9,07611000,1.014,0.303,225,2019,,,,,,,,,,,,,,,,,,,
rivière Saint-Augustin Nord-Ouest,Q9,07611000,1.014,0.303,225,2020,,,,,,,,,,,,,,,,,,,
rivière Saint-Augustin Nord-Ouest,Q9,07611000,1.014,0.303,225,2021,,,,,,,,,,,,,,,,,,,
rivière Saint-Augustin Nord-Ouest,Q9,07611000,1.014,0.303,225,2022,,,,,,,,,,,,,,,,,,,
rivière Saint-Augustin Nord-Ouest,Q9,07611000,1.014,0.303,225,2023,,,,,,,,,,,,,,,,,,,
rivière Saint-Augustin Nord-Ouest,Q9,07611000,1.014,0.303,225,2024,,,,,,,,,,,,,,,,,,,
rivière Saint-Augustin Nord-Ouest,Q9,07611000,1.014,0.303,225,2025,,,,,,,,,,,,,,,,,,,
rivière Coxipi,Q9,07620000,1.629,0.505,226,1984,,,,,,,,,,,,,,,,,,,
rivière Coxipi,Q9,07620000,1.629,0.505,226,1985,,,,,,,,,,,,,,,,,,,
rivière Coxipi,Q9,07620000,1.629,0.505,226,1986,,,,,,,,,,,,,,,,,,,
rivière Coxipi,Q9,07620000,1.629,0.505,226,1987,,,,,,,,,,,,,,,,,,,
rivière Coxipi,Q9,07620000,1.629,0.505,226,1988,,,,,,,,,,,,,,,,,,,
rivière Coxipi,Q9,07620000,1.629,0.505,226,1989,,,,,,,,,,,,,,,,,,,
rivière Coxipi,Q9,07620000,1.629,0.505,226,1990,5.0,3.0,8.0,,6.0,1.33,,,,,0.0,8.0,,,,,,,
rivière Coxipi,Q9,07620000,1.629,0.505,226,1991,0.0,0.0,0.0,,20.0,0.0,,,,,0.0,0.0,,,,,,,
rivière Coxipi,Q9,07620000,1.629,0.505,226,1992,0.0,0.0,0.0,,,,,,,,0.0,0.0,,,,,,,
rivière Coxipi,Q9,07620000,1.629,0.505,226,1993,0.0,0.0,0.0,,,,,,,,0.0,0.0,,,,,,,
rivière Coxipi,Q9,07620000,1.629,0.505,226,1994,0.0,0.0,0.0,,9.0,0.0,,,,,0.0,0.0,,,,,,,
rivière Coxipi,Q9,07620000,1.629,0.505,226,1995,0.0,2.0,2.0,,1.0,2.0,,,,,0.0,2.0,,,,,,,
rivière Coxipi,Q9,07620000,1.629,0.505,226,1996,4.0,1.0,5.0,,4.0,1.25,,,,,0.0,5.0,,,,,,,
rivière Coxipi,Q9,07620000,1.629,0.505,226,1997,0.0,0.0,0.0,,,,,,,,0.0,0.0,,,,,,,
rivière Coxipi,Q9,07620000,1.629,0.505,226,1998,0.0,0.0,0.0,,,,,,,,0.0,0.0,,,,,,,
rivière Coxipi,Q9,07620000,1.629,0.505,226,1999,0.0,0.0,0.0,,,,,,,,0.0,0.0,,,,,,,
rivière Coxipi,Q9,07620000,1.629,0.505,226,2000,0.0,0.0,0.0,,,,,,,,0.0,0.0,,,,,,,
rivière Coxipi,Q9,07620000,1.629,0.505,226,2001,0.0,0.0,0.0,,,,,,,,0.0,0.0,,,,,,,
rivière Coxipi,Q9,07620000,1.629,0.505,226,2002,0.0,0.0,0.0,,,,,,,,0.0,0.0,,,,,,,
rivière Coxipi,Q9,07620000,1.629,0.505,226,2003,0.0,0.0,0.0,,,,,,,,0.0,0.0,,,,,,,
rivière Coxipi,Q9,07620000,1.629,0.505,226,2004,0.0,0.0,0.0,,,,,,,,0.0,0.0,,,,,,,
rivière Coxipi,Q9,07620000,1.629,0.505,226,2005,0.0,0.0,0.0,,,,,,,,0.0,0.0,,,,,,,
rivière Coxipi,Q9,07620000,1.629,0.505,226,2006,0.0,0.0,0.0,,,,,,,,0.0,0.0,,,,,,,
rivière Coxipi,Q9,07620000,1.629,0.505,226,2007,0.0,0.0,0.0,,,,,,,,0.0,0.0,,,,,,,
rivière Coxipi,Q9,07620000,1.629,0.505,226,2008,0.0,0.0,0.0,,,,,,,,0.0,0.0,,,,,,,
rivière Coxipi,Q9,07620000,1.629,0.505,226,2009,0.0,0.0,0.0,,,,,,,,0.0,0.0,,,,,,,
rivière Coxipi,Q9,07620000,1.629,0.505,226,2010,0.0,0.0,0.0,,,,,,,,0.0,0.0,,,,,,,
rivière Coxipi,Q9,07620000,1.629,0.505,226,2011,0.0,0.0,0.0,,,,,,,,0.0,0.0,,,,,,,
rivière Coxipi,Q9,07620000,1.629,0.505,226,2012,0.0,0.0,0.0,,,,,,,,0.0,0.0,,,,,,,
rivière Coxipi,Q9,07620000,1.629,0.505,227,2013,0.0,0.0,0.0,,,,,,,,0.0,0.0,,,,,,,
rivière Coxipi,Q9,07620000,1.629,0.505,227,2014,0.0,0.0,0.0,,,,,,,,0.0,0.0,,,,,,,
rivière Coxipi,Q9,07620000,1.629,0.505,227,2015,2.0,0.0,2.0,0.0,4.0,0.5,0.5,,,,0.0,2.0,,,,,,,
rivière Coxipi,Q9,07620000,1.629,0.505,227,2016,0.0,0.0,0.0,,,,,,,,0.0,0.0,,,,,,,
rivière Coxipi,Q9,07620000,1.629,0.505,227,2017,0.0,0.0,0.0,,,,,,,,0.0,0.0,,,,,,,
rivière Coxipi,Q9,07620000,1.629,0.505,227,2018,,,,,,,,,,,,,,,,,,,
rivière Coxipi,Q9,07620000,1.629,0.505,227,2019,0.0,0.0,0.0,,,,,,,,0.0,0.0,,,,,,,
rivière Coxipi,Q9,07620000,1.629,0.505,227,2020,,,,,,,,,,,,,,,,,,,
rivière Coxipi,Q9,07620000,1.629,0.505,227,2021,,,,,,,,,,,,,,,,,,,
rivière Coxipi,Q9,07620000,1.629,0.505,227,2022,,,,,,,,,,,,,,,,,,,
rivière Coxipi,Q9,07620000,1.629,0.505,227,2023,,,,,,,,,,,,,,,,,,,
rivière Coxipi,Q9,07620000,1.629,0.505,227,2024,,,,,,,,,,,,,,,,,,,
rivière Coxipi,Q9,07620000,1.629,0.505,227,2025,,,,,,,,,,,,,,,,,,,
rivière Chécatica,Q9,07630000,0.013,0.002,228,1984,,,,,,,,,,,,,,,,,,,
rivière Chécatica,Q9,07630000,0.013,0.002,228,1985,,,,,,,,,,,,,,,,,,,
rivière Chécatica,Q9,07630000,0.013,0.002,228,1986,,,,,,,,,,,,,,,,,,,
rivière Chécatica,Q9,07630000,0.013,0.002,228,1987,,,,,,,,,,,,,,,,,,,
rivière Chécatica,Q9,07630000,0.013,0.002,228,1988,,,,,,,,,,,,,,,,,,,
rivière Chécatica,Q9,07630000,0.013,0.002,228,1989,,,,,,,,,,,,,,,,,,,
rivière Chécatica,Q9,07630000,0.013,0.002,228,1990,,,,,,,,,,,,,,,,,,,
rivière Chécatica,Q9,07630000,0.013,0.002,228,1991,,,,,,,,,,,,,,,,,,,
rivière Chécatica,Q9,07630000,0.013,0.002,228,1992,,,,,,,,,,,,,,,,,,,
rivière Chécatica,Q9,07630000,0.013,0.002,228,1993,3.0,0.0,3.0,,4.0,0.75,,,,,0.0,3.0,,,,,,,
rivière Chécatica,Q9,07630000,0.013,0.002,228,1994,0.0,0.0,0.0,,,,,,,,0.0,0.0,,,,,,,
rivière Chécatica,Q9,07630000,0.013,0.002,228,1995,1.0,0.0,1.0,,2.0,0.5,,,,,0.0,1.0,,,,,,,
rivière Chécatica,Q9,07630000,0.013,0.002,228,1996,0.0,0.0,0.0,,,,,,,,0.0,0.0,,,,,,,
rivière Chécatica,Q9,07630000,0.013,0.002,228,1997,0.0,0.0,0.0,,,,,,,,0.0,0.0,,,,,,,
rivière Chécatica,Q9,07630000,0.013,0.002,228,1998,0.0,0.0,0.0,,,,,,,,0.0,0.0,,,,,,,
rivière Chécatica,Q9,07630000,0.013,0.002,228,1999,0.0,0.0,0.0,,,,,,,,0.0,0.0,,,,,,,
rivière Chécatica,Q9,07630000,0.013,0.002,228,2000,0.0,0.0,0.0,,,,,,,,0.0,0.0,,,,,,,
rivière Chécatica,Q9,07630000,0.013,0.002,228,2001,0.0,0.0,0.0,,,,,,,,0.0,0.0,,,,,,,
rivière Chécatica,Q9,07630000,0.013,0.002,228,2002,0.0,0.0,0.0,,,,,,,,0.0,0.0,,,,,,,
rivière Chécatica,Q9,07630000,0.013,0.002,228,2003,0.0,0.0,0.0,,,,,,,,0.0,0.0,,,,,,,
rivière Chécatica,Q9,07630000,0.013,0.002,228,2004,0.0,0.0,0.0,,,,,,,,0.0,0.0,,,,,,,
rivière Chécatica,Q9,07630000,0.013,0.002,228,2005,0.0,0.0,0.0,,,,,,,,0.0,0.0,,,,,,,
rivière Chécatica,Q9,07630000,0.013,0.002,228,2006,0.0,0.0,0.0,,,,,,,,0.0,0.0,,,,,,,
rivière Chécatica,Q9,07630000,0.013,0.002,228,2007,0.0,0.0,0.0,,,,,,,,0.0,0.0,,,,,,,
rivière Chécatica,Q9,07630000,0.013,0.002,228,2008,0.0,0.0,0.0,,,,,,,,0.0,0.0,,,,,,,
rivière Chécatica,Q9,07630000,0.013,0.002,228,2009,0.0,0.0,0.0,,,,,,,,0.0,0.0,,,,,,,
rivière Chécatica,Q9,07630000,0.013,0.002,228,2010,0.0,0.0,0.0,,,,,,,,0.0,0.0,,,,,,,
rivière Chécatica,Q9,07630000,0.013,0.002,228,2011,0.0,0.0,0.0,,,,,,,,0.0,0.0,,,,,,,
rivière Chécatica,Q9,07630000,0.013,0.002,228,2012,0.0,0.0,0.0,,,,,,,,0.0,0.0,,,,,,,
rivière Chécatica,Q9,07630000,0.013,0.002,229,2013,0.0,0.0,0.0,,,,,,,,0.0,0.0,,,,,,,
rivière Chécatica,Q9,07630000,0.013,0.002,229,2014,0.0,0.0,0.0,,,,,,,,0.0,0.0,,,,,,,
rivière Chécatica,Q9,07630000,0.013,0.002,229,2015,0.0,0.0,0.0,,,,,,,,0.0,0.0,,,,,,,
rivière Chécatica,Q9,07630000,0.013,0.002,229,2016,4.0,0.0,4.0,0.0,9.0,0.44,0.44,,,,0.0,4.0,,,,,,,
rivière Chécatica,Q9,07630000,0.013,0.002,229,2017,0.0,0.0,0.0,,,,,,,,0.0,0.0,,,,,,,
rivière Chécatica,Q9,07630000,0.013,0.002,229,2018,0.0,0.0,0.0,,,,,,,,0.0,0.0,,,,,,,
rivière Chécatica,Q9,07630000,0.013,0.002,229,2019,0.0,0.0,0.0,,,,,,,,0.0,0.0,,,,,,,
rivière Chécatica,Q9,07630000,0.013,0.002,229,2020,0.0,0.0,0.0,2.0,2.0,0.0,1.0,,,,0.0,0.0,,,,,,,
rivière Chécatica,Q9,07630000,0.013,0.002,229,2021,0.0,0.0,0.0,,,,,,,,0.0,0.0,,,,,,,
rivière Chécatica,Q9,07630000,0.013,0.002,229,2022,0.0,0.0,0.0,,,,,,,,0.0,0.0,,,,,,,
rivière Chécatica,Q9,07630000,0.013,0.002,229,2023,0.0,0.0,0.0,,,,,,,,0.0,0.0,,,,,,,
rivière Chécatica,Q9,07630000,0.013,0.002,229,2024,0.0,0.0,0.0,,,,,,,,0.0,0.0,,,,,,,
rivière Chécatica,Q9,07630000,0.013,0.002,229,2025,0.0,0.0,0.0,,,,,,,,0.0,0.0,,,,,,,
rivière Napetipi,Q9,07640000,1.467,0.441,230,1984,,,,,,,,,,,,,,,,,,,
rivière Napetipi,Q9,07640000,1.467,0.441,230,1985,,,,,,,,,,,,,,,,,,,
rivière Napetipi,Q9,07640000,1.467,0.441,230,1986,,,,,,,,,,,,,,,,,,,
rivière Napetipi,Q9,07640000,1.467,0.441,230,1987,,,,,,,,,,,,,,,,,,,
rivière Napetipi,Q9,07640000,1.467,0.441,230,1988,,,,,,,,,,,,,,,,,,,
rivière Napetipi,Q9,07640000,1.467,0.441,230,1989,,,,,,,,,,,,,,,,,,,
rivière Napetipi,Q9,07640000,1.467,0.441,230,1990,2.0,0.0,2.0,,4.0,0.5,,,,,0.0,2.0,,,,,,,
rivière Napetipi,Q9,07640000,1.467,0.441,230,1991,2.0,0.0,2.0,,4.0,0.5,,,,,0.0,2.0,,,,,,,
rivière Napetipi,Q9,07640000,1.467,0.441,230,1992,20.0,0.0,20.0,,29.0,0.69,,,,,0.0,20.0,,,,,,,
rivière Napetipi,Q9,07640000,1.467,0.441,230,1993,16.0,1.0,17.0,,21.0,0.81,,,,,0.0,17.0,,,,,,,
rivière Napetipi,Q9,07640000,1.467,0.441,230,1994,13.0,7.0,20.0,,35.0,0.57,,,,,0.0,20.0,,,,,,,
rivière Napetipi,Q9,07640000,1.467,0.441,230,1995,2.0,0.0,2.0,,4.0,0.5,,,,,0.0,2.0,,,,,,,
rivière Napetipi,Q9,07640000,1.467,0.441,230,1996,7.0,0.0,7.0,,28.0,0.25,,,,,0.0,7.0,,,,,,,
rivière Napetipi,Q9,07640000,1.467,0.441,230,1997,0.0,0.0,0.0,,,,,,,,0.0,0.0,,,,,,,
rivière Napetipi,Q9,07640000,1.467,0.441,230,1998,0.0,0.0,0.0,,,,,,,,0.0,0.0,,,,,,,
rivière Napetipi,Q9,07640000,1.467,0.441,230,1999,24.0,2.0,26.0,29.0,77.0,0.34,0.71,,,,0.0,26.0,,,,,,,
rivière Napetipi,Q9,07640000,1.467,0.441,230,2000,46.0,3.0,49.0,23.0,96.0,0.51,0.75,,,,0.0,49.0,,,,,,,
rivière Napetipi,Q9,07640000,1.467,0.441,230,2001,55.0,8.0,63.0,29.0,76.0,0.83,1.21,,,,0.0,63.0,,,,,,,
rivière Napetipi,Q9,07640000,1.467,0.441,230,2002,63.0,1.0,64.0,17.0,90.0,0.71,0.9,,,,5.0,69.0,,,,,,,
rivière Napetipi,Q9,07640000,1.467,0.441,230,2003,93.0,7.0,100.0,83.0,99.0,1.01,1.85,,,,0.0,100.0,,,,,,,
rivière Napetipi,Q9,07640000,1.467,0.441,230,2004,124.0,12.0,136.0,97.0,107.0,1.27,2.18,,,,0.0,136.0,,,,,,,
rivière Napetipi,Q9,07640000,1.467,0.441,230,2005,91.0,11.0,102.0,57.0,146.0,0.7,1.09,,,,0.0,102.0,,,,,,,
rivière Napetipi,Q9,07640000,1.467,0.441,230,2006,23.0,4.0,27.0,38.0,71.0,0.38,0.92,,,,0.0,27.0,,,,,,,
rivière Napetipi,Q9,07640000,1.467,0.441,230,2007,38.0,0.0,38.0,101.0,113.0,0.34,1.23,,,,0.0,38.0,,,,,,,
rivière Napetipi,Q9,07640000,1.467,0.441,230,2008,18.0,1.0,19.0,386.0,89.0,0.21,4.55,,,,0.0,19.0,,,,,,,
rivière Napetipi,Q9,07640000,1.467,0.441,230,2009,2.0,0.0,2.0,324.0,95.0,0.02,3.43,,,,0.0,2.0,,,,,,,
rivière Napetipi,Q9,07640000,1.467,0.441,230,2010,5.0,2.0,7.0,353.0,141.0,0.05,2.55,,,,0.0,7.0,,,,,,,
rivière Napetipi,Q9,07640000,1.467,0.441,230,2011,0.0,0.0,0.0,334.0,113.0,0.0,2.96,,,,0.0,0.0,,,,,,,
rivière Napetipi,Q9,07640000,1.467,0.441,230,2012,0.0,0.0,0.0,254.0,146.0,0.0,1.74,,,,0.0,0.0,,,,,,,
rivière Napetipi,Q9,07640000,1.467,0.441,231,2013,9.0,0.0,9.0,102.0,76.0,0.12,1.46,,,,0.0,9.0,,,,,,,
rivière Napetipi,Q9,07640000,1.467,0.441,231,2014,34.0,0.0,34.0,110.0,118.0,0.29,1.22,,,,0.0,34.0,,,,,,,
rivière Napetipi,Q9,07640000,1.467,0.441,231,2015,5.0,0.0,5.0,266.0,69.0,0.07,3.93,,,,19.0,24.0,,,,,,,
rivière Napetipi,Q9,07640000,1.467,0.441,231,2016,8.0,0.0,8.0,327.0,108.0,0.07,3.1,,,,23.0,31.0,,,,,,,
rivière Napetipi,Q9,07640000,1.467,0.441,231,2017,7.0,0.0,7.0,146.0,105.0,0.07,1.46,,,,10.0,17.0,,,,,,,
rivière Napetipi,Q9,07640000,1.467,0.441,231,2018,0.0,0.0,0.0,217.0,105.0,0.0,2.07,,,,15.0,15.0,,,,,,,
rivière Napetipi,Q9,07640000,1.467,0.441,231,2019,0.0,0.0,0.0,177.0,101.0,0.0,1.75,,,,12.0,12.0,,,,,,,
rivière Napetipi,Q9,07640000,1.467,0.441,231,2020,1.0,0.0,1.0,16.0,5.0,0.2,3.4,,,,1.0,2.0,,,,,,,
rivière Napetipi,Q9,07640000,1.467,0.441,231,2021,,,,,,,,,,,,,,,,,,,
rivière Napetipi,Q9,07640000,1.467,0.441,231,2022,0.0,0.0,0.0,204.0,98.0,0.0,2.08,,,,14.0,14.0,,,,,,,
rivière Napetipi,Q9,07640000,1.467,0.441,231,2023,0.0,0.0,0.0,8.0,88.0,0.0,0.09,,,,1.0,1.0,,,,,,,
rivière Napetipi,Q9,07640000,1.467,0.441,231,2024,0.0,0.0,0.0,45.0,72.0,0.0,0.63,,,,3.0,3.0,,,,,,,
rivière Napetipi,Q9,07640000,1.467,0.441,231,2025,0.0,0.0,0.0,88.0,33.0,0.0,2.67,,,,6.0,6.0,,,,,,,
rivière du Vieux Fort,Q9,07650000,0.447,0.12,232,1984,70.0,96.0,166.0,,295.0,0.56,,,,,0.0,166.0,,,,,,,
rivière du Vieux Fort,Q9,07650000,0.447,0.12,232,1985,43.0,115.0,158.0,,228.0,0.69,,,,,0.0,158.0,,,,,,,
rivière du Vieux Fort,Q9,07650000,0.447,0.12,232,1986,59.0,135.0,194.0,,260.0,0.75,,,,,0.0,194.0,,,,,,,
rivière du Vieux Fort,Q9,07650000,0.447,0.12,232,1987,196.0,123.0,319.0,,272.0,1.17,,,,,0.0,319.0,,,,,,,
rivière du Vieux Fort,Q9,07650000,0.447,0.12,232,1988,76.0,209.0,285.0,,253.0,1.13,,,,,0.0,285.0,,,,,,,
rivière du Vieux Fort,Q9,07650000,0.447,0.12,232,1989,53.0,98.0,151.0,,259.0,0.58,,,,,0.0,151.0,,,,,,,
rivière du Vieux Fort,Q9,07650000,0.447,0.12,232,1990,176.0,9.0,185.0,,252.0,0.73,,,,,0.0,185.0,,,,,,,
rivière du Vieux Fort,Q9,07650000,0.447,0.12,232,1991,100.0,6.0,106.0,,250.0,0.42,,,,,0.0,106.0,,,,,,,
rivière du Vieux Fort,Q9,07650000,0.447,0.12,232,1992,149.0,1.0,150.0,,268.0,0.56,,,,,0.0,150.0,,,,,,,
rivière du Vieux Fort,Q9,07650000,0.447,0.12,232,1993,142.0,12.0,154.0,,228.0,0.68,,,,,0.0,154.0,,,,,,,
rivière du Vieux Fort,Q9,07650000,0.447,0.12,232,1994,104.0,8.0,112.0,,195.0,0.57,,,,,0.0,112.0,,,,,,,
rivière du Vieux Fort,Q9,07650000,0.447,0.12,232,1995,111.0,8.0,119.0,,198.0,0.6,,,,,0.0,119.0,,,,,,,
rivière du Vieux Fort,Q9,07650000,0.447,0.12,232,1996,146.0,3.0,149.0,120.0,254.0,0.59,1.06,16.0,6.0,15.0,0.0,149.0,923.0,47.0,970.0,777.0,44.0,821.0,2.62
rivière du Vieux Fort,Q9,07650000,0.447,0.12,232,1997,117.0,7.0,124.0,77.0,245.0,0.51,0.82,24.0,18.0,24.0,0.0,124.0,479.0,39.0,518.0,362.0,32.0,394.0,1.06
rivière du Vieux Fort,Q9,07650000,0.447,0.12,232,1998,72.0,2.0,74.0,181.0,228.0,0.32,1.12,10.0,3.0,9.0,0.0,74.0,746.0,77.0,823.0,674.0,75.0,749.0,2.25
rivière du Vieux Fort,Q9,07650000,0.447,0.12,232,1999,81.0,1.0,82.0,109.0,341.0,0.24,0.56,,,,0.0,82.0,,,,,,,
rivière du Vieux Fort,Q9,07650000,0.447,0.12,232,2000,85.0,2.0,87.0,188.0,262.0,0.33,1.05,,,,0.0,87.0,,,,,,,
rivière du Vieux Fort,Q9,07650000,0.447,0.12,232,2001,76.0,4.0,80.0,209.0,255.0,0.31,1.13,,,,1.0,81.0,,,,,,,
rivière du Vieux Fort,Q9,07650000,0.447,0.12,232,2002,65.0,0.0,65.0,308.0,271.0,0.24,1.38,,,,0.0,65.0,,,,,,,
rivière du Vieux Fort,Q9,07650000,0.447,0.12,232,2003,60.0,2.0,62.0,278.0,291.0,0.21,1.17,,,,0.0,62.0,,,,,,,
rivière du Vieux Fort,Q9,07650000,0.447,0.12,232,2004,69.0,10.0,79.0,283.0,323.0,0.24,1.12,,,,0.0,79.0,,,,,,,
rivière du Vieux Fort,Q9,07650000,0.447,0.12,232,2005,46.0,2.0,48.0,183.0,236.0,0.2,0.98,,,,0.0,48.0,,,,,,,
rivière du Vieux Fort,Q9,07650000,0.447,0.12,232,2006,26.0,0.0,26.0,149.0,205.0,0.13,0.85,,,,0.0,26.0,,,,,,,
rivière du Vieux Fort,Q9,07650000,0.447,0.12,232,2007,30.0,1.0,31.0,176.0,175.0,0.18,1.18,,,,0.0,31.0,,,,,,,
rivière du Vieux Fort,Q9,07650000,0.447,0.12,232,2008,52.0,0.0,52.0,420.0,186.0,0.28,2.54,,,,0.0,52.0,,,,,,,
rivière du Vieux Fort,Q9,07650000,0.447,0.12,232,2009,40.0,3.0,43.0,269.0,170.0,0.25,1.84,,,,0.0,43.0,,,,,,,
rivière du Vieux Fort,Q9,07650000,0.447,0.12,232,2010,38.0,8.0,46.0,306.0,226.0,0.2,1.56,2.0,5.0,3.0,0.0,46.0,1610.0,168.0,1778.0,1569.0,163.0,1732.0,5.17
rivière du Vieux Fort,Q9,07650000,0.447,0.12,232,2011,48.0,8.0,56.0,284.0,183.0,0.31,1.86,5.0,7.0,5.0,1.0,57.0,1028.0,117.0,1145.0,979.0,109.0,1088.0,2.85
rivière du Vieux Fort,Q9,07650000,0.447,0.12,232,2012,50.0,1.0,51.0,314.0,148.0,0.34,2.47,5.0,1.0,5.0,0.0,51.0,986.0,68.0,1054.0,935.0,67.0,1002.0,2.31
rivière du Vieux Fort,Q9,07650000,0.447,0.12,233,2013,41.0,4.0,45.0,176.0,150.0,0.3,1.47,11.0,5.0,10.0,0.0,45.0,363.0,80.0,443.0,321.0,77.0,398.0,1.12
rivière du Vieux Fort,Q9,07650000,0.447,0.12,233,2014,52.0,0.0,52.0,350.0,144.0,0.36,2.79,3.0,0.0,2.0,0.0,52.0,2027.0,78.0,2105.0,1975.0,78.0,2053.0,4.53
rivière du Vieux Fort,Q9,07650000,0.447,0.12,233,2015,36.0,3.0,39.0,358.0,153.0,0.25,2.59,3.0,6.0,3.0,25.0,64.0,1075.0,53.0,1128.0,1013.0,51.0,1064.0,2.5
rivière du Vieux Fort,Q9,07650000,0.447,0.12,233,2016,44.0,0.0,44.0,486.0,158.0,0.28,3.35,2.0,0.0,2.0,36.0,80.0,2157.0,139.0,2296.0,2079.0,137.0,2216.0,5.07
rivière du Vieux Fort,Q9,07650000,0.447,0.12,233,2017,44.0,0.0,44.0,326.0,167.0,0.26,2.22,4.0,0.0,3.0,23.0,67.0,1197.0,238.0,1435.0,1132.0,236.0,1368.0,3.62
rivière du Vieux Fort,Q9,07650000,0.447,0.12,233,2018,38.0,0.0,38.0,433.0,165.0,0.23,2.85,5.0,0.0,5.0,30.0,68.0,743.0,20.0,763.0,676.0,19.0,695.0,1.5
rivière du Vieux Fort,Q9,07650000,0.447,0.12,233,2019,26.0,1.0,27.0,351.0,167.0,0.16,2.26,3.0,1.0,2.0,27.0,54.0,1004.0,78.0,1082.0,955.0,73.0,1028.0,2.37
rivière du Vieux Fort,Q9,07650000,0.447,0.12,233,2020,13.0,0.0,13.0,60.0,22.0,0.59,3.32,,,,4.0,17.0,,,,,,,
rivière du Vieux Fort,Q9,07650000,0.447,0.12,233,2021,35.0,1.0,36.0,363.0,127.0,0.28,3.14,,,,25.0,61.0,,,,,,,
rivière du Vieux Fort,Q9,07650000,0.447,0.12,233,2022,34.0,0.0,34.0,420.0,193.0,0.18,2.35,,,,29.0,63.0,,,,,,,
rivière du Vieux Fort,Q9,07650000,0.447,0.12,233,2023,25.0,0.0,25.0,142.0,195.0,0.13,0.86,,,,10.0,35.0,,,,,,,
rivière du Vieux Fort,Q9,07650000,0.447,0.12,233,2024,28.0,0.0,28.0,160.0,159.0,0.18,1.18,,,,11.0,39.0,,,,,,,
rivière du Vieux Fort,Q9,07650000,0.447,0.12,233,2025,27.0,0.0,27.0,304.0,158.0,0.17,2.09,,,,21.0,48.0,,,,,,,
rivière du Vieux Fort,Q9,07650000,0.447,0.12,233,2010,,,,,,,,,,,,,,,,,,,
rivière Saint-Paul,Q9,07660000,7.433,2.269,234,1984,209.0,49.0,258.0,,407.0,0.63,,,,,0.0,258.0,,,,,,,
rivière Saint-Paul,Q9,07660000,7.433,2.269,234,1985,199.0,43.0,242.0,,498.0,0.49,,,,,0.0,242.0,,,,,,,
rivière Saint-Paul,Q9,07660000,7.433,2.269,234,1986,297.0,125.0,422.0,,502.0,0.84,,,,,0.0,422.0,,,,,,,
rivière Saint-Paul,Q9,07660000,7.433,2.269,234,1987,596.0,196.0,792.0,,547.0,1.45,,,,,0.0,792.0,,,,,,,
rivière Saint-Paul,Q9,07660000,7.433,2.269,234,1988,514.0,219.0,733.0,,583.0,1.26,,,,,0.0,733.0,,,,,,,
rivière Saint-Paul,Q9,07660000,7.433,2.269,234,1989,326.0,151.0,477.0,,655.0,0.73,,,,,0.0,477.0,,,,,,,
rivière Saint-Paul,Q9,07660000,7.433,2.269,234,1990,334.0,41.0,375.0,,574.0,0.65,,,,,0.0,375.0,,,,,,,
rivière Saint-Paul,Q9,07660000,7.433,2.269,234,1991,350.0,18.0,368.0,,566.0,0.65,,,,,0.0,368.0,,,,,,,
rivière Saint-Paul,Q9,07660000,7.433,2.269,234,1992,474.0,52.0,526.0,,577.0,0.91,,,,,0.0,526.0,,,,,,,
rivière Saint-Paul,Q9,07660000,7.433,2.269,234,1993,401.0,86.0,487.0,,642.0,0.76,,,,,0.0,487.0,,,,,,,
rivière Saint-Paul,Q9,07660000,7.433,2.269,234,1994,302.0,57.0,359.0,,625.0,0.57,,,,,0.0,359.0,,,,,,,
rivière Saint-Paul,Q9,07660000,7.433,2.269,234,1995,292.0,29.0,321.0,,614.0,0.52,,,,,0.0,321.0,,,,,,,
rivière Saint-Paul,Q9,07660000,7.433,2.269,234,1996,319.0,67.0,386.0,365.0,1225.0,0.32,0.61,,,,0.0,386.0,,,,,,,
rivière Saint-Paul,Q9,07660000,7.433,2.269,234,1997,282.0,85.0,367.0,299.0,869.0,0.42,0.77,,,,0.0,367.0,,,,,,,
rivière Saint-Paul,Q9,07660000,7.433,2.269,234,1998,200.0,35.0,235.0,691.0,863.0,0.27,1.07,,,,0.0,235.0,,,,,,,
rivière Saint-Paul,Q9,07660000,7.433,2.269,234,1999,118.0,15.0,133.0,696.0,793.0,0.17,1.05,,,,0.0,133.0,,,,,,,
rivière Saint-Paul,Q9,07660000,7.433,2.269,234,2000,219.0,94.0,313.0,529.0,773.0,0.4,1.09,,,,0.0,313.0,,,,,,,
rivière Saint-Paul,Q9,07660000,7.433,2.269,234,2001,176.0,59.0,235.0,555.0,921.0,0.26,0.86,,,,0.0,235.0,,,,,,,
rivière Saint-Paul,Q9,07660000,7.433,2.269,234,2002,199.0,24.0,223.0,563.0,781.0,0.29,1.01,,,,0.0,223.0,,,,,,,
rivière Saint-Paul,Q9,07660000,7.433,2.269,234,2003,194.0,25.0,219.0,1138.0,758.0,0.29,1.79,,,,0.0,219.0,,,,,,,
rivière Saint-Paul,Q9,07660000,7.433,2.269,234,2004,192.0,26.0,218.0,1270.0,871.0,0.25,1.71,,,,0.0,218.0,,,,,,,
rivière Saint-Paul,Q9,07660000,7.433,2.269,234,2005,84.0,9.0,93.0,890.0,623.0,0.15,1.58,,,,0.0,93.0,,,,,,,
rivière Saint-Paul,Q9,07660000,7.433,2.269,234,2006,51.0,8.0,59.0,1071.0,712.0,0.08,1.59,,,,0.0,59.0,,,,,,,
rivière Saint-Paul,Q9,07660000,7.433,2.269,234,2007,52.0,29.0,81.0,1064.0,657.0,0.12,1.74,,,,0.0,81.0,,,,,,,
rivière Saint-Paul,Q9,07660000,7.433,2.269,234,2008,91.0,33.0,124.0,1366.0,687.0,0.18,2.17,,,,0.0,124.0,,,,,,,
rivière Saint-Paul,Q9,07660000,7.433,2.269,234,2009,61.0,25.0,86.0,953.0,591.0,0.15,1.76,,,,0.0,86.0,,,,,,,
rivière Saint-Paul,Q9,07660000,7.433,2.269,234,2010,127.0,60.0,187.0,1400.0,705.0,0.27,2.25,,,,0.0,187.0,,,,,,,
rivière Saint-Paul,Q9,07660000,7.433,2.269,234,2011,104.0,45.0,149.0,1496.0,711.0,0.21,2.31,,,,0.0,149.0,,,,,,,
rivière Saint-Paul,Q9,07660000,7.433,2.269,234,2012,35.0,6.0,41.0,829.0,693.0,0.06,1.26,,,,0.0,41.0,,,,,,,
rivière Saint-Paul,Q9,07660000,7.433,2.269,235,2013,73.0,28.0,101.0,901.0,682.0,0.15,1.47,,,,0.0,101.0,,,,,,,
rivière Saint-Paul,Q9,07660000,7.433,2.269,235,2014,99.0,24.0,123.0,776.0,638.0,0.19,1.41,,,,0.0,123.0,,,,,,,
rivière Saint-Paul,Q9,07660000,7.433,2.269,235,2015,97.0,22.0,119.0,1173.0,661.0,0.18,1.95,,,,82.0,201.0,,,,,,,
rivière Saint-Paul,Q9,07660000,7.433,2.269,235,2016,157.0,0.0,157.0,1316.0,635.0,0.25,2.32,,,,92.0,249.0,,,,,,,
rivière Saint-Paul,Q9,07660000,7.433,2.269,235,2017,128.0,0.0,128.0,872.0,603.0,0.21,1.66,,,,61.0,189.0,,,,,,,
rivière Saint-Paul,Q9,07660000,7.433,2.269,235,2018,90.0,0.0,90.0,903.0,684.0,0.13,1.45,,,,63.0,153.0,,,,,,,
rivière Saint-Paul,Q9,07660000,7.433,2.269,235,2019,66.0,0.0,66.0,676.0,609.0,0.11,1.22,,,,47.0,113.0,,,,,,,
rivière Saint-Paul,Q9,07660000,7.433,2.269,235,2020,73.0,0.0,73.0,24.0,154.0,0.47,0.63,,,,2.0,75.0,,,,,,,
rivière Saint-Paul,Q9,07660000,7.433,2.269,235,2021,61.0,0.0,61.0,235.0,278.0,0.22,1.06,,,,16.0,77.0,,,,,,,
rivière Saint-Paul,Q9,07660000,7.433,2.269,235,2022,36.0,0.0,36.0,607.0,474.0,0.08,1.36,,,,42.0,78.0,,,,,,,
rivière Saint-Paul,Q9,07660000,7.433,2.269,235,2023,4.0,0.0,4.0,223.0,351.0,0.01,0.65,,,,16.0,20.0,,,,,,,
rivière Saint-Paul,Q9,07660000,7.433,2.269,235,2024,11.0,0.0,11.0,218.0,401.0,0.03,0.57,,,,15.0,26.0,,,,,,,
rivière Saint-Paul,Q9,07660000,7.433,2.269,235,2025,33.0,0.0,33.0,587.0,333.0,0.1,1.86,,,,41.0,74.0,,,,,,,
ruisseau des Belles Amours,Q9,07670000,0.017,0.002,236,1984,,,,,,,,,,,,,,,,,,,
ruisseau des Belles Amours,Q9,07670000,0.017,0.002,236,1985,,,,,,,,,,,,,,,,,,,
ruisseau des Belles Amours,Q9,07670000,0.017,0.002,236,1986,,,,,,,,,,,,,,,,,,,
ruisseau des Belles Amours,Q9,07670000,0.017,0.002,236,1987,,,,,,,,,,,,,,,,,,,
ruisseau des Belles Amours,Q9,07670000,0.017,0.002,236,1988,,,,,,,,,,,,,,,,,,,
ruisseau des Belles Amours,Q9,07670000,0.017,0.002,236,1989,1.0,0.0,1.0,,2.0,0.5,,,,,0.0,1.0,,,,,,,
ruisseau des Belles Amours,Q9,07670000,0.017,0.002,236,1990,4.0,0.0,4.0,,8.0,0.5,,,,,0.0,4.0,,,,,,,
ruisseau des Belles Amours,Q9,07670000,0.017,0.002,236,1991,1.0,0.0,1.0,,2.0,0.5,,,,,0.0,1.0,,,,,,,
ruisseau des Belles Amours,Q9,07670000,0.017,0.002,236,1992,2.0,0.0,2.0,,3.0,0.67,,,,,0.0,2.0,,,,,,,
ruisseau des Belles Amours,Q9,07670000,0.017,0.002,236,1993,8.0,1.0,9.0,,5.0,1.8,,,,,0.0,9.0,,,,,,,
ruisseau des Belles Amours,Q9,07670000,0.017,0.002,236,1994,1.0,0.0,1.0,,2.0,0.5,,,,,0.0,1.0,,,,,,,
ruisseau des Belles Amours,Q9,07670000,0.017,0.002,236,1995,3.0,0.0,3.0,,6.0,0.5,,,,,0.0,3.0,,,,,,,
ruisseau des Belles Amours,Q9,07670000,0.017,0.002,236,1996,0.0,0.0,0.0,,,,,,,,0.0,0.0,,,,,,,
ruisseau des Belles Amours,Q9,07670000,0.017,0.002,236,1997,0.0,0.0,0.0,,,,,,,,0.0,0.0,,,,,,,
ruisseau des Belles Amours,Q9,07670000,0.017,0.002,236,1998,4.0,2.0,6.0,,11.0,0.55,,,,,0.0,6.0,,,,,,,
ruisseau des Belles Amours,Q9,07670000,0.017,0.002,236,1999,1.0,0.0,1.0,,3.0,0.33,,,,,0.0,1.0,,,,,,,
ruisseau des Belles Amours,Q9,07670000,0.017,0.002,236,2000,21.0,2.0,23.0,,45.0,0.51,,,,,0.0,23.0,,,,,,,
ruisseau des Belles Amours,Q9,07670000,0.017,0.002,236,2001,1.0,0.0,1.0,,2.0,0.5,,,,,0.0,1.0,,,,,,,
ruisseau des Belles Amours,Q9,07670000,0.017,0.002,236,2002,0.0,0.0,0.0,,,,,,,,0.0,0.0,,,,,,,
ruisseau des Belles Amours,Q9,07670000,0.017,0.002,236,2003,2.0,1.0,3.0,,6.0,0.5,,,,,0.0,3.0,,,,,,,
ruisseau des Belles Amours,Q9,07670000,0.017,0.002,236,2004,3.0,1.0,4.0,,9.0,0.44,,,,,0.0,4.0,,,,,,,
ruisseau des Belles Amours,Q9,07670000,0.017,0.002,236,2005,0.0,0.0,0.0,,,,,,,,0.0,0.0,,,,,,,
ruisseau des Belles Amours,Q9,07670000,0.017,0.002,236,2006,0.0,0.0,0.0,,,,,,,,0.0,0.0,,,,,,,
ruisseau des Belles Amours,Q9,07670000,0.017,0.002,236,2007,11.0,0.0,11.0,,30.0,0.37,,,,,0.0,11.0,,,,,,,
ruisseau des Belles Amours,Q9,07670000,0.017,0.002,236,2008,8.0,0.0,8.0,,19.0,0.42,,,,,0.0,8.0,,,,,,,
ruisseau des Belles Amours,Q9,07670000,0.017,0.002,236,2009,1.0,0.0,1.0,,3.0,0.33,,,,,0.0,1.0,,,,,,,
ruisseau des Belles Amours,Q9,07670000,0.017,0.002,236,2010,4.0,1.0,5.0,,14.0,0.36,,,,,0.0,5.0,,,,,,,
ruisseau des Belles Amours,Q9,07670000,0.017,0.002,236,2011,10.0,2.0,12.0,,33.0,0.36,,,,,0.0,12.0,,,,,,,
ruisseau des Belles Amours,Q9,07670000,0.017,0.002,236,2012,13.0,1.0,14.0,,40.0,0.35,,,,,0.0,14.0,,,,,,,
ruisseau des Belles Amours,Q9,07670000,0.017,0.002,237,2013,2.0,0.0,2.0,,8.0,0.25,,,,,0.0,2.0,,,,,,,
ruisseau des Belles Amours,Q9,07670000,0.017,0.002,237,2014,10.0,0.0,10.0,,25.0,0.4,,,,,0.0,10.0,,,,,,,
ruisseau des Belles Amours,Q9,07670000,0.017,0.002,237,2015,18.0,0.0,18.0,,38.0,0.47,,,,,0.0,18.0,,,,,,,
ruisseau des Belles Amours,Q9,07670000,0.017,0.002,237,2016,18.0,0.0,18.0,,41.0,0.44,,,,,0.0,18.0,,,,,,,
ruisseau des Belles Amours,Q9,07670000,0.017,0.002,237,2017,9.0,0.0,9.0,,20.0,0.45,,,,,0.0,9.0,,,,,,,
ruisseau des Belles Amours,Q9,07670000,0.017,0.002,237,2018,12.0,0.0,12.0,,33.0,0.36,,,,,0.0,12.0,,,,,,,
ruisseau des Belles Amours,Q9,07670000,0.017,0.002,237,2019,4.0,0.0,4.0,,3.0,1.33,,,,,0.0,4.0,,,,,,,
ruisseau des Belles Amours,Q9,07670000,0.017,0.002,237,2020,6.0,0.0,6.0,,12.0,0.5,,,,,0.0,6.0,,,,,,,
ruisseau des Belles Amours,Q9,07670000,0.017,0.002,237,2021,3.0,0.0,3.0,,10.0,0.3,,,,,0.0,3.0,,,,,,,
ruisseau des Belles Amours,Q9,07670000,0.017,0.002,237,2022,1.0,0.0,1.0,,4.0,0.25,,,,,0.0,1.0,,,,,,,
ruisseau des Belles Amours,Q9,07670000,0.017,0.002,237,2023,1.0,0.0,1.0,,7.0,0.14,,,,,0.0,1.0,,,,,,,
ruisseau des Belles Amours,Q9,07670000,0.017,0.002,237,2024,0.0,0.0,0.0,,,,,,,,0.0,0.0,,,,,,,
ruisseau des Belles Amours,Q9,07670000,0.017,0.002,237,2025,5.0,0.0,5.0,,35.0,0.14,,,,,0.0,5.0,,,,,,,
rivière Brador Est,Q9,07680000,0.159,0.035,238,1984,,,,,,,,,,,,,,,,,,,
rivière Brador Est,Q9,07680000,0.159,0.035,238,1985,,,,,,,,,,,,,,,,,,,
rivière Brador Est,Q9,07680000,0.159,0.035,238,1986,,,,,,,,,,,,,,,,,,,
rivière Brador Est,Q9,07680000,0.159,0.035,238,1987,,,,,,,,,,,,,,,,,,,
rivière Brador Est,Q9,07680000,0.159,0.035,238,1988,,,,,,,,,,,,,,,,,,,
rivière Brador Est,Q9,07680000,0.159,0.035,238,1989,7.0,0.0,7.0,,16.0,0.44,,,,,0.0,7.0,,,,,,,
rivière Brador Est,Q9,07680000,0.159,0.035,238,1990,13.0,0.0,13.0,,26.0,0.5,,17.0,0.0,16.0,2.0,15.0,75.0,6.0,81.0,58.0,64.0,122.0,
rivière Brador Est,Q9,07680000,0.159,0.035,238,1991,5.0,0.0,5.0,,10.0,0.5,,7.0,0.0,6.0,0.0,5.0,75.0,11.0,86.0,70.0,11.0,81.0,0.06
rivière Brador Est,Q9,07680000,0.159,0.035,238,1992,4.0,0.0,4.0,,13.0,0.31,,,,,0.0,4.0,,,,,,,
rivière Brador Est,Q9,07680000,0.159,0.035,238,1993,25.0,2.0,27.0,,33.0,0.82,,,,,0.0,27.0,,,,,,,
rivière Brador Est,Q9,07680000,0.159,0.035,238,1994,5.0,0.0,5.0,,9.0,0.56,,,,,0.0,5.0,,,,,,,
rivière Brador Est,Q9,07680000,0.159,0.035,238,1995,17.0,0.0,17.0,,30.0,0.57,,,,,0.0,17.0,,,,,,,
rivière Brador Est,Q9,07680000,0.159,0.035,238,1996,3.0,0.0,3.0,,5.0,0.6,,,,,0.0,3.0,,,,,,,
rivière Brador Est,Q9,07680000,0.159,0.035,238,1997,6.0,0.0,6.0,,11.0,0.55,,,,,0.0,6.0,,,,,,,
rivière Brador Est,Q9,07680000,0.159,0.035,238,1998,8.0,1.0,9.0,,16.0,0.56,,,,,0.0,9.0,,,,,,,
rivière Brador Est,Q9,07680000,0.159,0.035,238,1999,15.0,7.0,22.0,,65.0,0.34,,,,,0.0,22.0,,,,,,,
rivière Brador Est,Q9,07680000,0.159,0.035,238,2000,11.0,0.0,11.0,,21.0,0.52,,,,,0.0,11.0,,,,,,,
rivière Brador Est,Q9,07680000,0.159,0.035,238,2001,24.0,1.0,25.0,,57.0,0.44,,,,,0.0,25.0,,,,,,,
rivière Brador Est,Q9,07680000,0.159,0.035,238,2002,13.0,1.0,14.0,,32.0,0.44,,,,,0.0,14.0,,,,,,,
rivière Brador Est,Q9,07680000,0.159,0.035,238,2003,30.0,0.0,30.0,,65.0,0.46,,,,,0.0,30.0,,,,,,,
rivière Brador Est,Q9,07680000,0.159,0.035,238,2004,3.0,3.0,6.0,,14.0,0.43,,,,,0.0,6.0,,,,,,,
rivière Brador Est,Q9,07680000,0.159,0.035,238,2005,7.0,2.0,9.0,,21.0,0.43,,,,,0.0,9.0,,,,,,,
rivière Brador Est,Q9,07680000,0.159,0.035,238,2006,3.0,0.0,3.0,,9.0,0.33,,,,,0.0,3.0,,,,,,,
rivière Brador Est,Q9,07680000,0.159,0.035,238,2007,5.0,0.0,5.0,,14.0,0.36,,,,,0.0,5.0,,,,,,,
rivière Brador Est,Q9,07680000,0.159,0.035,238,2008,53.0,3.0,56.0,,133.0,0.42,,,,,0.0,56.0,,,,,,,
rivière Brador Est,Q9,07680000,0.159,0.035,238,2009,14.0,1.0,15.0,,40.0,0.38,,,,,0.0,15.0,,,,,,,
rivière Brador Est,Q9,07680000,0.159,0.035,238,2010,9.0,5.0,14.0,,40.0,0.35,,,,,0.0,14.0,,,,,,,
rivière Brador Est,Q9,07680000,0.159,0.035,238,2011,26.0,1.0,27.0,,75.0,0.36,,,,,0.0,27.0,,,,,,,
rivière Brador Est,Q9,07680000,0.159,0.035,238,2012,20.0,2.0,22.0,,63.0,0.35,,,,,0.0,22.0,,,,,,,
rivière Brador Est,Q9,07680000,0.159,0.035,239,2013,29.0,6.0,35.0,,140.0,0.25,,,,,0.0,35.0,,,,,,,
rivière Brador Est,Q9,07680000,0.159,0.035,239,2014,30.0,0.0,30.0,,75.0,0.4,,,,,0.0,30.0,,,,,,,
rivière Brador Est,Q9,07680000,0.159,0.035,239,2015,33.0,2.0,35.0,,74.0,0.47,,,,,0.0,35.0,,,,,,,
rivière Brador Est,Q9,07680000,0.159,0.035,239,2016,29.0,0.0,29.0,,66.0,0.44,,,,,0.0,29.0,,,,,,,
rivière Brador Est,Q9,07680000,0.159,0.035,239,2017,19.0,0.0,19.0,,43.0,0.44,,,,,0.0,19.0,,,,,,,
rivière Brador Est,Q9,07680000,0.159,0.035,239,2018,11.0,0.0,11.0,,30.0,0.37,,,,,0.0,11.0,,,,,,,
rivière Brador Est,Q9,07680000,0.159,0.035,239,2019,4.0,0.0,4.0,,3.0,1.33,,,,,0.0,4.0,,,,,,,
rivière Brador Est,Q9,07680000,0.159,0.035,239,2020,9.0,0.0,9.0,,18.0,0.5,,,,,0.0,9.0,,,,,,,
rivière Brador Est,Q9,07680000,0.159,0.035,239,2021,4.0,0.0,4.0,,13.0,0.31,,,,,0.0,4.0,,,,,,,
rivière Brador Est,Q9,07680000,0.159,0.035,239,2022,4.0,0.0,4.0,,17.0,0.24,,,,,3.0,7.0,,,,,,,
rivière Brador Est,Q9,07680000,0.159,0.035,239,2023,0.0,0.0,0.0,,,,,,,,0.0,0.0,,,,,,,
rivière Brador Est,Q9,07680000,0.159,0.035,239,2024,0.0,0.0,0.0,,,,,,,,0.0,0.0,,,,,,,
rivière Brador Est,Q9,07680000,0.159,0.035,239,2025,7.0,0.0,7.0,,49.0,0.14,,,,,0.0,7.0,,,,,,,
ruisseau au Saumon,Q9,07C30000,0.251,0.06,240,1984,,,,,,,,,,,,,,,,,,,
ruisseau au Saumon,Q9,07C30000,0.251,0.06,240,1985,,,,,,,,,,,,,,,,,,,
ruisseau au Saumon,Q9,07C30000,0.251,0.06,240,1986,,,,,,,,,,,,,,,,,,,
ruisseau au Saumon,Q9,07C30000,0.251,0.06,240,1987,,,,,,,,,,,,,,,,,,,
ruisseau au Saumon,Q9,07C30000,0.251,0.06,240,1988,,,,,,,,,,,,,,,,,,,
ruisseau au Saumon,Q9,07C30000,0.251,0.06,240,1989,14.0,4.0,18.0,,41.0,0.44,,,,,0.0,18.0,,,,,,,
ruisseau au Saumon,Q9,07C30000,0.251,0.06,240,1990,30.0,0.0,30.0,,60.0,0.5,,,,,0.0,30.0,,,,,,,
ruisseau au Saumon,Q9,07C30000,0.251,0.06,240,1991,4.0,0.0,4.0,,8.0,0.5,,,,,0.0,4.0,,,,,,,
ruisseau au Saumon,Q9,07C30000,0.251,0.06,240,1992,12.0,0.0,12.0,,18.0,0.67,,,,,0.0,12.0,,,,,,,
ruisseau au Saumon,Q9,07C30000,0.251,0.06,240,1993,7.0,0.0,7.0,,8.0,0.88,,,,,0.0,7.0,,,,,,,
ruisseau au Saumon,Q9,07C30000,0.251,0.06,240,1994,4.0,0.0,4.0,,7.0,0.57,,,,,0.0,4.0,,,,,,,
ruisseau au Saumon,Q9,07C30000,0.251,0.06,240,1995,10.0,1.0,11.0,,19.0,0.58,,,,,0.0,11.0,,,,,,,
ruisseau au Saumon,Q9,07C30000,0.251,0.06,240,1996,12.0,3.0,15.0,,42.0,0.36,,,,,0.0,15.0,,,,,,,
ruisseau au Saumon,Q9,07C30000,0.251,0.06,240,1997,2.0,1.0,3.0,,7.0,0.43,,,,,0.0,3.0,,,,,,,
ruisseau au Saumon,Q9,07C30000,0.251,0.06,240,1998,15.0,1.0,16.0,,29.0,0.55,,,,,0.0,16.0,,,,,,,
ruisseau au Saumon,Q9,07C30000,0.251,0.06,240,1999,11.0,1.0,12.0,,35.0,0.34,,,,,0.0,12.0,,,,,,,
ruisseau au Saumon,Q9,07C30000,0.251,0.06,240,2000,14.0,1.0,15.0,,29.0,0.52,,,,,0.0,15.0,,,,,,,
ruisseau au Saumon,Q9,07C30000,0.251,0.06,240,2001,5.0,1.0,6.0,,18.0,0.33,,,,,2.0,8.0,,,,,,,
ruisseau au Saumon,Q9,07C30000,0.251,0.06,240,2002,11.0,1.0,12.0,,28.0,0.43,,,,,0.0,12.0,,,,,,,
ruisseau au Saumon,Q9,07C30000,0.251,0.06,240,2003,10.0,2.0,12.0,,26.0,0.46,,,,,0.0,12.0,,,,,,,
ruisseau au Saumon,Q9,07C30000,0.251,0.06,240,2004,10.0,2.0,12.0,,27.0,0.44,,,,,0.0,12.0,,,,,,,
ruisseau au Saumon,Q9,07C30000,0.251,0.06,240,2005,14.0,2.0,16.0,,38.0,0.42,,,,,0.0,16.0,,,,,,,
ruisseau au Saumon,Q9,07C30000,0.251,0.06,240,2006,1.0,0.0,1.0,,3.0,0.33,,,,,0.0,1.0,,,,,,,
ruisseau au Saumon,Q9,07C30000,0.251,0.06,240,2007,1.0,0.0,1.0,,3.0,0.33,,,,,0.0,1.0,,,,,,,
ruisseau au Saumon,Q9,07C30000,0.251,0.06,240,2008,4.0,3.0,7.0,,17.0,0.41,,,,,0.0,7.0,,,,,,,
ruisseau au Saumon,Q9,07C30000,0.251,0.06,240,2009,3.0,0.0,3.0,,8.0,0.38,,,,,0.0,3.0,,,,,,,
ruisseau au Saumon,Q9,07C30000,0.251,0.06,240,2010,4.0,2.0,6.0,,17.0,0.35,,,,,0.0,6.0,,,,,,,
ruisseau au Saumon,Q9,07C30000,0.251,0.06,240,2011,14.0,1.0,15.0,,42.0,0.36,,,,,0.0,15.0,,,,,,,
ruisseau au Saumon,Q9,07C30000,0.251,0.06,240,2012,11.0,2.0,13.0,,37.0,0.35,,,,,0.0,13.0,,,,,,,
ruisseau au Saumon,Q9,07C30000,0.251,0.06,241,2013,4.0,0.0,4.0,,16.0,0.25,,,,,0.0,4.0,,,,,,,
ruisseau au Saumon,Q9,07C30000,0.251,0.06,241,2014,3.0,0.0,3.0,,8.0,0.38,,,,,0.0,3.0,,,,,,,
ruisseau au Saumon,Q9,07C30000,0.251,0.06,241,2015,21.0,1.0,22.0,,47.0,0.47,,,,,0.0,22.0,,,,,,,
ruisseau au Saumon,Q9,07C30000,0.251,0.06,241,2016,42.0,0.0,42.0,,95.0,0.44,,,,,0.0,42.0,,,,,,,
ruisseau au Saumon,Q9,07C30000,0.251,0.06,241,2017,43.0,0.0,43.0,,98.0,0.44,,,,,0.0,43.0,,,,,,,
ruisseau au Saumon,Q9,07C30000,0.251,0.06,241,2018,34.0,0.0,34.0,2.0,,,,,,,0.0,34.0,,,,,,,
ruisseau au Saumon,Q9,07C30000,0.251,0.06,241,2019,7.0,0.0,7.0,,6.0,1.17,,,,,0.0,7.0,,,,,,,
ruisseau au Saumon,Q9,07C30000,0.251,0.06,241,2020,16.0,0.0,16.0,,32.0,0.5,,,,,0.0,16.0,,,,,,,
ruisseau au Saumon,Q9,07C30000,0.251,0.06,241,2021,5.0,0.0,5.0,,17.0,0.29,,,,,0.0,5.0,,,,,,,
ruisseau au Saumon,Q9,07C30000,0.251,0.06,241,2022,3.0,0.0,3.0,,13.0,0.23,,,,,0.0,3.0,,,,,,,
ruisseau au Saumon,Q9,07C30000,0.251,0.06,241,2023,1.0,0.0,1.0,,7.0,0.14,,,,,0.0,1.0,,,,,,,
ruisseau au Saumon,Q9,07C30000,0.251,0.06,241,2024,1.0,0.0,1.0,,6.0,0.17,,,,,0.0,1.0,,,,,,,
ruisseau au Saumon,Q9,07C30000,0.251,0.06,241,2025,1.0,0.0,1.0,,7.0,0.14,,,,,0.0,1.0,,,,,,,
Petite rivière de la Loutre,Q10,13060000,0.381,0.099,243,1984,0.0,0.0,0.0,,0.0,,,0.0,0.0,0.0,0.0,0.0,15.0,107.0,122.0,15.0,107.0,122.0,0.42
Petite rivière de la Loutre,Q10,13060000,0.381,0.099,243,1985,0.0,0.0,0.0,,0.0,,,,,,0.0,0.0,,,,,,,
Petite rivière de la Loutre,Q10,13060000,0.381,0.099,243,1986,0.0,0.0,0.0,,0.0,,,0.0,0.0,0.0,0.0,0.0,86.0,219.0,305.0,86.0,219.0,305.0,0.88
Petite rivière de la Loutre,Q10,13060000,0.381,0.099,243,1987,0.0,0.0,0.0,,0.0,,,,,,0.0,0.0,,,,,,,
Petite rivière de la Loutre,Q10,13060000,0.381,0.099,243,1988,0.0,0.0,0.0,,0.0,,,,,,0.0,0.0,,,,,,,
Petite rivière de la Loutre,Q10,13060000,0.381,0.099,243,1989,0.0,0.0,0.0,,0.0,,,,,,0.0,0.0,,,,,,,
Petite rivière de la Loutre,Q10,13060000,0.381,0.099,243,1990,0.0,0.0,0.0,,0.0,,,,,,0.0,0.0,,,,,,,
Petite rivière de la Loutre,Q10,13060000,0.381,0.099,243,1991,0.0,0.0,0.0,,0.0,,,,,,0.0,0.0,,,,,,,
Petite rivière de la Loutre,Q10,13060000,0.381,0.099,243,1992,0.0,0.0,0.0,,0.0,,,,,,0.0,0.0,,,,,,,
Petite rivière de la Loutre,Q10,13060000,0.381,0.099,243,1993,0.0,0.0,0.0,,0.0,,,,,,0.0,0.0,,,,,,,
Petite rivière de la Loutre,Q10,13060000,0.381,0.099,243,1994,0.0,0.0,0.0,,0.0,,,,,,0.0,0.0,,,,,,,
Petite rivière de la Loutre,Q10,13060000,0.381,0.099,243,1995,0.0,0.0,0.0,,0.0,,,,,,0.0,0.0,,,,,,,
Petite rivière de la Loutre,Q10,13060000,0.381,0.099,243,1996,4.0,4.0,8.0,,4.0,2.0,,,,,0.0,8.0,,,,,,,
Petite rivière de la Loutre,Q10,13060000,0.381,0.099,243,1997,0.0,0.0,0.0,,0.0,,,,,,0.0,0.0,,,,,,,
Petite rivière de la Loutre,Q10,13060000,0.381,0.099,243,1998,0.0,0.0,0.0,,0.0,,,,,,0.0,0.0,,,,,,,
Petite rivière de la Loutre,Q10,13060000,0.381,0.099,243,1999,0.0,0.0,0.0,,0.0,,,,,,0.0,0.0,,,,,,,
Petite rivière de la Loutre,Q10,13060000,0.381,0.099,243,2000,0.0,0.0,0.0,,0.0,,,,,,0.0,0.0,,,,,,,
Petite rivière de la Loutre,Q10,13060000,0.381,0.099,243,2001,0.0,0.0,0.0,,0.0,,,,,,0.0,0.0,,,,,,,
Petite rivière de la Loutre,Q10,13060000,0.381,0.099,243,2002,,,,,,,,,,,,,,,,,,,
Petite rivière de la Loutre,Q10,13060000,0.381,0.099,243,2003,,,,,,,,,,,,,,,,,,,
Petite rivière de la Loutre,Q10,13060000,0.381,0.099,243,2004,,,,,,,,,,,,,,,,,,,
Petite rivière de la Loutre,Q10,13060000,0.381,0.099,243,2005,,,,,,,,,,,,,,,,,,,
Petite rivière de la Loutre,Q10,13060000,0.381,0.099,243,2006,,,,,,,,,,,,,,,,,,,
Petite rivière de la Loutre,Q10,13060000,0.381,0.099,243,2007,,,,,,,,,,,,,,,,,,,
Petite rivière de la Loutre,Q10,13060000,0.381,0.099,243,2008,,,,,,,,,,,,,,,,,,,
Petite rivière de la Loutre,Q10,13060000,0.381,0.099,243,2009,,,,,,,,,,,,,,,,,,,
Petite rivière de la Loutre,Q10,13060000,0.381,0.099,243,2010,,,,,,,,,,,,,,,,,,,
Petite rivière de la Loutre,Q10,13060000,0.381,0.099,243,2011,,,,,,,,,,,,,,,,,,,
Petite rivière de la Loutre,Q10,13060000,0.381,0.099,243,2012,,,,,,,,,,,,,,,,,,,
Petite rivière de la Loutre,Q10,13060000,0.381,0.099,244,2013,,,,,,,,,,,,,,,,,,,
Petite rivière de la Loutre,Q10,13060000,0.381,0.099,244,2014,,,,,,,,,,,,,,,,,,,
Petite rivière de la Loutre,Q10,13060000,0.381,0.099,244,2015,,,,,,,,,,,,,,,,,,,
Petite rivière de la Loutre,Q10,13060000,0.381,0.099,244,2016,,,,,,,,,,,,,,,,,,,
Petite rivière de la Loutre,Q10,13060000,0.381,0.099,244,2017,,,,,,,,,,,,,,,,,,,
Petite rivière de la Loutre,Q10,13060000,0.381,0.099,244,2018,,,,,,,,,,,,,,,,,,,
Petite rivière de la Loutre,Q10,13060000,0.381,0.099,244,2019,,,,,,,,,,,,,,,,,,,
Petite rivière de la Loutre,Q10,13060000,0.381,0.099,244,2020,,,,,,,,,,,,,,,,,,,
Petite rivière de la Loutre,Q10,13060000,0.381,0.099,244,2021,,,,,,,,,,,,,,,,,,,
Petite rivière de la Loutre,Q10,13060000,0.381,0.099,244,2022,,,,,,,,,,,,,,,,,,,
Petite rivière de la Loutre,Q10,13060000,0.381,0.099,244,2023,,,,,,,,,,,,,,,,,,,
Petite rivière de la Loutre,Q10,13060000,0.381,0.099,244,2024,,,,,,,,,,,,,,,,,,,
Petite rivière de la Loutre,Q10,13060000,0.381,0.099,244,2025,,,,,,,,,,,,,,,,,,,
rivière Bell,Q10,13100000,0.342,0.086,245,1984,0.0,0.0,0.0,,0.0,,,,,,0.0,0.0,,,,,,,
rivière Bell,Q10,13100000,0.342,0.086,245,1985,26.0,64.0,90.0,,167.0,0.54,,19.0,20.0,20.0,0.0,90.0,135.0,321.0,456.0,109.0,257.0,366.0,1.12
rivière Bell,Q10,13100000,0.342,0.086,245,1986,50.0,113.0,163.0,,158.0,1.03,,38.0,19.0,23.0,0.0,163.0,131.0,583.0,714.0,81.0,470.0,551.0,1.98
rivière Bell,Q10,13100000,0.342,0.086,245,1987,11.0,32.0,43.0,,67.0,0.64,,26.0,17.0,19.0,0.0,43.0,42.0,184.0,226.0,31.0,152.0,183.0,0.64
rivière Bell,Q10,13100000,0.342,0.086,245,1988,0.0,0.0,0.0,,0.0,,,0.0,0.0,0.0,0.0,0.0,29.0,27.0,56.0,29.0,27.0,56.0,0.13
rivière Bell,Q10,13100000,0.342,0.086,245,1989,4.0,14.0,18.0,,22.0,0.82,,,100100100.0,,0.0,18.0,4.0,14.0,18.0,,,,
rivière Bell,Q10,13100000,0.342,0.086,245,1990,3.0,9.0,12.0,,18.0,0.67,,,,,0.0,12.0,,,,,,,
rivière Bell,Q10,13100000,0.342,0.086,245,1991,1.0,5.0,6.0,,3.0,2.0,,5.0,14.0,11.0,0.0,6.0,20.0,36.0,56.0,19.0,31.0,50.0,0.14
rivière Bell,Q10,13100000,0.342,0.086,245,1992,0.0,0.0,0.0,,2.0,0.0,,0.0,0.0,0.0,0.0,0.0,18.0,26.0,44.0,18.0,26.0,44.0,0.12
rivière Bell,Q10,13100000,0.342,0.086,245,1993,3.0,0.0,3.0,,9.0,0.33,,,,,0.0,3.0,,,,,,,
rivière Bell,Q10,13100000,0.342,0.086,245,1994,0.0,0.0,0.0,,0.0,,,,,,0.0,0.0,,,,,,,
rivière Bell,Q10,13100000,0.342,0.086,245,1995,4.0,4.0,8.0,,39.0,0.21,,,,,0.0,8.0,,,,,,,
rivière Bell,Q10,13100000,0.342,0.086,245,1996,7.0,13.0,20.0,,17.0,1.18,,39.0,48.0,44.0,0.0,20.0,18.0,27.0,45.0,11.0,14.0,25.0,0.06
rivière Bell,Q10,13100000,0.342,0.086,245,1997,0.0,0.0,0.0,,0.0,,,,,,0.0,0.0,,,,,,,
rivière Bell,Q10,13100000,0.342,0.086,245,1998,0.0,0.0,0.0,,2.0,0.0,,,,,0.0,0.0,,,,,,,
rivière Bell,Q10,13100000,0.342,0.086,245,1999,0.0,0.0,0.0,,0.0,,,,,,0.0,0.0,,,,,,,
rivière Bell,Q10,13100000,0.342,0.086,245,2000,0.0,0.0,0.0,,8.0,0.0,,,,,0.0,0.0,,,,,,,
rivière Bell,Q10,13100000,0.342,0.086,245,2001,0.0,0.0,0.0,,0.0,,,,,,0.0,0.0,,,,,,,
rivière Bell,Q10,13100000,0.342,0.086,245,2002,,,,,,,,,,,,,,,,,,,
rivière Bell,Q10,13100000,0.342,0.086,245,2003,,,,,,,,,,,,,,,,,,,
rivière Bell,Q10,13100000,0.342,0.086,245,2004,,,,,,,,,,,,,,,,,,,
rivière Bell,Q10,13100000,0.342,0.086,245,2005,,,,,,,,,,,,,,,,,,,
rivière Bell,Q10,13100000,0.342,0.086,245,2006,,,,,,,,,,,,,,,,,,,
rivière Bell,Q10,13100000,0.342,0.086,245,2007,,,,,,,,,,,,,,,,,,,
rivière Bell,Q10,13100000,0.342,0.086,245,2008,,,,,,,,,,,,,,,,,,,
rivière Bell,Q10,13100000,0.342,0.086,245,2009,,,,,,,,,,,,,,,,,,,
rivière Bell,Q10,13100000,0.342,0.086,245,2010,,,,,,,,,,,,,,,,,,,
rivière Bell,Q10,13100000,0.342,0.086,245,2011,,,,,,,,,,,,,,,,,,,
rivière Bell,Q10,13100000,0.342,0.086,245,2012,,,,,,,,,,,,,,,,,,,
rivière Bell,Q10,13100000,0.342,0.086,246,2013,,,,,,,,,,,,,,,,,,,
rivière Bell,Q10,13100000,0.342,0.086,246,2014,,,,,,,,,,,,,,,,,,,
rivière Bell,Q10,13100000,0.342,0.086,246,2015,,,,,,,,,,,,,,,,,,,
rivière Bell,Q10,13100000,0.342,0.086,246,2016,,,,,,,,,,,,,,,,,,,
rivière Bell,Q10,13100000,0.342,0.086,246,2017,,,,,,,,,,,,,,,,,,,
rivière Bell,Q10,13100000,0.342,0.086,246,2018,,,,,,,,,,,,,,,,,,,
rivière Bell,Q10,13100000,0.342,0.086,246,2019,,,,,,,,,,,,,,,,,,,
rivière Bell,Q10,13100000,0.342,0.086,246,2020,,,,,,,,,,,,,,,,,,,
rivière Bell,Q10,13100000,0.342,0.086,246,2021,,,,,,,,,,,,,,,,,,,
rivière Bell,Q10,13100000,0.342,0.086,246,2022,,,,,,,,,,,30.0,30.0,,,,,,,
rivière Bell,Q10,13100000,0.342,0.086,246,2023,,,,,,,,,,,,,,,,,,,
rivière Bell,Q10,13100000,0.342,0.086,246,2024,,,,,,,,,,,,,,,,,,,
rivière Bell,Q10,13100000,0.342,0.086,246,2025,,,,,,,,,,,,,,,,,,,
ruisseau Box,Q10,13120000,0.284,0.07,247,1984,0.0,0.0,0.0,,0.0,,,,,,0.0,0.0,,,,,,,
ruisseau Box,Q10,13120000,0.284,0.07,247,1985,19.0,38.0,57.0,,160.0,0.36,,28.0,27.0,27.0,0.0,57.0,69.0,143.0,212.0,50.0,105.0,155.0,0.47
ruisseau Box,Q10,13120000,0.284,0.07,247,1986,3.0,23.0,26.0,,44.0,0.59,,23.0,35.0,33.0,0.0,26.0,13.0,66.0,79.0,10.0,43.0,53.0,0.19
ruisseau Box,Q10,13120000,0.284,0.07,247,1987,5.0,18.0,23.0,,32.0,0.72,,13.0,51.0,31.0,0.0,23.0,40.0,35.0,75.0,35.0,17.0,52.0,
ruisseau Box,Q10,13120000,0.284,0.07,247,1988,0.0,0.0,0.0,,0.0,,,0.0,0.0,0.0,0.0,0.0,17.0,2.0,19.0,17.0,2.0,19.0,0.02
ruisseau Box,Q10,13120000,0.284,0.07,247,1989,2.0,4.0,6.0,,4.0,1.5,,,,1.0,0.0,6.0,,,496.0,,,490.0,
ruisseau Box,Q10,13120000,0.284,0.07,247,1990,0.0,0.0,0.0,,0.0,,,0.0,0.0,0.0,0.0,0.0,92.0,45.0,137.0,92.0,45.0,137.0,0.24
ruisseau Box,Q10,13120000,0.284,0.07,247,1991,0.0,0.0,0.0,,0.0,,,0.0,0.0,0.0,0.0,0.0,22.0,51.0,73.0,22.0,51.0,73.0,0.23
ruisseau Box,Q10,13120000,0.284,0.07,247,1992,0.0,0.0,0.0,,12.0,0.0,,0.0,0.0,0.0,0.0,0.0,17.0,25.0,42.0,17.0,25.0,42.0,0.12
ruisseau Box,Q10,13120000,0.284,0.07,247,1993,0.0,0.0,0.0,,0.0,,,,,,0.0,0.0,,,,,,,
ruisseau Box,Q10,13120000,0.284,0.07,247,1994,0.0,0.0,0.0,,0.0,,,0.0,0.0,0.0,0.0,0.0,55.0,14.0,69.0,55.0,14.0,69.0,0.09
ruisseau Box,Q10,13120000,0.284,0.07,247,1995,0.0,0.0,0.0,,0.0,,,,,,0.0,0.0,,,,,,,
ruisseau Box,Q10,13120000,0.284,0.07,247,1996,0.0,0.0,0.0,,0.0,,,0.0,0.0,0.0,0.0,0.0,48.0,99.0,147.0,48.0,99.0,147.0,0.45
ruisseau Box,Q10,13120000,0.284,0.07,247,1997,0.0,0.0,0.0,,0.0,,,,,,0.0,0.0,,,,,,,
ruisseau Box,Q10,13120000,0.284,0.07,247,1998,0.0,0.0,0.0,,0.0,,,,,,0.0,0.0,,,,,,,
ruisseau Box,Q10,13120000,0.284,0.07,247,1999,0.0,0.0,0.0,,0.0,,,,,,0.0,0.0,,,,,,,
ruisseau Box,Q10,13120000,0.284,0.07,247,2000,0.0,0.0,0.0,,0.0,,,,,,0.0,0.0,,,,,,,
ruisseau Box,Q10,13120000,0.284,0.07,247,2001,0.0,0.0,0.0,,0.0,,,,,,0.0,0.0,,,,,,,
ruisseau Box,Q10,13120000,0.284,0.07,247,2002,,,,,,,,,,,,,,,,,,,
ruisseau Box,Q10,13120000,0.284,0.07,247,2003,,,,,,,,,,,,,,,,,,,
ruisseau Box,Q10,13120000,0.284,0.07,247,2004,,,,,,,,,,,,,,,,,,,
ruisseau Box,Q10,13120000,0.284,0.07,247,2005,,,,,,,,,,,,,,,,,,,
ruisseau Box,Q10,13120000,0.284,0.07,247,2006,,,,,,,,,,,,,,,,,,,
ruisseau Box,Q10,13120000,0.284,0.07,247,2007,,,,,,,,,,,,,,,,,,,
ruisseau Box,Q10,13120000,0.284,0.07,247,2008,,,,,,,,,,,,,,,,,,,
ruisseau Box,Q10,13120000,0.284,0.07,247,2009,,,,,,,,,,,,,,,,,,,
ruisseau Box,Q10,13120000,0.284,0.07,247,2010,,,,,,,,,,,,,,,,,,,
ruisseau Box,Q10,13120000,0.284,0.07,247,2011,,,,,,,,,,,,,,,,,,,
ruisseau Box,Q10,13120000,0.284,0.07,247,2012,,,,,,,,,,,,,,,,,,,
ruisseau Box,Q10,13120000,0.284,0.07,248,2013,,,,,,,,,,,,,,,,,,,
ruisseau Box,Q10,13120000,0.284,0.07,248,2014,,,,,,,,,,,,,,,,,,,
ruisseau Box,Q10,13120000,0.284,0.07,248,2015,,,,,,,,,,,,,,,,,,,
ruisseau Box,Q10,13120000,0.284,0.07,248,2016,,,,,,,,,,,,,,,,,,,
ruisseau Box,Q10,13120000,0.284,0.07,248,2017,,,,,,,,,,,,,,,,,,,
ruisseau Box,Q10,13120000,0.284,0.07,248,2018,,,,,,,,,,,,,,,,,,,
ruisseau Box,Q10,13120000,0.284,0.07,248,2019,,,,,,,,,,,,,,,,,,,
ruisseau Box,Q10,13120000,0.284,0.07,248,2020,,,,,,,,,,,,,,,,,,,
ruisseau Box,Q10,13120000,0.284,0.07,248,2021,,,,,,,,,,,,,,,,,,,
ruisseau Box,Q10,13120000,0.284,0.07,248,2022,,,,,,,,,,,,,,,,,,,
ruisseau Box,Q10,13120000,0.284,0.07,248,2023,,,,,,,,,,,,,,,,,,,
ruisseau Box,Q10,13120000,0.284,0.07,248,2024,,,,,,,,,,,,,,,,,,,
ruisseau Box,Q10,13120000,0.284,0.07,248,2025,,,,,,,,,,,,,,,,,,,
rivière Dauphiné,Q10,13130000,0.632,0.174,249,1984,3.0,7.0,10.0,,11.0,0.91,,5.0,2.0,3.0,0.0,10.0,57.0,292.0,349.0,54.0,285.0,339.0,1.3
rivière Dauphiné,Q10,13130000,0.632,0.174,249,1985,20.0,74.0,94.0,,160.0,0.59,,19.0,25.0,24.0,0.0,94.0,106.0,294.0,400.0,86.0,220.0,306.0,1.03
rivière Dauphiné,Q10,13130000,0.632,0.174,249,1986,13.0,33.0,46.0,,70.0,0.66,,24.0,13.0,14.0,0.0,46.0,54.0,264.0,318.0,41.0,231.0,272.0,1.05
rivière Dauphiné,Q10,13130000,0.632,0.174,249,1987,11.0,19.0,30.0,,33.0,0.91,,34.0,30.0,31.0,0.0,30.0,32.0,64.0,96.0,21.0,45.0,66.0,
rivière Dauphiné,Q10,13130000,0.632,0.174,249,1988,14.0,10.0,24.0,,13.0,1.85,,13.0,56.0,19.0,0.0,24.0,111.0,18.0,129.0,97.0,8.0,105.0,0.09
rivière Dauphiné,Q10,13130000,0.632,0.174,249,1989,0.0,0.0,0.0,,0.0,,,0.0,0.0,0.0,0.0,0.0,16.0,63.0,79.0,16.0,63.0,79.0,0.29
rivière Dauphiné,Q10,13130000,0.632,0.174,249,1990,0.0,0.0,0.0,,0.0,,,0.0,0.0,0.0,0.0,0.0,66.0,38.0,104.0,66.0,38.0,104.0,0.2
rivière Dauphiné,Q10,13130000,0.632,0.174,249,1991,0.0,0.0,0.0,,0.0,,,0.0,0.0,0.0,,0.0,5.0,6.0,11.0,5.0,6.0,11.0,0.03
rivière Dauphiné,Q10,13130000,0.632,0.174,249,1992,0.0,0.0,0.0,,8.0,0.0,,0.0,0.0,0.0,0.0,0.0,19.0,22.0,41.0,19.0,22.0,41.0,0.11
rivière Dauphiné,Q10,13130000,0.632,0.174,249,1993,0.0,0.0,0.0,,0.0,,,,,,0.0,0.0,,,,,,,
rivière Dauphiné,Q10,13130000,0.632,0.174,249,1994,0.0,0.0,0.0,,0.0,,,0.0,0.0,0.0,0.0,0.0,85.0,65.0,150.0,85.0,65.0,150.0,0.34
rivière Dauphiné,Q10,13130000,0.632,0.174,249,1995,3.0,2.0,5.0,,21.0,0.24,,5.0,2.0,3.0,0.0,5.0,56.0,104.0,160.0,53.0,102.0,155.0,0.4
rivière Dauphiné,Q10,13130000,0.632,0.174,249,1996,0.0,0.0,0.0,,0.0,,,0.0,0.0,0.0,1.0,1.0,121.0,73.0,194.0,120.0,73.0,193.0,0.39
rivière Dauphiné,Q10,13130000,0.632,0.174,249,1997,2.0,4.0,6.0,,12.0,0.5,,,,,0.0,6.0,,,,,,,
rivière Dauphiné,Q10,13130000,0.632,0.174,249,1998,0.0,0.0,0.0,,0.0,,,,,,0.0,0.0,,,,,,,
rivière Dauphiné,Q10,13130000,0.632,0.174,249,1999,0.0,0.0,0.0,,0.0,,,,,,0.0,0.0,,,,,,,
rivière Dauphiné,Q10,13130000,0.632,0.174,249,2000,1.0,0.0,1.0,,1.0,1.0,,,,,0.0,1.0,,,,,,,
rivière Dauphiné,Q10,13130000,0.632,0.174,249,2001,0.0,0.0,0.0,,0.0,,,,,,0.0,0.0,,,,,,,
rivière Dauphiné,Q10,13130000,0.632,0.174,249,2002,,,,,,,,,,,,,,,,,,,
rivière Dauphiné,Q10,13130000,0.632,0.174,249,2003,,,,,,,,,,,,,,,,,,,
rivière Dauphiné,Q10,13130000,0.632,0.174,249,2004,,,,,,,,,,,,,,,,,,,
rivière Dauphiné,Q10,13130000,0.632,0.174,249,2005,,,,,,,,,,,,,,,,,,,
rivière Dauphiné,Q10,13130000,0.632,0.174,249,2006,,,,,,,,,,,,,,,,,,,
rivière Dauphiné,Q10,13130000,0.632,0.174,249,2007,,,,,,,,,,,,,,,,,,,
rivière Dauphiné,Q10,13130000,0.632,0.174,249,2008,,,,,,,,,,,,,,,,,,,
rivière Dauphiné,Q10,13130000,0.632,0.174,249,2009,,,,,,,,,,,,,,,,,,,
rivière Dauphiné,Q10,13130000,0.632,0.174,249,2010,,,,,,,,,,,,,,,,,,,
rivière Dauphiné,Q10,13130000,0.632,0.174,249,2011,,,,,,,,,,,,,,,,,,,
rivière Dauphiné,Q10,13130000,0.632,0.174,249,2012,,,,,,,,,,,,,,,,,,,
rivière Dauphiné,Q10,13130000,0.632,0.174,250,2013,,,,,,,,,,,,,,,,,,,
rivière Dauphiné,Q10,13130000,0.632,0.174,250,2014,,,,,,,,,,,,,,,,,,,
rivière Dauphiné,Q10,13130000,0.632,0.174,250,2015,,,,,,,,,,,,,,,,,,,
rivière Dauphiné,Q10,13130000,0.632,0.174,250,2016,,,,,,,,,,,,,,,,,,,
rivière Dauphiné,Q10,13130000,0.632,0.174,250,2017,,,,,,,,,,,,,,,,,,,
rivière Dauphiné,Q10,13130000,0.632,0.174,250,2018,,,,,,,,,,,,,,,,,,,
rivière Dauphiné,Q10,13130000,0.632,0.174,250,2019,,,,,,,,,,,,,,,,,,,
rivière Dauphiné,Q10,13130000,0.632,0.174,250,2020,,,,,,,,,,,,,,,,,,,
rivière Dauphiné,Q10,13130000,0.632,0.174,250,2021,,,,,,,,,,,,,,,,,,,
rivière Dauphiné,Q10,13130000,0.632,0.174,250,2022,,,,,,,,,,,,,,,,,,,
rivière Dauphiné,Q10,13130000,0.632,0.174,250,2023,,,,,,,,,,,,,,,,,,,
rivière Dauphiné,Q10,13130000,0.632,0.174,250,2024,,,,,,,,,,,,,,,,,,,
rivière Dauphiné,Q10,13130000,0.632,0.174,250,2025,,,,,,,,,,,,,,,,,,,
rivière de la Chaloupe,Q10,13140000,0.693,0.358,251,1984,27.0,187.0,214.0,,218.0,0.98,,14.0,15.0,15.0,0.0,214.0,191.0,1278.0,1469.0,164.0,1091.0,1255.0,4.17
rivière de la Chaloupe,Q10,13140000,0.693,0.358,251,1985,76.0,70.0,146.0,,382.0,0.38,,40.0,14.0,21.0,0.0,146.0,188.0,493.0,681.0,112.0,423.0,535.0,1.64
rivière de la Chaloupe,Q10,13140000,0.693,0.358,251,1986,67.0,77.0,144.0,,299.0,0.48,,19.0,10.0,13.0,0.0,144.0,359.0,775.0,1134.0,292.0,698.0,990.0,2.77
rivière de la Chaloupe,Q10,13140000,0.693,0.358,251,1987,86.0,123.0,209.0,,410.0,0.51,,32.0,20.0,24.0,0.0,209.0,268.0,601.0,869.0,182.0,478.0,660.0,1.88
rivière de la Chaloupe,Q10,13140000,0.693,0.358,251,1988,167.0,70.0,237.0,,264.0,0.9,,26.0,16.0,22.0,0.0,237.0,654.0,432.0,1086.0,487.0,362.0,849.0,1.6
rivière de la Chaloupe,Q10,13140000,0.693,0.358,251,1989,36.0,76.0,112.0,,339.0,0.33,,34.0,31.0,32.0,0.0,112.0,106.0,247.0,353.0,70.0,171.0,241.0,0.67
rivière de la Chaloupe,Q10,13140000,0.693,0.358,251,1990,92.0,51.0,143.0,,266.0,0.54,,35.0,30.0,33.0,0.0,143.0,263.0,171.0,434.0,171.0,120.0,291.0,0.53
rivière de la Chaloupe,Q10,13140000,0.693,0.358,251,1991,59.0,74.0,133.0,,298.0,0.45,,49.0,45.0,47.0,0.0,133.0,121.0,165.0,286.0,62.0,91.0,153.0,0.37
rivière de la Chaloupe,Q10,13140000,0.693,0.358,251,1992,62.0,48.0,110.0,,186.0,0.59,,53.0,31.0,40.0,0.0,110.0,118.0,154.0,272.0,56.0,106.0,162.0,0.42
rivière de la Chaloupe,Q10,13140000,0.693,0.358,251,1993,102.0,18.0,120.0,,138.0,0.87,,36.0,20.0,32.0,0.0,120.0,284.0,89.0,373.0,182.0,71.0,253.0,0.35
rivière de la Chaloupe,Q10,13140000,0.693,0.358,251,1994,156.0,89.0,245.0,,278.0,0.88,,25.0,35.0,28.0,0.0,245.0,627.0,255.0,882.0,471.0,166.0,637.0,0.85
rivière de la Chaloupe,Q10,13140000,0.693,0.358,251,1995,59.0,64.0,123.0,,267.0,0.46,,19.0,14.0,16.0,0.0,123.0,313.0,463.0,776.0,254.0,399.0,653.0,1.6
rivière de la Chaloupe,Q10,13140000,0.693,0.358,251,1996,126.0,98.0,224.0,,266.0,0.84,,21.0,20.0,20.0,0.0,224.0,607.0,488.0,1095.0,481.0,390.0,871.0,1.82
rivière de la Chaloupe,Q10,13140000,0.693,0.358,251,1997,88.0,78.0,166.0,1.0,372.0,0.45,0.45,25.0,15.0,19.0,0.0,166.0,347.0,529.0,876.0,259.0,451.0,710.0,2.06
rivière de la Chaloupe,Q10,13140000,0.693,0.358,251,1998,77.0,58.0,135.0,0.0,302.0,0.45,0.45,,,,0.0,135.0,,,,77.0,138.0,215.0,
rivière de la Chaloupe,Q10,13140000,0.693,0.358,251,1999,75.0,23.0,98.0,0.0,318.0,0.31,0.31,,,,0.0,98.0,,,,,,,
rivière de la Chaloupe,Q10,13140000,0.693,0.358,251,2000,69.0,38.0,107.0,0.0,260.0,0.41,0.41,22.0,23.0,23.0,0.0,107.0,307.0,168.0,475.0,238.0,130.0,368.0,0.63
rivière de la Chaloupe,Q10,13140000,0.693,0.358,251,2001,39.0,31.0,70.0,0.0,235.0,0.3,0.3,30.0,16.0,22.0,0.0,70.0,129.0,190.0,319.0,90.0,159.0,249.0,0.69
rivière de la Chaloupe,Q10,13140000,0.693,0.358,251,2002,50.0,0.0,50.0,1.0,129.0,0.39,0.4,25.0,0.0,20.0,0.0,50.0,202.0,48.0,250.0,154.0,46.0,200.0,0.26
rivière de la Chaloupe,Q10,13140000,0.693,0.358,251,2003,32.0,0.0,32.0,26.0,154.0,0.21,0.38,20.0,0.0,10.0,0.0,32.0,160.0,156.0,316.0,130.0,154.0,284.0,0.65
rivière de la Chaloupe,Q10,13140000,0.693,0.358,251,2004,18.0,0.0,18.0,2.0,162.0,0.11,0.12,9.0,0.0,6.0,0.0,18.0,195.0,84.0,279.0,180.0,81.0,261.0,0.4
rivière de la Chaloupe,Q10,13140000,0.693,0.358,251,2005,19.0,0.0,19.0,4.0,189.0,0.1,0.12,14.0,0.0,9.0,0.0,19.0,134.0,75.0,209.0,116.0,74.0,190.0,0.34
rivière de la Chaloupe,Q10,13140000,0.693,0.358,251,2006,52.0,0.0,52.0,10.0,145.0,0.36,0.43,19.0,0.0,11.0,0.0,52.0,276.0,216.0,492.0,225.0,215.0,440.0,0.92
rivière de la Chaloupe,Q10,13140000,0.693,0.358,251,2007,34.0,0.0,34.0,9.0,149.0,0.23,0.29,,,,0.0,34.0,,,,,,,
rivière de la Chaloupe,Q10,13140000,0.693,0.358,251,2008,29.0,0.0,29.0,19.0,142.0,0.2,0.34,,,,0.0,29.0,,,,,,,
rivière de la Chaloupe,Q10,13140000,0.693,0.358,251,2009,25.0,0.0,25.0,15.0,143.0,0.17,0.28,13.0,0.0,7.0,0.0,25.0,196.0,149.0,345.0,173.0,147.0,320.0,0.64
rivière de la Chaloupe,Q10,13140000,0.693,0.358,251,2010,65.0,0.0,65.0,55.0,125.0,0.52,0.96,,,,0.0,65.0,,,,,,,
rivière de la Chaloupe,Q10,13140000,0.693,0.358,251,2011,89.0,0.0,89.0,62.0,144.0,0.62,1.05,26.0,0.0,13.0,0.0,89.0,345.0,358.0,703.0,276.0,338.0,614.0,1.41
rivière de la Chaloupe,Q10,13140000,0.693,0.358,251,2012,53.0,0.0,53.0,12.0,141.0,0.38,0.46,18.0,0.0,10.0,0.0,53.0,294.0,236.0,530.0,241.0,236.0,477.0,1.0
rivière de la Chaloupe,Q10,13140000,0.693,0.358,252,2013,79.0,0.0,79.0,18.0,100.0,0.79,0.97,43.0,0.0,17.0,0.0,79.0,183.0,273.0,456.0,115.0,262.0,377.0,1.05
rivière de la Chaloupe,Q10,13140000,0.693,0.358,252,2014,38.0,0.0,38.0,13.0,111.0,0.34,0.46,,,,0.0,38.0,,,,,,,
rivière de la Chaloupe,Q10,13140000,0.693,0.358,252,2015,112.0,0.0,112.0,47.0,170.0,0.66,0.94,28.0,0.0,19.0,3.0,115.0,394.0,195.0,589.0,292.0,182.0,474.0,0.88
rivière de la Chaloupe,Q10,13140000,0.693,0.358,252,2016,69.0,0.0,69.0,41.0,236.0,0.29,0.47,,,,3.0,72.0,,,,,,,
rivière de la Chaloupe,Q10,13140000,0.693,0.358,252,2017,43.0,0.0,43.0,17.0,205.0,0.21,0.29,18.0,0.0,9.0,1.0,44.0,239.0,239.0,478.0,202.0,232.0,434.0,1.04
rivière de la Chaloupe,Q10,13140000,0.693,0.358,252,2018,101.0,0.0,101.0,42.0,103.0,0.98,1.39,,,,3.0,104.0,,,,,,,
rivière de la Chaloupe,Q10,13140000,0.693,0.358,252,2019,45.0,0.0,45.0,69.0,90.0,0.5,1.27,,,,5.0,50.0,,,,,,,
rivière de la Chaloupe,Q10,13140000,0.693,0.358,252,2020,13.0,0.0,13.0,17.0,80.0,0.16,0.38,,,,2.0,15.0,,,,,,,
rivière de la Chaloupe,Q10,13140000,0.693,0.358,252,2021,43.0,0.0,43.0,51.0,133.0,0.32,0.71,,,,4.0,47.0,,,,,,,
rivière de la Chaloupe,Q10,13140000,0.693,0.358,252,2022,17.0,0.0,17.0,6.0,93.0,0.18,0.25,14.0,0.0,7.0,0.0,17.0,123.0,120.0,243.0,122.0,104.0,226.0,0.48
rivière de la Chaloupe,Q10,13140000,0.693,0.358,252,2023,32.0,0.0,32.0,42.0,141.0,0.23,0.52,17.0,0.0,12.0,3.0,35.0,184.0,81.0,265.0,152.0,78.0,230.0,0.18
rivière de la Chaloupe,Q10,13140000,0.693,0.358,252,2024,0.0,0.0,0.0,5.0,119.0,0.0,0.04,0.0,0.0,0.0,0.0,0.0,26.0,11.0,37.0,26.0,11.0,37.0,0.03
rivière de la Chaloupe,Q10,13140000,0.693,0.358,252,2025,0.0,0.0,0.0,142.0,182.0,0.0,0.78,0.0,0.0,0.0,10.0,10.0,339.0,78.0,417.0,330.0,77.0,407.0,0.24
Petite rivière de la Chaloupe,Q10,13150000,,,253,1984,0.0,0.0,0.0,,0.0,,,0.0,0.0,0.0,0.0,0.0,15.0,60.0,75.0,15.0,60.0,75.0,
Petite rivière de la Chaloupe,Q10,13150000,,,253,1985,0.0,0.0,0.0,,0.0,,,0.0,0.0,0.0,0.0,0.0,17.0,48.0,65.0,17.0,48.0,65.0,
Petite rivière de la Chaloupe,Q10,13150000,,,253,1986,1.0,1.0,2.0,,4.0,0.5,,3.0,1.0,1.0,0.0,2.0,39.0,127.0,166.0,38.0,126.0,164.0,
Petite rivière de la Chaloupe,Q10,13150000,,,253,1987,0.0,0.0,0.0,,0.0,,,0.0,0.0,0.0,0.0,0.0,9.0,36.0,45.0,9.0,36.0,45.0,
Petite rivière de la Chaloupe,Q10,13150000,,,253,1988,8.0,3.0,11.0,,6.0,1.83,,18.0,7.0,12.0,0.0,11.0,45.0,46.0,91.0,37.0,43.0,80.0,
Petite rivière de la Chaloupe,Q10,13150000,,,253,1989,0.0,0.0,0.0,,4.0,0.0,,0.0,0.0,0.0,0.0,0.0,3.0,9.0,12.0,3.0,9.0,12.0,
Petite rivière de la Chaloupe,Q10,13150000,,,253,1990,0.0,0.0,0.0,,0.0,,,0.0,0.0,0.0,0.0,0.0,30.0,18.0,48.0,30.0,18.0,48.0,
Petite rivière de la Chaloupe,Q10,13150000,,,253,1991,0.0,0.0,0.0,,0.0,,,,,,0.0,0.0,,,,,,,
Petite rivière de la Chaloupe,Q10,13150000,,,253,1992,0.0,0.0,0.0,,0.0,,,0.0,0.0,0.0,0.0,0.0,10.0,7.0,17.0,10.0,7.0,17.0,
Petite rivière de la Chaloupe,Q10,13150000,,,253,1993,0.0,0.0,0.0,,0.0,,,,,,0.0,0.0,,,,,,,
Petite rivière de la Chaloupe,Q10,13150000,,,253,1994,0.0,0.0,0.0,,0.0,,,,,,0.0,0.0,,,,,,,
Petite rivière de la Chaloupe,Q10,13150000,,,253,1995,0.0,0.0,0.0,,0.0,,,,,,0.0,0.0,,,,,,,
Petite rivière de la Chaloupe,Q10,13150000,,,253,1996,0.0,0.0,0.0,,0.0,,,,,,0.0,0.0,,,,,,,
Petite rivière de la Chaloupe,Q10,13150000,,,253,1997,0.0,0.0,0.0,,0.0,,,,,,0.0,0.0,,,,,,,
Petite rivière de la Chaloupe,Q10,13150000,,,253,1998,0.0,0.0,0.0,,0.0,,,,,,0.0,0.0,,,,,,,
Petite rivière de la Chaloupe,Q10,13150000,,,253,1999,0.0,0.0,0.0,,0.0,,,,,,0.0,0.0,,,,,,,
Petite rivière de la Chaloupe,Q10,13150000,,,253,2000,0.0,0.0,0.0,,0.0,,,,,,0.0,0.0,,,,,,,
Petite rivière de la Chaloupe,Q10,13150000,,,253,2001,0.0,0.0,0.0,,0.0,,,,,,0.0,0.0,,,,,,,
Petite rivière de la Chaloupe,Q10,13150000,,,253,2002,,,,,,,,,,,,,,,,,,,
Petite rivière de la Chaloupe,Q10,13150000,,,253,2003,,,,,,,,,,,,,,,,,,,
Petite rivière de la Chaloupe,Q10,13150000,,,253,2004,,,,,,,,,,,,,,,,,,,
Petite rivière de la Chaloupe,Q10,13150000,,,253,2005,,,,,,,,,,,,,,,,,,,
Petite rivière de la Chaloupe,Q10,13150000,,,253,2006,,,,,,,,,,,,,,,,,,,
Petite rivière de la Chaloupe,Q10,13150000,,,253,2007,,,,,,,,,,,,,,,,,,,
Petite rivière de la Chaloupe,Q10,13150000,,,253,2008,,,,,,,,,,,,,,,,,,,
Petite rivière de la Chaloupe,Q10,13150000,,,253,2009,,,,,,,,,,,,,,,,,,,
Petite rivière de la Chaloupe,Q10,13150000,,,253,2010,,,,,,,,,,,,,,,,,,,
Petite rivière de la Chaloupe,Q10,13150000,,,253,2011,,,,,,,,,,,,,,,,,,,
Petite rivière de la Chaloupe,Q10,13150000,,,253,2012,,,,,,,,,,,,,,,,,,,
Petite rivière de la Chaloupe,Q10,13150000,,,254,2013,,,,,,,,,,,,,,,,,,,
Petite rivière de la Chaloupe,Q10,13150000,,,254,2014,,,,,,,,,,,,,,,,,,,
Petite rivière de la Chaloupe,Q10,13150000,,,254,2015,,,,,,,,,,,,,,,,,,,
Petite rivière de la Chaloupe,Q10,13150000,,,254,2016,,,,,,,,,,,,,,,,,,,
Petite rivière de la Chaloupe,Q10,13150000,,,254,2017,,,,,,,,,,,,,,,,,,,
Petite rivière de la Chaloupe,Q10,13150000,,,254,2018,,,,,,,,,,,,,,,,,,,
Petite rivière de la Chaloupe,Q10,13150000,,,254,2019,,,,,,,,,,,,,,,,,,,
Petite rivière de la Chaloupe,Q10,13150000,,,254,2020,,,,,,,,,,,,,,,,,,,
Petite rivière de la Chaloupe,Q10,13150000,,,254,2021,,,,,,,,,,,,,,,,,,,
Petite rivière de la Chaloupe,Q10,13150000,,,254,2022,,,,,,,,,,,,,,,,,,,
Petite rivière de la Chaloupe,Q10,13150000,,,254,2023,,,,,,,,,,,,,,,,,,,
Petite rivière de la Chaloupe,Q10,13150000,,,254,2024,,,,,,,,,,,,,,,,,,,
Petite rivière de la Chaloupe,Q10,13150000,,,254,2025,,,,,,,,,,,,,,,,,,,
rivière Maccan,Q10,13170000,,,255,1984,0.0,0.0,0.0,,0.0,,,,,0.0,0.0,0.0,,,35.0,,,35.0,
rivière Maccan,Q10,13170000,,,255,1985,0.0,0.0,0.0,,0.0,,,0.0,0.0,0.0,0.0,0.0,7.0,22.0,29.0,7.0,22.0,29.0,
rivière Maccan,Q10,13170000,,,255,1986,0.0,0.0,0.0,,0.0,,,0.0,0.0,0.0,0.0,0.0,26.0,96.0,122.0,26.0,96.0,122.0,
rivière Maccan,Q10,13170000,,,255,1987,0.0,0.0,0.0,,0.0,,,0.0,0.0,0.0,0.0,0.0,9.0,62.0,71.0,9.0,62.0,71.0,
rivière Maccan,Q10,13170000,,,255,1988,0.0,0.0,0.0,,0.0,,,0.0,0.0,0.0,0.0,0.0,48.0,56.0,104.0,48.0,56.0,104.0,
rivière Maccan,Q10,13170000,,,255,1989,0.0,0.0,0.0,,0.0,,,,,,0.0,0.0,,,,,,,
rivière Maccan,Q10,13170000,,,255,1990,0.0,0.0,0.0,,0.0,,,,,,0.0,0.0,,,,,,,
rivière Maccan,Q10,13170000,,,255,1991,0.0,0.0,0.0,,0.0,,,,,,0.0,0.0,,,,,,,
rivière Maccan,Q10,13170000,,,255,1992,0.0,0.0,0.0,,0.0,,,,,,0.0,0.0,,,,,,,
rivière Maccan,Q10,13170000,,,255,1993,0.0,0.0,0.0,,0.0,,,,,,0.0,0.0,,,,,,,
rivière Maccan,Q10,13170000,,,255,1994,0.0,0.0,0.0,,0.0,,,,,,0.0,0.0,,,,,,,
rivière Maccan,Q10,13170000,,,255,1995,0.0,0.0,0.0,,0.0,,,,,,0.0,0.0,,,,,,,
rivière Maccan,Q10,13170000,,,255,1996,0.0,0.0,0.0,,0.0,,,,,,0.0,0.0,,,,,,,
rivière Maccan,Q10,13170000,,,255,1997,0.0,0.0,0.0,,0.0,,,,,,0.0,0.0,,,,,,,
rivière Maccan,Q10,13170000,,,255,1998,0.0,0.0,0.0,,0.0,,,,,,0.0,0.0,,,,,,,
rivière Maccan,Q10,13170000,,,255,1999,0.0,0.0,0.0,,0.0,,,,,,0.0,0.0,,,,,,,
rivière Maccan,Q10,13170000,,,255,2000,0.0,0.0,0.0,,0.0,,,,,,0.0,0.0,,,,,,,
rivière Maccan,Q10,13170000,,,255,2001,0.0,0.0,0.0,,0.0,,,,,,0.0,0.0,,,,,,,
rivière Maccan,Q10,13170000,,,255,2002,,,,,,,,,,,,,,,,,,,
rivière Maccan,Q10,13170000,,,255,2003,,,,,,,,,,,,,,,,,,,
rivière Maccan,Q10,13170000,,,255,2004,,,,,,,,,,,,,,,,,,,
rivière Maccan,Q10,13170000,,,255,2005,,,,,,,,,,,,,,,,,,,
rivière Maccan,Q10,13170000,,,255,2006,,,,,,,,,,,,,,,,,,,
rivière Maccan,Q10,13170000,,,255,2007,,,,,,,,,,,,,,,,,,,
rivière Maccan,Q10,13170000,,,255,2008,,,,,,,,,,,,,,,,,,,
rivière Maccan,Q10,13170000,,,255,2009,,,,,,,,,,,,,,,,,,,
rivière Maccan,Q10,13170000,,,255,2010,,,,,,,,,,,,,,,,,,,
rivière Maccan,Q10,13170000,,,255,2011,,,,,,,,,,,,,,,,,,,
rivière Maccan,Q10,13170000,,,255,2012,,,,,,,,,,,,,,,,,,,
rivière Maccan,Q10,13170000,,,256,2013,,,,,,,,,,,,,,,,,,,
rivière Maccan,Q10,13170000,,,256,2014,,,,,,,,,,,,,,,,,,,
rivière Maccan,Q10,13170000,,,256,2015,,,,,,,,,,,,,,,,,,,
rivière Maccan,Q10,13170000,,,256,2016,,,,,,,,,,,,,,,,,,,
rivière Maccan,Q10,13170000,,,256,2017,,,,,,,,,,,,,,,,,,,
rivière Maccan,Q10,13170000,,,256,2018,,,,,,,,,,,,,,,,,,,
rivière Maccan,Q10,13170000,,,256,2019,,,,,,,,,,,,,,,,,,,
rivière Maccan,Q10,13170000,,,256,2020,,,,,,,,,,,,,,,,,,,
rivière Maccan,Q10,13170000,,,256,2021,,,,,,,,,,,,,,,,,,,
rivière Maccan,Q10,13170000,,,256,2022,,,,,,,,,,,,,,,,,,,
rivière Maccan,Q10,13170000,,,256,2023,,,,,,,,,,,,,,,,,,,
rivière Maccan,Q10,13170000,,,256,2024,,,,,,,,,,,,,,,,,,,
rivière Maccan,Q10,13170000,,,256,2025,,,,,,,,,,,,,,,,,,,
rivière Ferrée,Q10,13180000,0.277,0.067,257,1984,0.0,0.0,0.0,,0.0,,,,,0.0,0.0,0.0,,,328.0,,,328.0,
rivière Ferrée,Q10,13180000,0.277,0.067,257,1985,6.0,15.0,21.0,,13.0,1.62,,17.0,12.0,13.0,0.0,21.0,36.0,121.0,157.0,30.0,106.0,136.0,0.42
rivière Ferrée,Q10,13180000,0.277,0.067,257,1986,3.0,9.0,12.0,,14.0,0.86,,3.0,5.0,4.0,0.0,12.0,90.0,193.0,283.0,87.0,184.0,271.0,0.75
rivière Ferrée,Q10,13180000,0.277,0.067,257,1987,18.0,8.0,26.0,,20.0,1.3,,28.0,7.0,14.0,0.0,26.0,65.0,122.0,187.0,47.0,114.0,161.0,
rivière Ferrée,Q10,13180000,0.277,0.067,257,1988,21.0,22.0,43.0,,24.0,1.79,,12.0,8.0,10.0,0.0,43.0,178.0,272.0,450.0,157.0,250.0,407.0,1.03
rivière Ferrée,Q10,13180000,0.277,0.067,257,1989,0.0,0.0,0.0,,6.0,0.0,,0.0,0.0,0.0,0.0,0.0,1.0,5.0,6.0,1.0,5.0,6.0,0.02
rivière Ferrée,Q10,13180000,0.277,0.067,257,1990,35.0,11.0,46.0,,41.0,1.12,,16.0,8.0,13.0,0.0,46.0,225.0,136.0,361.0,190.0,125.0,315.0,0.57
rivière Ferrée,Q10,13180000,0.277,0.067,257,1991,3.0,18.0,21.0,,44.0,0.48,,14.0,25.0,23.0,0.0,21.0,22.0,71.0,93.0,19.0,53.0,72.0,0.21
rivière Ferrée,Q10,13180000,0.277,0.067,257,1992,24.0,13.0,37.0,,41.0,0.9,,38.0,14.0,24.0,0.0,37.0,63.0,91.0,154.0,39.0,78.0,117.0,0.32
rivière Ferrée,Q10,13180000,0.277,0.067,257,1993,25.0,13.0,38.0,,36.0,1.06,,16.0,30.0,19.0,0.0,38.0,157.0,44.0,201.0,132.0,31.0,163.0,0.18
rivière Ferrée,Q10,13180000,0.277,0.067,257,1994,15.0,17.0,32.0,,47.0,0.68,,31.0,31.0,31.0,0.0,32.0,48.0,54.0,102.0,33.0,37.0,70.0,0.16
rivière Ferrée,Q10,13180000,0.277,0.067,257,1995,0.0,0.0,0.0,,10.0,0.0,,0.0,0.0,0.0,0.0,0.0,30.0,60.0,90.0,30.0,60.0,90.0,0.24
rivière Ferrée,Q10,13180000,0.277,0.067,257,1996,30.0,21.0,51.0,,47.0,1.09,,38.0,22.0,29.0,0.0,51.0,79.0,95.0,174.0,49.0,74.0,123.0,0.31
rivière Ferrée,Q10,13180000,0.277,0.067,257,1997,5.0,6.0,11.0,,52.0,0.21,,16.0,13.0,14.0,0.0,11.0,31.0,45.0,76.0,26.0,39.0,65.0,0.16
rivière Ferrée,Q10,13180000,0.277,0.067,257,1998,27.0,4.0,31.0,,52.0,0.6,,27.0,11.0,22.0,0.0,31.0,101.0,37.0,138.0,74.0,33.0,107.0,0.17
rivière Ferrée,Q10,13180000,0.277,0.067,257,1999,3.0,1.0,4.0,,38.0,0.11,,,,,0.0,4.0,,,,,,,
rivière Ferrée,Q10,13180000,0.277,0.067,257,2000,20.0,1.0,21.0,9.0,47.0,0.45,0.64,25.0,2.0,15.0,0.0,21.0,80.0,58.0,138.0,60.0,57.0,117.0,0.24
rivière Ferrée,Q10,13180000,0.277,0.067,257,2001,13.0,0.0,13.0,0.0,43.0,0.3,0.3,33.0,0.0,10.0,0.0,13.0,39.0,90.0,129.0,26.0,90.0,116.0,0.36
rivière Ferrée,Q10,13180000,0.277,0.067,257,2002,8.0,0.0,8.0,3.0,22.0,0.36,0.5,10.0,0.0,7.0,0.0,8.0,84.0,25.0,109.0,76.0,25.0,101.0,0.13
rivière Ferrée,Q10,13180000,0.277,0.067,257,2003,12.0,0.0,12.0,5.0,26.0,0.46,0.65,25.0,0.0,11.0,0.0,12.0,48.0,62.0,110.0,37.0,61.0,98.0,0.25
rivière Ferrée,Q10,13180000,0.277,0.067,257,2004,6.0,0.0,6.0,0.0,40.0,0.15,0.15,,,,0.0,6.0,,,,,,,
rivière Ferrée,Q10,13180000,0.277,0.067,257,2005,0.0,0.0,0.0,0.0,56.0,0.0,0.0,,,,0.0,0.0,,,,,,,
rivière Ferrée,Q10,13180000,0.277,0.067,257,2006,2.0,0.0,2.0,0.0,2.0,1.0,1.0,,,,0.0,2.0,,,,,,,
rivière Ferrée,Q10,13180000,0.277,0.067,257,2007,16.0,0.0,16.0,2.0,21.0,0.76,0.86,,,,0.0,16.0,,,,,,,
rivière Ferrée,Q10,13180000,0.277,0.067,257,2008,11.0,0.0,11.0,5.0,28.0,0.39,0.57,,,,0.0,11.0,,,,,,,
rivière Ferrée,Q10,13180000,0.277,0.067,257,2009,2.0,0.0,2.0,0.0,47.0,0.04,0.04,3.0,0.0,1.0,0.0,2.0,64.0,85.0,149.0,62.0,85.0,147.0,0.35
rivière Ferrée,Q10,13180000,0.277,0.067,257,2010,0.0,0.0,0.0,0.0,0.0,,,,,,0.0,0.0,,,,,,,
rivière Ferrée,Q10,13180000,0.277,0.067,257,2011,11.0,0.0,11.0,11.0,19.0,0.58,1.16,12.0,0.0,7.0,0.0,11.0,91.0,71.0,162.0,82.0,69.0,151.0,0.3
rivière Ferrée,Q10,13180000,0.277,0.067,257,2012,4.0,0.0,4.0,1.0,32.0,0.13,0.16,9.0,0.0,6.0,0.0,4.0,44.0,22.0,66.0,40.0,22.0,62.0,0.1
rivière Ferrée,Q10,13180000,0.277,0.067,258,2013,7.0,0.0,7.0,2.0,16.0,0.44,0.56,18.0,0.0,6.0,0.0,7.0,38.0,83.0,121.0,32.0,82.0,114.0,0.32
rivière Ferrée,Q10,13180000,0.277,0.067,258,2014,7.0,0.0,7.0,3.0,10.0,0.7,1.0,,,,0.0,7.0,,,,,,,
rivière Ferrée,Q10,13180000,0.277,0.067,258,2015,18.0,0.0,18.0,5.0,21.0,0.86,1.1,38.0,0.0,14.0,0.0,18.0,48.0,84.0,132.0,32.0,82.0,114.0,0.35
rivière Ferrée,Q10,13180000,0.277,0.067,258,2016,2.0,0.0,2.0,1.0,17.0,0.12,0.18,,,,0.0,2.0,,,,,,,
rivière Ferrée,Q10,13180000,0.277,0.067,258,2017,19.0,0.0,19.0,1.0,47.0,0.4,0.43,11.0,0.0,6.0,0.0,19.0,166.0,155.0,321.0,148.0,154.0,302.0,0.65
rivière Ferrée,Q10,13180000,0.277,0.067,258,2018,4.0,0.0,4.0,0.0,8.0,0.5,0.5,,,,0.0,4.0,,,,,,,
rivière Ferrée,Q10,13180000,0.277,0.067,258,2019,1.0,0.0,1.0,0.0,1.0,1.0,1.0,,,,0.0,1.0,,,,,,,
rivière Ferrée,Q10,13180000,0.277,0.067,258,2020,,,,,,,,,,,,,,,,,,,
rivière Ferrée,Q10,13180000,0.277,0.067,258,2021,0.0,0.0,0.0,0.0,8.0,0.0,0.0,,,,0.0,0.0,,,,,,,
rivière Ferrée,Q10,13180000,0.277,0.067,258,2022,0.0,0.0,0.0,0.0,,,,0.0,0.0,0.0,0.0,0.0,62.0,20.0,82.0,62.0,20.0,82.0,0.11
rivière Ferrée,Q10,13180000,0.277,0.067,258,2023,3.0,0.0,3.0,2.0,4.0,0.75,1.25,,,,0.0,3.0,,,,,,,
rivière Ferrée,Q10,13180000,0.277,0.067,258,2024,0.0,0.0,0.0,0.0,216.0,0.0,0.0,0.0,0.0,0.0,0.0,0.0,2.0,1.0,3.0,2.0,1.0,3.0,0.01
rivière Ferrée,Q10,13180000,0.277,0.067,258,2025,,,,,,,,,,,,,,,,,,,
ruisseau Martin,Q10,13190000,,,259,1984,0.0,0.0,0.0,,0.0,,,,,0.0,0.0,0.0,,,100.0,,,100.0,
ruisseau Martin,Q10,13190000,,,259,1985,0.0,0.0,0.0,,0.0,,,0.0,0.0,0.0,0.0,0.0,18.0,46.0,64.0,18.0,46.0,64.0,
ruisseau Martin,Q10,13190000,,,259,1986,0.0,0.0,0.0,,0.0,,,0.0,0.0,0.0,0.0,0.0,31.0,52.0,83.0,31.0,52.0,83.0,
ruisseau Martin,Q10,13190000,,,259,1987,0.0,0.0,0.0,,0.0,,,0.0,0.0,0.0,0.0,0.0,24.0,47.0,71.0,24.0,47.0,71.0,
ruisseau Martin,Q10,13190000,,,259,1988,2.0,0.0,2.0,,1.0,2.0,,8.0,0.0,3.0,0.0,2.0,24.0,50.0,74.0,23.0,48.0,71.0,
ruisseau Martin,Q10,13190000,,,259,1989,0.0,0.0,0.0,,0.0,,,0.0,0.0,0.0,0.0,0.0,7.0,38.0,45.0,7.0,38.0,45.0,
ruisseau Martin,Q10,13190000,,,259,1990,4.0,4.0,8.0,,8.0,1.0,,13.0,15.0,14.0,0.0,8.0,30.0,27.0,57.0,26.0,23.0,49.0,
ruisseau Martin,Q10,13190000,,,259,1991,0.0,0.0,0.0,,0.0,,,0.0,0.0,0.0,0.0,0.0,1.0,1.0,2.0,1.0,1.0,2.0,
ruisseau Martin,Q10,13190000,,,259,1992,5.0,6.0,11.0,,16.0,0.69,,33.0,50.0,41.0,0.0,11.0,15.0,12.0,27.0,10.0,6.0,16.0,
ruisseau Martin,Q10,13190000,,,259,1993,2.0,0.0,2.0,,15.0,0.13,,,,,0.0,2.0,,,,,,,
ruisseau Martin,Q10,13190000,,,259,1994,0.0,0.0,0.0,,0.0,,,,,,0.0,0.0,,,,,,,
ruisseau Martin,Q10,13190000,,,259,1995,0.0,0.0,0.0,,12.0,0.0,,,,,0.0,0.0,,,,,,,
ruisseau Martin,Q10,13190000,,,259,1996,5.0,2.0,7.0,,6.0,1.17,,,,,0.0,7.0,,,,,,,
ruisseau Martin,Q10,13190000,,,259,1997,0.0,0.0,0.0,,8.0,0.0,,,,,0.0,0.0,,,,,,,
ruisseau Martin,Q10,13190000,,,259,1998,0.0,0.0,0.0,,19.0,0.0,,,,,0.0,0.0,,,,,,,
ruisseau Martin,Q10,13190000,,,259,1999,0.0,0.0,0.0,,9.0,0.0,,,,,0.0,0.0,,,,,,,
ruisseau Martin,Q10,13190000,,,259,2000,0.0,0.0,0.0,,13.0,0.0,,,,,0.0,0.0,,,,,,,
ruisseau Martin,Q10,13190000,,,259,2001,0.0,0.0,0.0,,23.0,0.0,,,,,0.0,0.0,,,,,,,
ruisseau Martin,Q10,13190000,,,259,2002,,,,,,,,,,,,,,,,,,,
ruisseau Martin,Q10,13190000,,,259,2003,,,,,,,,,,,,,,,,,,,
ruisseau Martin,Q10,13190000,,,259,2004,,,,,,,,,,,,,,,,,,,
ruisseau Martin,Q10,13190000,,,259,2005,,,,,,,,,,,,,,,,,,,
ruisseau Martin,Q10,13190000,,,259,2006,,,,,,,,,,,,,,,,,,,
ruisseau Martin,Q10,13190000,,,259,2007,,,,,,,,,,,,,,,,,,,
ruisseau Martin,Q10,13190000,,,259,2008,,,,,,,,,,,,,,,,,,,
ruisseau Martin,Q10,13190000,,,259,2009,,,,,,,,,,,,,,,,,,,
ruisseau Martin,Q10,13190000,,,259,2010,,,,,,,,,,,,,,,,,,,
ruisseau Martin,Q10,13190000,,,259,2011,,,,,,,,,,,,,,,,,,,
ruisseau Martin,Q10,13190000,,,259,2012,,,,,,,,,,,,,,,,,,,
ruisseau Martin,Q10,13190000,,,260,2013,,,,,,,,,,,,,,,,,,,
ruisseau Martin,Q10,13190000,,,260,2014,,,,,,,,,,,,,,,,,,,
ruisseau Martin,Q10,13190000,,,260,2015,,,,,,,,,,,,,,,,,,,
ruisseau Martin,Q10,13190000,,,260,2016,,,,,,,,,,,,,,,,,,,
ruisseau Martin,Q10,13190000,,,260,2017,,,,,,,,,,,,,,,,,,,
ruisseau Martin,Q10,13190000,,,260,2018,,,,,,,,,,,,,,,,,,,
ruisseau Martin,Q10,13190000,,,260,2019,,,,,,,,,,,,,,,,,,,
ruisseau Martin,Q10,13190000,,,260,2020,,,,,,,,,,,,,,,,,,,
ruisseau Martin,Q10,13190000,,,260,2021,,,,,,,,,,,,,,,,,,,
ruisseau Martin,Q10,13190000,,,260,2022,,,,,,,,,,,,,,,,,,,
ruisseau Martin,Q10,13190000,,,260,2023,,,,,,,,,,,,,,,,,,,
ruisseau Martin,Q10,13190000,,,260,2024,,,,,,,,,,,,,,,,,,,
ruisseau Martin,Q10,13190000,,,260,2025,,,,,,,,,,,,,,,,,,,
rivière du Pavillon,Q10,13210000,0.213,0.049,261,1984,0.0,0.0,0.0,,0.0,,,0.0,0.0,0.0,0.0,0.0,5.0,120.0,125.0,5.0,120.0,125.0,0.46
rivière du Pavillon,Q10,13210000,0.213,0.049,261,1985,0.0,0.0,0.0,,0.0,,,0.0,0.0,0.0,0.0,0.0,6.0,29.0,35.0,6.0,29.0,35.0,0.11
rivière du Pavillon,Q10,13210000,0.213,0.049,261,1986,0.0,0.0,0.0,,0.0,,,0.0,0.0,0.0,0.0,0.0,3.0,22.0,25.0,3.0,22.0,25.0,0.09
rivière du Pavillon,Q10,13210000,0.213,0.049,261,1987,0.0,0.0,0.0,,0.0,,,,,,0.0,0.0,,,,,,,
rivière du Pavillon,Q10,13210000,0.213,0.049,261,1988,0.0,0.0,0.0,,0.0,,,0.0,0.0,0.0,0.0,0.0,8.0,18.0,26.0,8.0,18.0,26.0,0.07
rivière du Pavillon,Q10,13210000,0.213,0.049,261,1989,0.0,0.0,0.0,,0.0,,,,,,0.0,0.0,,,,,,,
rivière du Pavillon,Q10,13210000,0.213,0.049,261,1990,0.0,0.0,0.0,,0.0,,,0.0,0.0,0.0,0.0,0.0,74.0,58.0,132.0,74.0,58.0,132.0,0.26
rivière du Pavillon,Q10,13210000,0.213,0.049,261,1991,0.0,0.0,0.0,,0.0,,,,,,0.0,0.0,,,,,,,
rivière du Pavillon,Q10,13210000,0.213,0.049,261,1992,0.0,0.0,0.0,,0.0,,,,,,0.0,0.0,,,,,,,
rivière du Pavillon,Q10,13210000,0.213,0.049,261,1993,0.0,0.0,0.0,,0.0,,,,,,0.0,0.0,,,,,,,
rivière du Pavillon,Q10,13210000,0.213,0.049,261,1994,0.0,0.0,0.0,,0.0,,,,,,0.0,0.0,,,,,,,
rivière du Pavillon,Q10,13210000,0.213,0.049,261,1995,0.0,0.0,0.0,,0.0,,,,,,0.0,0.0,,,,,,,
rivière du Pavillon,Q10,13210000,0.213,0.049,261,1996,0.0,0.0,0.0,,0.0,,,,,,0.0,0.0,,,,,,,
rivière du Pavillon,Q10,13210000,0.213,0.049,261,1997,0.0,0.0,0.0,,0.0,,,,,,0.0,0.0,,,,,,,
rivière du Pavillon,Q10,13210000,0.213,0.049,261,1998,4.0,7.0,11.0,,14.0,0.79,,,,,0.0,11.0,,,,,,,
rivière du Pavillon,Q10,13210000,0.213,0.049,261,1999,0.0,0.0,0.0,,0.0,,,,,,0.0,0.0,,,,,,,
rivière du Pavillon,Q10,13210000,0.213,0.049,261,2000,0.0,0.0,0.0,,2.0,0.0,,,,,0.0,0.0,,,,,,,
rivière du Pavillon,Q10,13210000,0.213,0.049,261,2001,0.0,0.0,0.0,,2.0,0.0,,,,,0.0,0.0,,,,,,,
rivière du Pavillon,Q10,13210000,0.213,0.049,261,2002,,,,,,,,,,,,,,,,,,,
rivière du Pavillon,Q10,13210000,0.213,0.049,261,2003,,,,,,,,,,,,,,,,,,,
rivière du Pavillon,Q10,13210000,0.213,0.049,261,2004,,,,,,,,,,,,,,,,,,,
rivière du Pavillon,Q10,13210000,0.213,0.049,261,2005,,,,,,,,,,,,,,,,,,,
rivière du Pavillon,Q10,13210000,0.213,0.049,261,2006,,,,,,,,,,,,,,,,,,,
rivière du Pavillon,Q10,13210000,0.213,0.049,261,2007,,,,,,,,,,,,,,,,,,,
rivière du Pavillon,Q10,13210000,0.213,0.049,261,2008,,,,,,,,,,,,,,,,,,,
rivière du Pavillon,Q10,13210000,0.213,0.049,261,2009,,,,,,,,,,,,,,,,,,,
rivière du Pavillon,Q10,13210000,0.213,0.049,261,2010,,,,,,,,,,,,,,,,,,,
rivière du Pavillon,Q10,13210000,0.213,0.049,261,2011,,,,,,,,,,,,,,,,,,,
rivière du Pavillon,Q10,13210000,0.213,0.049,261,2012,,,,,,,,,,,,,,,,,,,
rivière du Pavillon,Q10,13210000,0.213,0.049,262,2013,,,,,,,,,,,,,,,,,,,
rivière du Pavillon,Q10,13210000,0.213,0.049,262,2014,,,,,,,,,,,,,,,,,,,
rivière du Pavillon,Q10,13210000,0.213,0.049,262,2015,,,,,,,,,,,,,,,,,,,
rivière du Pavillon,Q10,13210000,0.213,0.049,262,2016,,,,,,,,,,,,,,,,,,,
rivière du Pavillon,Q10,13210000,0.213,0.049,262,2017,,,,,,,,,,,,,,,,,,,
rivière du Pavillon,Q10,13210000,0.213,0.049,262,2018,,,,,,,,,,,,,,,,,,,
rivière du Pavillon,Q10,13210000,0.213,0.049,262,2019,,,,,,,,,,,,,,,,,,,
rivière du Pavillon,Q10,13210000,0.213,0.049,262,2020,,,,,,,,,,,,,,,,,,,
rivière du Pavillon,Q10,13210000,0.213,0.049,262,2021,,,,,,,,,,,,,,,,,,,
rivière du Pavillon,Q10,13210000,0.213,0.049,262,2022,,,,,,,,,,,,,,,,,,,
rivière du Pavillon,Q10,13210000,0.213,0.049,262,2023,,,,,,,,,,,,,,,,,,,
rivière du Pavillon,Q10,13210000,0.213,0.049,262,2024,,,,,,,,,,,,,,,,,,,
rivière du Pavillon,Q10,13210000,0.213,0.049,262,2025,,,,,,,,,,,,,,,,,,,
rivière aux Plats,Q10,13230000,0.292,0.072,263,1984,0.0,0.0,0.0,,0.0,,,0.0,0.0,0.0,0.0,0.0,7.0,36.0,43.0,7.0,36.0,43.0,0.14
rivière aux Plats,Q10,13230000,0.292,0.072,263,1985,0.0,0.0,0.0,,0.0,,,0.0,0.0,0.0,0.0,0.0,2.0,2.0,4.0,2.0,2.0,4.0,0.01
rivière aux Plats,Q10,13230000,0.292,0.072,263,1986,0.0,0.0,0.0,,0.0,,,0.0,0.0,0.0,0.0,0.0,5.0,24.0,29.0,5.0,24.0,29.0,0.09
rivière aux Plats,Q10,13230000,0.292,0.072,263,1987,0.0,0.0,0.0,,0.0,,,,,,0.0,0.0,,,,,,,
rivière aux Plats,Q10,13230000,0.292,0.072,263,1988,0.0,0.0,0.0,,0.0,,,0.0,0.0,0.0,0.0,0.0,17.0,34.0,51.0,17.0,34.0,51.0,0.14
rivière aux Plats,Q10,13230000,0.292,0.072,263,1989,0.0,0.0,0.0,,0.0,,,0.0,0.0,0.0,0.0,0.0,2.0,22.0,24.0,2.0,22.0,24.0,0.09
rivière aux Plats,Q10,13230000,0.292,0.072,263,1990,0.0,0.0,0.0,,0.0,,,0.0,0.0,0.0,0.0,0.0,30.0,45.0,75.0,30.0,45.0,75.0,0.19
rivière aux Plats,Q10,13230000,0.292,0.072,263,1991,0.0,0.0,0.0,,0.0,,,,,,0.0,0.0,,,,,,,
rivière aux Plats,Q10,13230000,0.292,0.072,263,1992,0.0,0.0,0.0,,0.0,,,0.0,0.0,0.0,0.0,0.0,10.0,14.0,24.0,10.0,14.0,24.0,0.06
rivière aux Plats,Q10,13230000,0.292,0.072,263,1993,0.0,0.0,0.0,,0.0,,,,,,0.0,0.0,,,,,,,
rivière aux Plats,Q10,13230000,0.292,0.072,263,1994,0.0,0.0,0.0,,0.0,,,,,,0.0,0.0,,,,,,,
rivière aux Plats,Q10,13230000,0.292,0.072,263,1995,0.0,0.0,0.0,,0.0,,,,,,0.0,0.0,,,,,,,
rivière aux Plats,Q10,13230000,0.292,0.072,263,1996,1.0,6.0,7.0,,13.0,0.54,,,,,0.0,7.0,,,,,,,
rivière aux Plats,Q10,13230000,0.292,0.072,263,1997,1.0,1.0,2.0,,12.0,0.17,,,,,0.0,2.0,,,,,,,
rivière aux Plats,Q10,13230000,0.292,0.072,263,1998,0.0,0.0,0.0,,16.0,0.0,,,,,0.0,0.0,,,,,,,
rivière aux Plats,Q10,13230000,0.292,0.072,263,1999,0.0,1.0,1.0,,8.0,0.13,,,,,0.0,1.0,,,,,,,
rivière aux Plats,Q10,13230000,0.292,0.072,263,2000,0.0,0.0,0.0,,0.0,,,,,,0.0,0.0,,,,,,,
rivière aux Plats,Q10,13230000,0.292,0.072,263,2001,0.0,0.0,0.0,,1.0,0.0,,,,,0.0,0.0,,,,,,,
rivière aux Plats,Q10,13230000,0.292,0.072,263,2002,,,,,,,,,,,,,,,,,,,
rivière aux Plats,Q10,13230000,0.292,0.072,263,2003,,,,,,,,,,,,,,,,,,,
rivière aux Plats,Q10,13230000,0.292,0.072,263,2004,,,,,,,,,,,,,,,,,,,
rivière aux Plats,Q10,13230000,0.292,0.072,263,2005,,,,,,,,,,,,,,,,,,,
rivière aux Plats,Q10,13230000,0.292,0.072,263,2006,,,,,,,,,,,,,,,,,,,
rivière aux Plats,Q10,13230000,0.292,0.072,263,2007,,,,,,,,,,,,,,,,,,,
rivière aux Plats,Q10,13230000,0.292,0.072,263,2008,,,,,,,,,,,,,,,,,,,
rivière aux Plats,Q10,13230000,0.292,0.072,263,2009,,,,,,,,,,,,,,,,,,,
rivière aux Plats,Q10,13230000,0.292,0.072,263,2010,,,,,,,,,,,,,,,,,,,
rivière aux Plats,Q10,13230000,0.292,0.072,263,2011,,,,,,,,,,,,,,,,,,,
rivière aux Plats,Q10,13230000,0.292,0.072,263,2012,,,,,,,,,,,,,,,,,,,
rivière aux Plats,Q10,13230000,0.292,0.072,264,2013,,,,,,,,,,,,,,,,,,,
rivière aux Plats,Q10,13230000,0.292,0.072,264,2014,,,,,,,,,,,,,,,,,,,
rivière aux Plats,Q10,13230000,0.292,0.072,264,2015,,,,,,,,,,,,,,,,,,,
rivière aux Plats,Q10,13230000,0.292,0.072,264,2016,,,,,,,,,,,,,,,,,,,
rivière aux Plats,Q10,13230000,0.292,0.072,264,2017,,,,,,,,,,,,,,,,,,,
rivière aux Plats,Q10,13230000,0.292,0.072,264,2018,,,,,,,,,,,,,,,,,,,
rivière aux Plats,Q10,13230000,0.292,0.072,264,2019,,,,,,,,,,,,,,,,,,,
rivière aux Plats,Q10,13230000,0.292,0.072,264,2020,,,,,,,,,,,,,,,,,,,
rivière aux Plats,Q10,13230000,0.292,0.072,264,2021,,,,,,,,,,,,,,,,,,,
rivière aux Plats,Q10,13230000,0.292,0.072,264,2022,,,,,,,,,,,,,,,,,,,
rivière aux Plats,Q10,13230000,0.292,0.072,264,2023,,,,,,,,,,,,,,,,,,,
rivière aux Plats,Q10,13230000,0.292,0.072,264,2024,,,,,,,,,,,,,,,,,,,
rivière aux Plats,Q10,13230000,0.292,0.072,264,2025,,,,,,,,,,,,,,,,,,,
rivière Chicotte,Q10,13240000,0.326,0.081,265,1984,2.0,8.0,10.0,,8.0,1.25,,15.0,18.0,17.0,0.0,10.0,13.0,45.0,58.0,11.0,37.0,48.0,0.13
rivière Chicotte,Q10,13240000,0.326,0.081,265,1985,8.0,8.0,16.0,,17.0,0.94,,53.0,19.0,28.0,0.0,16.0,15.0,42.0,57.0,7.0,34.0,41.0,0.14
rivière Chicotte,Q10,13240000,0.326,0.081,265,1986,0.0,0.0,0.0,,0.0,,,0.0,0.0,0.0,0.0,0.0,8.0,39.0,47.0,8.0,39.0,47.0,0.15
rivière Chicotte,Q10,13240000,0.326,0.081,265,1987,5.0,6.0,11.0,,9.0,1.22,,38.0,16.0,22.0,0.0,11.0,13.0,37.0,50.0,8.0,31.0,39.0,0.12
rivière Chicotte,Q10,13240000,0.326,0.081,265,1988,16.0,8.0,24.0,,21.0,1.14,,29.0,9.0,17.0,0.0,24.0,56.0,87.0,143.0,40.0,79.0,119.0,0.32
rivière Chicotte,Q10,13240000,0.326,0.081,265,1989,1.0,4.0,5.0,,3.0,1.67,,14.0,8.0,9.0,0.0,5.0,7.0,51.0,58.0,6.0,47.0,53.0,0.18
rivière Chicotte,Q10,13240000,0.326,0.081,265,1990,2.0,0.0,2.0,,13.0,0.15,,10.0,0.0,5.0,0.0,2.0,21.0,18.0,39.0,19.0,18.0,37.0,0.08
rivière Chicotte,Q10,13240000,0.326,0.081,265,1991,0.0,0.0,0.0,,0.0,,,,,,0.0,0.0,,,,,,,
rivière Chicotte,Q10,13240000,0.326,0.081,265,1992,1.0,1.0,2.0,,7.0,0.29,,,100100100.0,,0.0,2.0,1.0,1.0,2.0,0.0,0.0,0.0,0.0
rivière Chicotte,Q10,13240000,0.326,0.081,265,1993,0.0,0.0,0.0,,5.0,0.0,,,,,0.0,0.0,,,,,,,
rivière Chicotte,Q10,13240000,0.326,0.081,265,1994,0.0,0.0,0.0,,0.0,,,0.0,0.0,0.0,0.0,0.0,11.0,13.0,24.0,11.0,13.0,24.0,0.05
rivière Chicotte,Q10,13240000,0.326,0.081,265,1995,0.0,0.0,0.0,,2.0,0.0,,0.0,0.0,0.0,0.0,0.0,13.0,3.0,16.0,13.0,3.0,16.0,0.02
rivière Chicotte,Q10,13240000,0.326,0.081,265,1996,1.0,3.0,4.0,,19.0,0.21,,,,,0.0,4.0,,,,,,,
rivière Chicotte,Q10,13240000,0.326,0.081,265,1997,0.0,0.0,0.0,,5.0,0.0,,,,,0.0,0.0,,,,,,,
rivière Chicotte,Q10,13240000,0.326,0.081,265,1998,0.0,0.0,0.0,,23.0,0.0,,,,,0.0,0.0,,,,,,,
rivière Chicotte,Q10,13240000,0.326,0.081,265,1999,0.0,0.0,0.0,,7.0,0.0,,,,,0.0,0.0,,,,,,,
rivière Chicotte,Q10,13240000,0.326,0.081,265,2000,0.0,0.0,0.0,1.0,7.0,0.0,0.14,,,,0.0,0.0,,,,,,,
rivière Chicotte,Q10,13240000,0.326,0.081,265,2001,0.0,0.0,0.0,,0.0,,,,,,0.0,0.0,,,,,,,
rivière Chicotte,Q10,13240000,0.326,0.081,265,2002,,,,,,,,,,,,,,,,,,,
rivière Chicotte,Q10,13240000,0.326,0.081,265,2003,,,,,,,,,,,,,,,,,,,
rivière Chicotte,Q10,13240000,0.326,0.081,265,2004,,,,,,,,,,,,,,,,,,,
rivière Chicotte,Q10,13240000,0.326,0.081,265,2005,,,,,,,,,,,,,,,,,,,
rivière Chicotte,Q10,13240000,0.326,0.081,265,2006,,,,,,,,,,,,,,,,,,,
rivière Chicotte,Q10,13240000,0.326,0.081,265,2007,,,,,,,,,,,,,,,,,,,
rivière Chicotte,Q10,13240000,0.326,0.081,265,2008,,,,,,,,,,,,,,,,,,,
rivière Chicotte,Q10,13240000,0.326,0.081,265,2009,,,,,,,,,,,,,,,,,,,
rivière Chicotte,Q10,13240000,0.326,0.081,265,2010,,,,,,,,,,,,,,,,,,,
rivière Chicotte,Q10,13240000,0.326,0.081,265,2011,,,,,,,,,,,,,,,,,,,
rivière Chicotte,Q10,13240000,0.326,0.081,265,2012,,,,,,,,,,,,,,,,,,,
rivière Chicotte,Q10,13240000,0.326,0.081,266,2013,,,,,,,,,,,,,,,,,,,
rivière Chicotte,Q10,13240000,0.326,0.081,266,2014,,,,,,,,,,,,,,,,,,,
rivière Chicotte,Q10,13240000,0.326,0.081,266,2015,,,,,,,,,,,,,,,,,,,
rivière Chicotte,Q10,13240000,0.326,0.081,266,2016,,,,,,,,,,,,,,,,,,,
rivière Chicotte,Q10,13240000,0.326,0.081,266,2017,,,,,,,,,,,,,,,,,,,
rivière Chicotte,Q10,13240000,0.326,0.081,266,2018,,,,,,,,,,,,,,,,,,,
rivière Chicotte,Q10,13240000,0.326,0.081,266,2019,,,,,,,,,,,,,,,,,,,
rivière Chicotte,Q10,13240000,0.326,0.081,266,2020,,,,,,,,,,,,,,,,,,,
rivière Chicotte,Q10,13240000,0.326,0.081,266,2021,,,,,,,,,,,,,,,,,,,
rivière Chicotte,Q10,13240000,0.326,0.081,266,2022,,,,,,,,,,,,,,,,,,,
rivière Chicotte,Q10,13240000,0.326,0.081,266,2023,,,,,,,,,,,,,,,,,,,
rivière Chicotte,Q10,13240000,0.326,0.081,266,2024,,,,,,,,,,,,,,,,,,,
rivière Chicotte,Q10,13240000,0.326,0.081,266,2025,,,,,,,,,,,,,,,,,,,
rivière Galiote,Q10,13260000,0.59,0.162,267,1984,0.0,0.0,0.0,,14.0,0.0,,0.0,0.0,0.0,0.0,0.0,8.0,35.0,43.0,8.0,35.0,43.0,0.13
rivière Galiote,Q10,13260000,0.59,0.162,267,1985,0.0,9.0,9.0,,55.0,0.16,,0.0,19.0,15.0,0.0,9.0,13.0,48.0,61.0,13.0,39.0,52.0,0.15
rivière Galiote,Q10,13260000,0.59,0.162,267,1986,0.0,3.0,3.0,,55.0,0.05,,,75.0,75.0,0.0,3.0,0.0,4.0,4.0,0.0,1.0,1.0,0.0
rivière Galiote,Q10,13260000,0.59,0.162,267,1987,25.0,8.0,33.0,,57.0,0.58,,,,,0.0,33.0,,,,,,,
rivière Galiote,Q10,13260000,0.59,0.162,267,1988,17.0,23.0,40.0,,47.0,0.85,,30.0,15.0,19.0,0.0,40.0,56.0,156.0,212.0,39.0,133.0,172.0,0.5
rivière Galiote,Q10,13260000,0.59,0.162,267,1989,1.0,24.0,25.0,,40.0,0.63,,8.0,34.0,30.0,0.0,25.0,13.0,70.0,83.0,12.0,46.0,58.0,0.17
rivière Galiote,Q10,13260000,0.59,0.162,267,1990,7.0,14.0,21.0,,68.0,0.31,,22.0,23.0,23.0,0.0,21.0,32.0,60.0,92.0,25.0,46.0,71.0,0.18
rivière Galiote,Q10,13260000,0.59,0.162,267,1991,8.0,21.0,29.0,,70.0,0.41,,17.0,20.0,19.0,0.0,29.0,48.0,106.0,154.0,40.0,85.0,125.0,0.33
rivière Galiote,Q10,13260000,0.59,0.162,267,1992,10.0,12.0,22.0,,69.0,0.32,,45.0,35.0,39.0,0.0,22.0,22.0,34.0,56.0,12.0,22.0,34.0,0.09
rivière Galiote,Q10,13260000,0.59,0.162,267,1993,17.0,5.0,22.0,,69.0,0.32,,35.0,25.0,32.0,0.0,22.0,49.0,20.0,69.0,32.0,15.0,47.0,0.06
rivière Galiote,Q10,13260000,0.59,0.162,267,1994,18.0,20.0,38.0,,51.0,0.75,,,,,0.0,38.0,,,,,,,
rivière Galiote,Q10,13260000,0.59,0.162,267,1995,0.0,0.0,0.0,,29.0,0.0,,,,,0.0,0.0,,,,,,,
rivière Galiote,Q10,13260000,0.59,0.162,267,1996,19.0,14.0,33.0,,59.0,0.56,,100.0,58.0,77.0,0.0,33.0,19.0,24.0,43.0,0.0,10.0,10.0,0.04
rivière Galiote,Q10,13260000,0.59,0.162,267,1997,0.0,5.0,5.0,,32.0,0.16,,,,,0.0,5.0,,,,,,,
rivière Galiote,Q10,13260000,0.59,0.162,267,1998,11.0,9.0,20.0,,47.0,0.43,,,,,0.0,20.0,,,,,,,
rivière Galiote,Q10,13260000,0.59,0.162,267,1999,0.0,0.0,0.0,,3.0,0.0,,,,,0.0,0.0,,,,,,,
rivière Galiote,Q10,13260000,0.59,0.162,267,2000,0.0,0.0,0.0,,0.0,,,,,,0.0,0.0,,,,,,,
rivière Galiote,Q10,13260000,0.59,0.162,267,2001,1.0,0.0,1.0,,2.0,0.5,,,,,0.0,1.0,,,,,,,
rivière Galiote,Q10,13260000,0.59,0.162,267,2002,,,,,,,,,,,,,,,,,,,
rivière Galiote,Q10,13260000,0.59,0.162,267,2003,,,,,,,,,,,,,,,,,,,
rivière Galiote,Q10,13260000,0.59,0.162,267,2004,,,,,,,,,,,,,,,,,,,
rivière Galiote,Q10,13260000,0.59,0.162,267,2005,,,,,,,,,,,,,,,,,,,
rivière Galiote,Q10,13260000,0.59,0.162,267,2006,,,,,,,,,,,,,,,,,,,
rivière Galiote,Q10,13260000,0.59,0.162,267,2007,,,,,,,,,,,,,,,,,,,
rivière Galiote,Q10,13260000,0.59,0.162,267,2008,,,,,,,,,,,,,,,,,,,
rivière Galiote,Q10,13260000,0.59,0.162,267,2009,,,,,,,,,,,,,,,,,,,
rivière Galiote,Q10,13260000,0.59,0.162,267,2010,,,,,,,,,,,,,,,,,,,
rivière Galiote,Q10,13260000,0.59,0.162,267,2011,,,,,,,,,,,,,,,,,,,
rivière Galiote,Q10,13260000,0.59,0.162,267,2012,,,,,,,,,,,,,,,,,,,
rivière Galiote,Q10,13260000,0.59,0.162,268,2013,,,,,,,,,,,,,,,,,,,
rivière Galiote,Q10,13260000,0.59,0.162,268,2014,,,,,,,,,,,,,,,,,,,
rivière Galiote,Q10,13260000,0.59,0.162,268,2015,,,,,,,,,,,,,,,,,,,
rivière Galiote,Q10,13260000,0.59,0.162,268,2016,,,,,,,,,,,,,,,,,,,
rivière Galiote,Q10,13260000,0.59,0.162,268,2017,,,,,,,,,,,,,,,,,,,
rivière Galiote,Q10,13260000,0.59,0.162,268,2018,,,,,,,,,,,,,,,,,,,
rivière Galiote,Q10,13260000,0.59,0.162,268,2019,,,,,,,,,,,,,,,,,,,
rivière Galiote,Q10,13260000,0.59,0.162,268,2020,,,,,,,,,,,,,,,,,,,
rivière Galiote,Q10,13260000,0.59,0.162,268,2021,,,,,,,,,,,,,,,,,,,
rivière Galiote,Q10,13260000,0.59,0.162,268,2022,,,,,,,,,,,,,,,,,,,
rivière Galiote,Q10,13260000,0.59,0.162,268,2023,,,,,,,,,,,,,,,,,,,
rivière Galiote,Q10,13260000,0.59,0.162,268,2024,,,,,,,,,,,,,,,,,,,
rivière Galiote,Q10,13260000,0.59,0.162,268,2025,,,,,,,,,,,,,,,,,,,
rivière du Brick,Q10,13270000,,,269,1984,0.0,0.0,0.0,,21.0,0.0,,,,,0.0,0.0,,,,,,,
rivière du Brick,Q10,13270000,,,269,1985,1.0,0.0,1.0,,34.0,0.03,,25.0,0.0,20.0,0.0,1.0,4.0,1.0,5.0,3.0,1.0,4.0,
rivière du Brick,Q10,13270000,,,269,1986,0.0,0.0,0.0,,65.0,0.0,,,,,0.0,0.0,,,,,,,
rivière du Brick,Q10,13270000,,,269,1987,1.0,0.0,1.0,,26.0,0.04,,100.0,,100.0,0.0,1.0,1.0,0.0,1.0,0.0,0.0,0.0,
rivière du Brick,Q10,13270000,,,269,1988,2.0,2.0,4.0,,25.0,0.16,,40.0,29.0,33.0,0.0,4.0,5.0,7.0,12.0,3.0,5.0,8.0,
rivière du Brick,Q10,13270000,,,269,1989,0.0,0.0,0.0,,14.0,0.0,,,,,0.0,0.0,,,,,,,
rivière du Brick,Q10,13270000,,,269,1990,1.0,7.0,8.0,,22.0,0.36,,,,,0.0,8.0,,,,,,,
rivière du Brick,Q10,13270000,,,269,1991,0.0,0.0,0.0,,11.0,0.0,,,,,0.0,0.0,,,,,,,
rivière du Brick,Q10,13270000,,,269,1992,0.0,0.0,0.0,,18.0,0.0,,,,,0.0,0.0,,,,,,,
rivière du Brick,Q10,13270000,,,269,1993,,,,,,,,,,,,,,,,,,,
rivière du Brick,Q10,13270000,,,269,1994,,,,,,,,,,,,,,,,,,,
rivière du Brick,Q10,13270000,,,269,1995,,,,,,,,,,,,,,,,,,,
rivière du Brick,Q10,13270000,,,269,1996,,,,,,,,,,,,,,,,,,,
rivière du Brick,Q10,13270000,,,269,1997,,,,,,,,,,,,,,,,,,,
rivière du Brick,Q10,13270000,,,269,1998,,,,,,,,,,,,,,,,,,,
rivière du Brick,Q10,13270000,,,269,1999,,,,,,,,,,,,,,,,,,,
rivière du Brick,Q10,13270000,,,269,2000,,,,,,,,,,,,,,,,,,,
rivière du Brick,Q10,13270000,,,269,2001,,,,,,,,,,,,,,,,,,,
rivière du Brick,Q10,13270000,,,269,2002,,,,,,,,,,,,,,,,,,,
rivière du Brick,Q10,13270000,,,269,2003,,,,,,,,,,,,,,,,,,,
rivière du Brick,Q10,13270000,,,269,2004,,,,,,,,,,,,,,,,,,,
rivière du Brick,Q10,13270000,,,269,2005,,,,,,,,,,,,,,,,,,,
rivière du Brick,Q10,13270000,,,269,2006,,,,,,,,,,,,,,,,,,,
rivière du Brick,Q10,13270000,,,269,2007,,,,,,,,,,,,,,,,,,,
rivière du Brick,Q10,13270000,,,269,2008,,,,,,,,,,,,,,,,,,,
rivière du Brick,Q10,13270000,,,269,2009,,,,,,,,,,,,,,,,,,,
rivière du Brick,Q10,13270000,,,269,2010,,,,,,,,,,,,,,,,,,,
rivière du Brick,Q10,13270000,,,269,2011,,,,,,,,,,,,,,,,,,,
rivière du Brick,Q10,13270000,,,269,2012,,,,,,,,,,,,,,,,,,,
rivière du Brick,Q10,13270000,,,270,2013,,,,,,,,,,,,,,,,,,,
rivière du Brick,Q10,13270000,,,270,2014,,,,,,,,,,,,,,,,,,,
rivière du Brick,Q10,13270000,,,270,2015,,,,,,,,,,,,,,,,,,,
rivière du Brick,Q10,13270000,,,270,2016,,,,,,,,,,,,,,,,,,,
rivière du Brick,Q10,13270000,,,270,2017,,,,,,,,,,,,,,,,,,,
rivière du Brick,Q10,13270000,,,270,2018,,,,,,,,,,,,,,,,,,,
rivière du Brick,Q10,13270000,,,270,2019,,,,,,,,,,,,,,,,,,,
rivière du Brick,Q10,13270000,,,270,2020,,,,,,,,,,,,,,,,,,,
rivière du Brick,Q10,13270000,,,270,2021,,,,,,,,,,,,,,,,,,,
rivière du Brick,Q10,13270000,,,270,2022,,,,,,,,,,,,,,,,,,,
rivière du Brick,Q10,13270000,,,270,2023,,,,,,,,,,,,,,,,,,,
rivière du Brick,Q10,13270000,,,270,2024,,,,,,,,,,,,,,,,,,,
rivière du Brick,Q10,13270000,,,270,2025,,,,,,,,,,,,,,,,,,,
rivière Jupiter,Q10,13290000,1.399,0.798,271,1984,78.0,705.0,783.0,,637.0,1.23,,24.0,36.0,35.0,0.0,783.0,319.0,1945.0,2264.0,241.0,1240.0,1481.0,4.86
rivière Jupiter,Q10,13290000,1.399,0.798,271,1985,211.0,511.0,722.0,,821.0,0.88,,45.0,33.0,36.0,0.0,722.0,466.0,1528.0,1994.0,255.0,1017.0,1272.0,4.02
rivière Jupiter,Q10,13290000,1.399,0.798,271,1986,119.0,461.0,580.0,,814.0,0.71,,35.0,37.0,37.0,0.0,580.0,336.0,1240.0,1576.0,217.0,779.0,996.0,3.09
rivière Jupiter,Q10,13290000,1.399,0.798,271,1987,118.0,188.0,306.0,,533.0,0.57,,30.0,27.0,28.0,0.0,306.0,397.0,702.0,1099.0,279.0,514.0,793.0,2.22
rivière Jupiter,Q10,13290000,1.399,0.798,271,1988,186.0,267.0,453.0,,603.0,0.75,,31.0,30.0,31.0,0.0,453.0,593.0,878.0,1471.0,407.0,611.0,1018.0,2.52
rivière Jupiter,Q10,13290000,1.399,0.798,271,1989,105.0,242.0,347.0,,502.0,0.69,,31.0,22.0,24.0,0.0,347.0,343.0,1095.0,1438.0,238.0,853.0,1091.0,2.99
rivière Jupiter,Q10,13290000,1.399,0.798,271,1990,171.0,189.0,360.0,,510.0,0.71,,28.0,39.0,33.0,0.0,360.0,619.0,479.0,1098.0,448.0,290.0,738.0,1.25
rivière Jupiter,Q10,13290000,1.399,0.798,271,1991,59.0,286.0,345.0,,437.0,0.79,,13.0,33.0,26.0,20.0,365.0,441.0,875.0,1316.0,378.0,573.0,951.0,2.5
rivière Jupiter,Q10,13290000,1.399,0.798,271,1992,65.0,145.0,210.0,,499.0,0.42,,18.0,33.0,26.0,0.0,210.0,360.0,445.0,805.0,295.0,300.0,595.0,1.51
rivière Jupiter,Q10,13290000,1.399,0.798,271,1993,143.0,54.0,197.0,,396.0,0.5,,25.0,23.0,24.0,17.0,214.0,575.0,238.0,813.0,426.0,173.0,599.0,0.91
rivière Jupiter,Q10,13290000,1.399,0.798,271,1994,217.0,14.0,231.0,,275.0,0.84,,32.0,3.0,21.0,6.0,237.0,668.0,442.0,1110.0,446.0,427.0,873.0,1.84
rivière Jupiter,Q10,13290000,1.399,0.798,271,1995,119.0,30.0,149.0,,382.0,0.39,,21.0,3.0,10.0,9.0,158.0,578.0,898.0,1476.0,458.0,860.0,1318.0,3.59
rivière Jupiter,Q10,13290000,1.399,0.798,271,1996,279.0,39.0,318.0,,358.0,0.89,,27.0,7.0,20.0,6.0,324.0,1046.0,583.0,1629.0,766.0,539.0,1305.0,2.6
rivière Jupiter,Q10,13290000,1.399,0.798,271,1997,80.0,29.0,109.0,146.0,331.0,0.33,0.77,20.0,5.0,11.0,6.0,115.0,397.0,571.0,968.0,317.0,536.0,853.0,2.85
rivière Jupiter,Q10,13290000,1.399,0.798,271,1998,125.0,44.0,169.0,136.0,428.0,0.39,0.71,28.0,10.0,19.0,0.0,169.0,441.0,448.0,889.0,316.0,404.0,720.0,1.86
rivière Jupiter,Q10,13290000,1.399,0.798,271,1999,107.0,31.0,138.0,71.0,488.0,0.28,0.43,22.0,7.0,15.0,0.0,138.0,497.0,419.0,916.0,390.0,388.0,778.0,1.96
rivière Jupiter,Q10,13290000,1.399,0.798,271,2000,162.0,26.0,188.0,125.0,407.0,0.46,0.77,32.0,8.0,23.0,0.0,188.0,499.0,317.0,816.0,337.0,291.0,628.0,1.45
rivière Jupiter,Q10,13290000,1.399,0.798,271,2001,184.0,0.0,184.0,186.0,479.0,0.38,0.77,38.0,0.0,19.0,0.0,184.0,485.0,471.0,956.0,301.0,471.0,772.0,1.96
rivière Jupiter,Q10,13290000,1.399,0.798,271,2002,214.0,0.0,214.0,80.0,514.0,0.42,0.57,37.0,0.0,29.0,0.0,214.0,586.0,148.0,734.0,382.0,138.0,520.0,0.73
rivière Jupiter,Q10,13290000,1.399,0.798,271,2003,215.0,0.0,215.0,206.0,607.0,0.35,0.69,30.0,0.0,20.0,0.0,215.0,713.0,377.0,1090.0,506.0,369.0,875.0,1.66
rivière Jupiter,Q10,13290000,1.399,0.798,271,2004,119.0,0.0,119.0,188.0,546.0,0.22,0.56,33.0,0.0,16.0,0.0,119.0,358.0,366.0,724.0,241.0,364.0,605.0,1.51
rivière Jupiter,Q10,13290000,1.399,0.798,271,2005,137.0,0.0,137.0,119.0,505.0,0.27,0.51,40.0,0.0,24.0,0.0,137.0,339.0,237.0,576.0,206.0,233.0,439.0,0.97
rivière Jupiter,Q10,13290000,1.399,0.798,271,2006,220.0,0.0,220.0,106.0,462.0,0.48,0.71,34.0,0.0,18.0,0.0,220.0,651.0,564.0,1215.0,435.0,560.0,995.0,2.32
rivière Jupiter,Q10,13290000,1.399,0.798,271,2007,190.0,0.0,190.0,212.0,496.0,0.38,0.81,34.0,0.0,19.0,0.0,190.0,552.0,455.0,1007.0,363.0,454.0,817.0,1.88
rivière Jupiter,Q10,13290000,1.399,0.798,271,2008,318.0,0.0,318.0,278.0,551.0,0.58,1.08,49.0,0.0,30.0,0.0,318.0,650.0,394.0,1044.0,339.0,387.0,726.0,1.63
rivière Jupiter,Q10,13290000,1.399,0.798,271,2009,142.0,0.0,142.0,98.0,552.0,0.26,0.43,36.0,0.0,20.0,0.0,142.0,396.0,319.0,715.0,256.0,317.0,573.0,1.33
rivière Jupiter,Q10,13290000,1.399,0.798,271,2010,302.0,0.0,302.0,481.0,542.0,0.56,1.44,42.0,0.0,21.0,0.0,302.0,727.0,710.0,1437.0,429.0,706.0,1135.0,2.87
rivière Jupiter,Q10,13290000,1.399,0.798,271,2011,231.0,0.0,231.0,369.0,587.0,0.39,1.02,51.0,0.0,28.0,0.0,231.0,452.0,367.0,819.0,224.0,364.0,588.0,1.48
rivière Jupiter,Q10,13290000,1.399,0.798,271,2012,203.0,0.0,203.0,147.0,527.0,0.39,0.66,45.0,0.0,29.0,0.0,203.0,449.0,248.0,697.0,246.0,248.0,494.0,1.05
rivière Jupiter,Q10,13290000,1.399,0.798,272,2013,169.0,0.0,169.0,449.0,466.0,0.36,1.33,51.0,0.0,19.0,0.0,169.0,332.0,557.0,889.0,173.0,547.0,720.0,2.15
rivière Jupiter,Q10,13290000,1.399,0.798,272,2014,212.0,0.0,212.0,169.0,521.0,0.41,0.73,50.0,0.0,34.0,0.0,212.0,422.0,197.0,619.0,211.0,196.0,407.0,0.84
rivière Jupiter,Q10,13290000,1.399,0.798,272,2015,353.0,0.0,353.0,575.0,468.0,0.75,1.98,31.0,0.0,24.0,40.0,393.0,1128.0,360.0,1488.0,753.0,342.0,1095.0,1.7
rivière Jupiter,Q10,13290000,1.399,0.798,272,2016,179.0,0.0,179.0,443.0,555.0,0.32,1.12,30.0,0.0,13.0,31.0,210.0,596.0,762.0,1358.0,416.0,732.0,1148.0,3.16
rivière Jupiter,Q10,13290000,1.399,0.798,272,2017,140.0,0.0,140.0,200.0,593.0,0.24,0.57,35.0,0.0,17.0,14.0,154.0,397.0,404.0,801.0,257.0,390.0,647.0,1.69
rivière Jupiter,Q10,13290000,1.399,0.798,272,2018,233.0,0.0,233.0,406.0,564.0,0.41,1.13,34.0,0.0,21.0,28.0,261.0,683.0,420.0,1103.0,441.0,401.0,842.0,1.82
rivière Jupiter,Q10,13290000,1.399,0.798,272,2019,68.0,0.0,68.0,242.0,562.0,0.12,0.55,37.0,0.0,14.0,17.0,85.0,182.0,304.0,486.0,113.0,288.0,401.0,1.22
rivière Jupiter,Q10,13290000,1.399,0.798,272,2020,157.0,0.0,157.0,202.0,453.0,0.35,0.79,36.0,0.0,20.0,14.0,171.0,433.0,353.0,786.0,296.0,319.0,615.0,1.42
rivière Jupiter,Q10,13290000,1.399,0.798,272,2021,174.0,0.0,174.0,252.0,527.0,0.33,0.81,54.0,0.0,37.0,18.0,192.0,321.0,153.0,474.0,144.0,138.0,282.0,0.62
rivière Jupiter,Q10,13290000,1.399,0.798,272,2022,124.0,0.0,124.0,214.0,547.0,0.23,0.62,36.0,0.0,19.0,15.0,139.0,340.0,304.0,644.0,214.0,291.0,505.0,1.28
rivière Jupiter,Q10,13290000,1.399,0.798,272,2023,112.0,0.0,112.0,241.0,524.0,0.21,0.67,61.0,0.0,28.0,17.0,129.0,185.0,220.0,405.0,75.0,201.0,276.0,0.55
rivière Jupiter,Q10,13290000,1.399,0.798,272,2024,20.0,0.0,20.0,107.0,477.0,0.04,0.27,19.0,0.0,5.0,7.0,27.0,104.0,271.0,375.0,83.0,265.0,348.0,0.73
rivière Jupiter,Q10,13290000,1.399,0.798,272,2025,0.0,0.0,0.0,556.0,486.0,0.0,1.14,0.0,0.0,0.0,39.0,39.0,1047.0,217.0,1264.0,1011.0,214.0,1225.0,0.96
rivière à la Loutre,Q10,13320000,0.385,0.099,273,1984,12.0,48.0,60.0,,172.0,0.35,,,,17.0,0.0,60.0,,,360.0,,,300.0,
rivière à la Loutre,Q10,13320000,0.385,0.099,273,1985,20.0,22.0,42.0,,216.0,0.19,,22.0,9.0,12.0,0.0,42.0,89.0,252.0,341.0,69.0,230.0,299.0,0.92
rivière à la Loutre,Q10,13320000,0.385,0.099,273,1986,15.0,87.0,102.0,,266.0,0.38,,22.0,44.0,38.0,0.0,102.0,67.0,200.0,267.0,52.0,113.0,165.0,0.46
rivière à la Loutre,Q10,13320000,0.385,0.099,273,1987,26.0,14.0,40.0,,121.0,0.33,,27.0,10.0,17.0,0.0,40.0,97.0,141.0,238.0,71.0,127.0,198.0,0.54
rivière à la Loutre,Q10,13320000,0.385,0.099,273,1988,28.0,16.0,44.0,,151.0,0.29,,,,,0.0,44.0,,,,,,,
rivière à la Loutre,Q10,13320000,0.385,0.099,273,1989,21.0,22.0,43.0,,254.0,0.17,,34.0,20.0,25.0,0.0,43.0,61.0,108.0,169.0,40.0,86.0,126.0,
rivière à la Loutre,Q10,13320000,0.385,0.099,273,1990,24.0,12.0,36.0,,263.0,0.14,,24.0,12.0,18.0,0.0,36.0,102.0,101.0,203.0,78.0,89.0,167.0,0.38
rivière à la Loutre,Q10,13320000,0.385,0.099,273,1991,51.0,34.0,85.0,,323.0,0.26,,21.0,13.0,17.0,0.0,85.0,243.0,264.0,507.0,192.0,230.0,422.0,0.98
rivière à la Loutre,Q10,13320000,0.385,0.099,273,1992,26.0,20.0,46.0,,380.0,0.12,,25.0,10.0,15.0,0.0,46.0,104.0,203.0,307.0,78.0,183.0,261.0,0.74
rivière à la Loutre,Q10,13320000,0.385,0.099,273,1993,29.0,11.0,40.0,,247.0,0.16,,30.0,20.0,26.0,0.0,40.0,98.0,56.0,154.0,69.0,45.0,114.0,0.19
rivière à la Loutre,Q10,13320000,0.385,0.099,273,1994,36.0,27.0,63.0,,262.0,0.24,,31.0,39.0,34.0,0.0,63.0,118.0,69.0,187.0,82.0,42.0,124.0,0.2
rivière à la Loutre,Q10,13320000,0.385,0.099,273,1995,22.0,30.0,52.0,,294.0,0.18,,20.0,34.0,26.0,0.0,52.0,109.0,88.0,197.0,87.0,58.0,145.0,0.21
rivière à la Loutre,Q10,13320000,0.385,0.099,273,1996,35.0,38.0,73.0,,319.0,0.23,,29.0,24.0,26.0,0.0,73.0,122.0,160.0,282.0,87.0,122.0,209.0,0.51
rivière à la Loutre,Q10,13320000,0.385,0.099,273,1997,12.0,3.0,15.0,,217.0,0.07,,39.0,17.0,31.0,0.0,15.0,31.0,18.0,49.0,19.0,15.0,34.0,0.07
rivière à la Loutre,Q10,13320000,0.385,0.099,273,1998,14.0,11.0,25.0,,195.0,0.13,,21.0,14.0,17.0,0.0,25.0,67.0,80.0,147.0,53.0,69.0,122.0,0.29
rivière à la Loutre,Q10,13320000,0.385,0.099,273,1999,2.0,0.0,2.0,0.0,70.0,0.03,0.03,2.0,0.0,1.0,0.0,2.0,120.0,76.0,196.0,118.0,76.0,194.0,0.35
rivière à la Loutre,Q10,13320000,0.385,0.099,273,2000,27.0,2.0,29.0,0.0,119.0,0.24,0.24,20.0,7.0,18.0,0.0,29.0,135.0,27.0,162.0,108.0,25.0,133.0,0.16
rivière à la Loutre,Q10,13320000,0.385,0.099,273,2001,8.0,1.0,9.0,1.0,222.0,0.04,0.05,27.0,5.0,18.0,0.0,9.0,30.0,20.0,50.0,22.0,19.0,41.0,0.08
rivière à la Loutre,Q10,13320000,0.385,0.099,273,2002,9.0,0.0,9.0,1.0,127.0,0.07,0.08,7.0,0.0,6.0,0.0,9.0,121.0,33.0,154.0,112.0,33.0,145.0,0.18
rivière à la Loutre,Q10,13320000,0.385,0.099,273,2003,9.0,0.0,9.0,5.0,155.0,0.06,0.09,7.0,0.0,5.0,0.0,9.0,133.0,57.0,190.0,125.0,56.0,181.0,0.27
rivière à la Loutre,Q10,13320000,0.385,0.099,273,2004,4.0,0.0,4.0,0.0,161.0,0.02,0.02,5.0,0.0,3.0,0.0,4.0,86.0,42.0,128.0,82.0,42.0,124.0,0.2
rivière à la Loutre,Q10,13320000,0.385,0.099,273,2005,10.0,0.0,10.0,7.0,128.0,0.08,0.13,,,,0.0,10.0,,,,,,,
rivière à la Loutre,Q10,13320000,0.385,0.099,273,2006,5.0,0.0,5.0,0.0,139.0,0.04,0.04,,,,0.0,5.0,,,,,,,
rivière à la Loutre,Q10,13320000,0.385,0.099,273,2007,8.0,0.0,8.0,2.0,133.0,0.06,0.08,,,,0.0,8.0,,,,,,,
rivière à la Loutre,Q10,13320000,0.385,0.099,273,2008,29.0,0.0,29.0,5.0,192.0,0.15,0.18,,,,0.0,29.0,,,,,,,
rivière à la Loutre,Q10,13320000,0.385,0.099,273,2009,7.0,0.0,7.0,1.0,98.0,0.07,0.08,15.0,0.0,5.0,0.0,7.0,47.0,84.0,131.0,40.0,84.0,124.0,0.34
rivière à la Loutre,Q10,13320000,0.385,0.099,273,2010,24.0,0.0,24.0,2.0,297.0,0.08,0.09,28.0,0.0,16.0,0.0,24.0,85.0,66.0,151.0,63.0,64.0,127.0,0.27
rivière à la Loutre,Q10,13320000,0.385,0.099,273,2011,14.0,0.0,14.0,2.0,214.0,0.07,0.07,21.0,0.0,8.0,0.0,14.0,68.0,100.0,168.0,57.0,97.0,154.0,0.39
rivière à la Loutre,Q10,13320000,0.385,0.099,273,2012,28.0,0.0,28.0,1.0,194.0,0.14,0.15,40.0,0.0,27.0,0.0,28.0,70.0,34.0,104.0,44.0,32.0,76.0,0.14
rivière à la Loutre,Q10,13320000,0.385,0.099,274,2013,14.0,0.0,14.0,9.0,221.0,0.06,0.1,,,,0.0,14.0,,,,,,,
rivière à la Loutre,Q10,13320000,0.385,0.099,274,2014,18.0,0.0,18.0,3.0,240.0,0.08,0.09,44.0,0.0,31.0,0.0,18.0,41.0,17.0,58.0,23.0,17.0,40.0,0.08
rivière à la Loutre,Q10,13320000,0.385,0.099,274,2015,29.0,0.0,29.0,35.0,221.0,0.13,0.29,18.0,0.0,12.0,2.0,31.0,162.0,84.0,246.0,131.0,84.0,215.0,0.4
rivière à la Loutre,Q10,13320000,0.385,0.099,274,2016,2.0,0.0,2.0,6.0,186.0,0.01,0.04,4.0,0.0,2.0,0.0,2.0,52.0,71.0,123.0,50.0,71.0,121.0,0.31
rivière à la Loutre,Q10,13320000,0.385,0.099,274,2017,5.0,0.0,5.0,5.0,201.0,0.02,0.05,,,,0.0,5.0,,,,,,,
rivière à la Loutre,Q10,13320000,0.385,0.099,274,2018,17.0,0.0,17.0,16.0,216.0,0.08,0.15,,,,1.0,18.0,,,,,,,
rivière à la Loutre,Q10,13320000,0.385,0.099,274,2019,2.0,0.0,2.0,8.0,198.0,0.01,0.05,,,,1.0,3.0,,,,,,,
rivière à la Loutre,Q10,13320000,0.385,0.099,274,2020,5.0,0.0,5.0,0.0,90.0,0.06,0.06,15.0,0.0,7.0,0.0,5.0,34.0,38.0,72.0,29.0,38.0,67.0,0.17
rivière à la Loutre,Q10,13320000,0.385,0.099,274,2021,9.0,0.0,9.0,18.0,315.0,0.03,0.09,29.0,0.0,10.0,1.0,10.0,31.0,62.0,93.0,24.0,59.0,83.0,0.25
rivière à la Loutre,Q10,13320000,0.385,0.099,274,2022,22.0,0.0,22.0,7.0,268.0,0.08,0.11,33.0,0.0,20.0,0.0,22.0,67.0,42.0,109.0,45.0,42.0,87.0,0.19
rivière à la Loutre,Q10,13320000,0.385,0.099,274,2023,16.0,0.0,16.0,9.0,203.0,0.08,0.12,,,,1.0,17.0,,,,,,,
rivière à la Loutre,Q10,13320000,0.385,0.099,274,2024,0.0,0.0,0.0,1.0,78.0,0.0,0.01,0.0,0.0,0.0,0.0,0.0,17.0,44.0,61.0,17.0,44.0,61.0,0.19
rivière à la Loutre,Q10,13320000,0.385,0.099,274,2025,0.0,0.0,0.0,61.0,119.0,0.0,0.51,,,,4.0,4.0,,,,,,,
rivière aux Cailloux,Q10,13340000,0.311,0.078,275,1984,3.0,6.0,9.0,,89.0,0.1,,,,,0.0,9.0,,,,,,,
rivière aux Cailloux,Q10,13340000,0.311,0.078,275,1985,6.0,6.0,12.0,,84.0,0.14,,,,,0.0,12.0,,,,,,,
rivière aux Cailloux,Q10,13340000,0.311,0.078,275,1986,2.0,6.0,8.0,,64.0,0.13,,,,,0.0,8.0,,,,,,,
rivière aux Cailloux,Q10,13340000,0.311,0.078,275,1987,0.0,2.0,2.0,,4.0,0.5,,,,,0.0,2.0,,,,,,,
rivière aux Cailloux,Q10,13340000,0.311,0.078,275,1988,3.0,2.0,5.0,,23.0,0.22,,,,,0.0,5.0,,,,,,,
rivière aux Cailloux,Q10,13340000,0.311,0.078,275,1989,0.0,0.0,0.0,,7.0,0.0,,,,,0.0,0.0,,,,,,,
rivière aux Cailloux,Q10,13340000,0.311,0.078,275,1990,1.0,0.0,1.0,,25.0,0.04,,,,,0.0,1.0,,,,,,,
rivière aux Cailloux,Q10,13340000,0.311,0.078,275,1991,0.0,1.0,1.0,,25.0,0.04,,,,,0.0,1.0,,,,,,,
rivière aux Cailloux,Q10,13340000,0.311,0.078,275,1992,0.0,0.0,0.0,,39.0,0.0,,,,,0.0,0.0,,,,,,,
rivière aux Cailloux,Q10,13340000,0.311,0.078,275,1993,0.0,0.0,0.0,,28.0,0.0,,,,,0.0,0.0,,,,,,,
rivière aux Cailloux,Q10,13340000,0.311,0.078,275,1994,0.0,1.0,1.0,,32.0,0.03,,,,,0.0,1.0,,,,,,,
rivière aux Cailloux,Q10,13340000,0.311,0.078,275,1995,0.0,0.0,0.0,,7.0,0.0,,,,,0.0,0.0,,,,,,,
rivière aux Cailloux,Q10,13340000,0.311,0.078,275,1996,0.0,0.0,0.0,,30.0,0.0,,,,,0.0,0.0,,,,,,,
rivière aux Cailloux,Q10,13340000,0.311,0.078,275,1997,0.0,0.0,0.0,,9.0,0.0,,,,,0.0,0.0,,,,,,,
rivière aux Cailloux,Q10,13340000,0.311,0.078,275,1998,0.0,0.0,0.0,,3.0,0.0,,,,,0.0,0.0,,,,,,,
rivière aux Cailloux,Q10,13340000,0.311,0.078,275,1999,0.0,0.0,0.0,,5.0,0.0,,,,,0.0,0.0,,,,,,,
rivière aux Cailloux,Q10,13340000,0.311,0.078,275,2000,0.0,0.0,0.0,,15.0,0.0,,,,,0.0,0.0,,,,,,,
rivière aux Cailloux,Q10,13340000,0.311,0.078,275,2001,0.0,0.0,0.0,,17.0,0.0,,,,,0.0,0.0,,,,,,,
rivière aux Cailloux,Q10,13340000,0.311,0.078,275,2002,,,,,,,,,,,,,,,,,,,
rivière aux Cailloux,Q10,13340000,0.311,0.078,275,2003,,,,,,,,,,,,,,,,,,,
rivière aux Cailloux,Q10,13340000,0.311,0.078,275,2004,,,,,,,,,,,,,,,,,,,
rivière aux Cailloux,Q10,13340000,0.311,0.078,275,2005,,,,,,,,,,,,,,,,,,,
rivière aux Cailloux,Q10,13340000,0.311,0.078,275,2006,,,,,,,,,,,,,,,,,,,
rivière aux Cailloux,Q10,13340000,0.311,0.078,275,2007,,,,,,,,,,,,,,,,,,,
rivière aux Cailloux,Q10,13340000,0.311,0.078,275,2008,,,,,,,,,,,,,,,,,,,
rivière aux Cailloux,Q10,13340000,0.311,0.078,275,2009,,,,,,,,,,,,,,,,,,,
rivière aux Cailloux,Q10,13340000,0.311,0.078,275,2010,,,,,,,,,,,,,,,,,,,
rivière aux Cailloux,Q10,13340000,0.311,0.078,275,2011,,,,,,,,,,,,,,,,,,,
rivière aux Cailloux,Q10,13340000,0.311,0.078,275,2012,,,,,,,,,,,,,,,,,,,
rivière aux Cailloux,Q10,13340000,0.311,0.078,276,2013,,,,,,,,,,,,,,,,,,,
rivière aux Cailloux,Q10,13340000,0.311,0.078,276,2014,,,,,,,,,,,,,,,,,,,
rivière aux Cailloux,Q10,13340000,0.311,0.078,276,2015,,,,,,,,,,,,,,,,,,,
rivière aux Cailloux,Q10,13340000,0.311,0.078,276,2016,,,,,,,,,,,,,,,,,,,
rivière aux Cailloux,Q10,13340000,0.311,0.078,276,2017,,,,,,,,,,,,,,,,,,,
rivière aux Cailloux,Q10,13340000,0.311,0.078,276,2018,,,,,,,,,,,,,,,,,,,
rivière aux Cailloux,Q10,13340000,0.311,0.078,276,2019,,,,,,,,,,,,,,,,,,,
rivière aux Cailloux,Q10,13340000,0.311,0.078,276,2020,,,,,,,,,,,,,,,,,,,
rivière aux Cailloux,Q10,13340000,0.311,0.078,276,2021,,,,,,,,,,,,,,,,,,,
rivière aux Cailloux,Q10,13340000,0.311,0.078,276,2022,,,,,,,,,,,,,,,,,,,
rivière aux Cailloux,Q10,13340000,0.311,0.078,276,2023,,,,,,,,,,,,,,,,,,,
rivière aux Cailloux,Q10,13340000,0.311,0.078,276,2024,,,,,,,,,,,,,,,,,,,
rivière aux Cailloux,Q10,13340000,0.311,0.078,276,2025,,,,,,,,,,,,,,,,,,,
rivière Sainte-Marie,Q10,13350000,0.284,0.069,277,1984,1.0,4.0,5.0,,64.0,0.08,,,,,0.0,5.0,,,,,,,
rivière Sainte-Marie,Q10,13350000,0.284,0.069,277,1985,2.0,1.0,3.0,,61.0,0.05,,,,,0.0,3.0,,,,,,,
rivière Sainte-Marie,Q10,13350000,0.284,0.069,277,1986,3.0,1.0,4.0,,77.0,0.05,,,,,0.0,4.0,,,,,,,
rivière Sainte-Marie,Q10,13350000,0.284,0.069,277,1987,2.0,1.0,3.0,,8.0,0.38,,,,,0.0,3.0,,,,,,,
rivière Sainte-Marie,Q10,13350000,0.284,0.069,277,1988,3.0,1.0,4.0,,53.0,0.08,,,,,0.0,4.0,,,,,,,
rivière Sainte-Marie,Q10,13350000,0.284,0.069,277,1989,0.0,0.0,0.0,,37.0,0.0,,,,,0.0,0.0,,,,,,,
rivière Sainte-Marie,Q10,13350000,0.284,0.069,277,1990,1.0,0.0,1.0,,47.0,0.02,,,,,0.0,1.0,,,,,,,
rivière Sainte-Marie,Q10,13350000,0.284,0.069,277,1991,2.0,1.0,3.0,,36.0,0.08,,,,,0.0,3.0,,,,,,,
rivière Sainte-Marie,Q10,13350000,0.284,0.069,277,1992,4.0,6.0,10.0,,78.0,0.13,,,,,0.0,10.0,,,,,,,
rivière Sainte-Marie,Q10,13350000,0.284,0.069,277,1993,2.0,4.0,6.0,,50.0,0.12,,,,,0.0,6.0,,,,,,,
rivière Sainte-Marie,Q10,13350000,0.284,0.069,277,1994,2.0,2.0,4.0,,60.0,0.07,,,,,0.0,4.0,,,,,,,
rivière Sainte-Marie,Q10,13350000,0.284,0.069,277,1995,0.0,0.0,0.0,,60.0,0.0,,,,,0.0,0.0,,,,,,,
rivière Sainte-Marie,Q10,13350000,0.284,0.069,277,1996,2.0,0.0,2.0,,54.0,0.04,,,,,0.0,2.0,,,,,,,
rivière Sainte-Marie,Q10,13350000,0.284,0.069,277,1997,0.0,0.0,0.0,,28.0,0.0,,,,,0.0,0.0,,,,,,,
rivière Sainte-Marie,Q10,13350000,0.284,0.069,277,1998,0.0,1.0,1.0,,11.0,0.09,,,,,0.0,1.0,,,,,,,
rivière Sainte-Marie,Q10,13350000,0.284,0.069,277,1999,0.0,0.0,0.0,,12.0,0.0,,,,,0.0,0.0,,,,,,,
rivière Sainte-Marie,Q10,13350000,0.284,0.069,277,2000,0.0,0.0,0.0,,11.0,0.0,,,,,0.0,0.0,,,,,,,
rivière Sainte-Marie,Q10,13350000,0.284,0.069,277,2001,0.0,0.0,0.0,,7.0,0.0,,,,,0.0,0.0,,,,,,,
rivière Sainte-Marie,Q10,13350000,0.284,0.069,277,2002,,,,,,,,,,,,,,,,,,,
rivière Sainte-Marie,Q10,13350000,0.284,0.069,277,2003,,,,,,,,,,,,,,,,,,,
rivière Sainte-Marie,Q10,13350000,0.284,0.069,277,2004,,,,,,,,,,,,,,,,,,,
rivière Sainte-Marie,Q10,13350000,0.284,0.069,277,2005,,,,,,,,,,,,,,,,,,,
rivière Sainte-Marie,Q10,13350000,0.284,0.069,277,2006,,,,,,,,,,,,,,,,,,,
rivière Sainte-Marie,Q10,13350000,0.284,0.069,277,2007,,,,,,,,,,,,,,,,,,,
rivière Sainte-Marie,Q10,13350000,0.284,0.069,277,2008,,,,,,,,,,,,,,,,,,,
rivière Sainte-Marie,Q10,13350000,0.284,0.069,277,2009,,,,,,,,,,,,,,,,,,,
rivière Sainte-Marie,Q10,13350000,0.284,0.069,277,2010,,,,,,,,,,,,,,,,,,,
rivière Sainte-Marie,Q10,13350000,0.284,0.069,277,2011,,,,,,,,,,,,,,,,,,,
rivière Sainte-Marie,Q10,13350000,0.284,0.069,277,2012,,,,,,,,,,,,,,,,,,,
rivière Sainte-Marie,Q10,13350000,0.284,0.069,278,2013,,,,,,,,,,,,,,,,,,,
rivière Sainte-Marie,Q10,13350000,0.284,0.069,278,2014,,,,,,,,,,,,,,,,,,,
rivière Sainte-Marie,Q10,13350000,0.284,0.069,278,2015,,,,,,,,,,,,,,,,,,,
rivière Sainte-Marie,Q10,13350000,0.284,0.069,278,2016,,,,,,,,,,,,,,,,,,,
rivière Sainte-Marie,Q10,13350000,0.284,0.069,278,2017,,,,,,,,,,,,,,,,,,,
rivière Sainte-Marie,Q10,13350000,0.284,0.069,278,2018,,,,,,,,,,,,,,,,,,,
rivière Sainte-Marie,Q10,13350000,0.284,0.069,278,2019,,,,,,,,,,,,,,,,,,,
rivière Sainte-Marie,Q10,13350000,0.284,0.069,278,2020,,,,,,,,,,,,,,,,,,,
rivière Sainte-Marie,Q10,13350000,0.284,0.069,278,2021,,,,,,,,,,,,,,,,,,,
rivière Sainte-Marie,Q10,13350000,0.284,0.069,278,2022,,,,,,,,,,,,,,,,,,,
rivière Sainte-Marie,Q10,13350000,0.284,0.069,278,2023,,,,,,,,,,,,,,,,,,,
rivière Sainte-Marie,Q10,13350000,0.284,0.069,278,2024,,,,,,,,,,,,,,,,,,,
rivière Sainte-Marie,Q10,13350000,0.284,0.069,278,2025,,,,,,,,,,,,,,,,,,,
rivière Bec-Scie,Q10,13370000,0.246,0.059,279,1984,8.0,60.0,68.0,,263.0,0.26,,17.0,48.0,40.0,0.0,68.0,47.0,125.0,172.0,39.0,65.0,104.0,0.23
rivière Bec-Scie,Q10,13370000,0.246,0.059,279,1985,29.0,34.0,63.0,,207.0,0.3,,25.0,23.0,24.0,0.0,63.0,116.0,147.0,263.0,87.0,113.0,200.0,0.42
rivière Bec-Scie,Q10,13370000,0.246,0.059,279,1986,21.0,50.0,71.0,,167.0,0.43,,54.0,51.0,52.0,0.0,71.0,39.0,98.0,137.0,18.0,48.0,66.0,0.17
rivière Bec-Scie,Q10,13370000,0.246,0.059,279,1987,28.0,19.0,47.0,,187.0,0.25,,22.0,25.0,23.0,0.0,47.0,130.0,75.0,205.0,102.0,56.0,158.0,0.25
rivière Bec-Scie,Q10,13370000,0.246,0.059,279,1988,21.0,25.0,46.0,,182.0,0.25,,22.0,36.0,28.0,0.0,46.0,97.0,70.0,167.0,76.0,45.0,121.0,0.19
rivière Bec-Scie,Q10,13370000,0.246,0.059,279,1989,1.0,3.0,4.0,,105.0,0.04,,1.0,2.0,2.0,0.0,4.0,75.0,125.0,200.0,74.0,122.0,196.0,0.44
rivière Bec-Scie,Q10,13370000,0.246,0.059,279,1990,35.0,9.0,44.0,,211.0,0.21,,24.0,16.0,22.0,0.0,44.0,143.0,55.0,198.0,109.0,45.0,154.0,0.22
rivière Bec-Scie,Q10,13370000,0.246,0.059,279,1991,14.0,22.0,36.0,,184.0,0.2,,15.0,17.0,16.0,0.0,36.0,93.0,131.0,224.0,80.0,105.0,185.0,0.39
rivière Bec-Scie,Q10,13370000,0.246,0.059,279,1992,17.0,15.0,32.0,,178.0,0.18,,20.0,18.0,19.0,0.0,32.0,83.0,83.0,166.0,66.0,68.0,134.0,0.26
rivière Bec-Scie,Q10,13370000,0.246,0.059,279,1993,30.0,5.0,35.0,,122.0,0.29,,29.0,13.0,25.0,0.0,35.0,102.0,38.0,140.0,72.0,33.0,105.0,0.15
rivière Bec-Scie,Q10,13370000,0.246,0.059,279,1994,16.0,7.0,23.0,,157.0,0.15,,33.0,21.0,28.0,0.0,23.0,49.0,34.0,83.0,32.0,28.0,60.0,0.11
rivière Bec-Scie,Q10,13370000,0.246,0.059,279,1995,6.0,4.0,10.0,,122.0,0.08,,11.0,8.0,9.0,1.0,11.0,57.0,50.0,107.0,51.0,45.0,96.0,0.18
rivière Bec-Scie,Q10,13370000,0.246,0.059,279,1996,42.0,16.0,58.0,,152.0,0.38,,46.0,22.0,35.0,1.0,59.0,92.0,72.0,164.0,49.0,56.0,105.0,0.21
rivière Bec-Scie,Q10,13370000,0.246,0.059,279,1997,2.0,2.0,4.0,1.0,80.0,0.05,0.06,7.0,7.0,7.0,0.0,4.0,28.0,28.0,56.0,26.0,26.0,52.0,0.11
rivière Bec-Scie,Q10,13370000,0.246,0.059,279,1998,4.0,7.0,11.0,0.0,78.0,0.14,0.14,9.0,16.0,12.0,0.0,11.0,47.0,44.0,91.0,43.0,37.0,80.0,0.16
rivière Bec-Scie,Q10,13370000,0.246,0.059,279,1999,1.0,1.0,2.0,0.0,55.0,0.04,0.04,3.0,5.0,4.0,0.0,2.0,30.0,19.0,49.0,29.0,18.0,47.0,0.08
rivière Bec-Scie,Q10,13370000,0.246,0.059,279,2000,4.0,0.0,4.0,0.0,59.0,0.07,0.07,13.0,0.0,9.0,0.0,4.0,30.0,14.0,44.0,26.0,14.0,40.0,0.07
rivière Bec-Scie,Q10,13370000,0.246,0.059,279,2001,4.0,0.0,4.0,1.0,71.0,0.06,0.07,20.0,0.0,12.0,0.0,4.0,20.0,14.0,34.0,16.0,14.0,30.0,0.06
rivière Bec-Scie,Q10,13370000,0.246,0.059,279,2002,,,,,,,,,,,0.0,0.0,16.0,7.0,23.0,16.0,7.0,23.0,0.04
rivière Bec-Scie,Q10,13370000,0.246,0.059,279,2003,,,,,,,,,,,,,,,,,,,
rivière Bec-Scie,Q10,13370000,0.246,0.059,279,2004,,,,,,,,,,,,,,,,,,,
rivière Bec-Scie,Q10,13370000,0.246,0.059,279,2005,,,,,,,,,,,,,,,,,,,
rivière Bec-Scie,Q10,13370000,0.246,0.059,279,2006,,,,,,,,,,,,,,,,,,,
rivière Bec-Scie,Q10,13370000,0.246,0.059,279,2007,,,,,,,,,,,,,,,,,,,
rivière Bec-Scie,Q10,13370000,0.246,0.059,279,2008,,,,,,,,,,,,,,,,,,,
rivière Bec-Scie,Q10,13370000,0.246,0.059,279,2009,,,,,,,,,,,,,,,,,,,
rivière Bec-Scie,Q10,13370000,0.246,0.059,279,2010,,,,,,,,,,,,,,,,,,,
rivière Bec-Scie,Q10,13370000,0.246,0.059,279,2011,,,,,,,,,,,,,,,,,,,
rivière Bec-Scie,Q10,13370000,0.246,0.059,279,2012,,,,,,,,,,,,,,,,,,,
rivière Bec-Scie,Q10,13370000,0.246,0.059,280,2013,,,,,,,,,,,,,,,,,,,
rivière Bec-Scie,Q10,13370000,0.246,0.059,280,2014,,,,,,,,,,,,,,,,,,,
rivière Bec-Scie,Q10,13370000,0.246,0.059,280,2015,,,,,,,,,,,,,,,,,,,
rivière Bec-Scie,Q10,13370000,0.246,0.059,280,2016,,,,,,,,,,,,,,,,,,,
rivière Bec-Scie,Q10,13370000,0.246,0.059,280,2017,,,,,,,,,,,,,,,,,,,
rivière Bec-Scie,Q10,13370000,0.246,0.059,280,2018,,,,,,,,,,,,,,,,,,,
rivière Bec-Scie,Q10,13370000,0.246,0.059,280,2019,,,,,,,,,,,,,,,,,,,
rivière Bec-Scie,Q10,13370000,0.246,0.059,280,2020,,,,,,,,,,,,,,,,,,,
rivière Bec-Scie,Q10,13370000,0.246,0.059,280,2021,,,,,,,,,,,,,,,,,,,
rivière Bec-Scie,Q10,13370000,0.246,0.059,280,2022,,,,,,,,,,,,,,,,,,,
rivière Bec-Scie,Q10,13370000,0.246,0.059,280,2023,,,,,,,,,,,,,,,,,,,
rivière Bec-Scie,Q10,13370000,0.246,0.059,280,2024,,,,,,,,,,,,,,,,,,,
rivière Bec-Scie,Q10,13370000,0.246,0.059,280,2025,,,,,,,,,,,,,,,,,,,
rivière à l'Huile,Q10,13520000,0.309,0.077,281,1984,1.0,1.0,2.0,,12.0,0.17,,50.0,33.0,40.0,0.0,2.0,2.0,3.0,5.0,1.0,2.0,3.0,0.01
rivière à l'Huile,Q10,13520000,0.309,0.077,281,1985,6.0,0.0,6.0,,5.0,1.2,,100.0,0.0,40.0,0.0,6.0,6.0,9.0,15.0,0.0,9.0,9.0,0.03
rivière à l'Huile,Q10,13520000,0.309,0.077,281,1986,37.0,23.0,60.0,,147.0,0.41,,47.0,17.0,28.0,0.0,60.0,79.0,133.0,212.0,42.0,110.0,152.0,0.42
rivière à l'Huile,Q10,13520000,0.309,0.077,281,1987,10.0,9.0,19.0,,92.0,0.21,,29.0,11.0,16.0,0.0,19.0,35.0,82.0,117.0,25.0,73.0,98.0,0.28
rivière à l'Huile,Q10,13520000,0.309,0.077,281,1988,3.0,18.0,21.0,,48.0,0.44,,,,,0.0,21.0,,,,,,,
rivière à l'Huile,Q10,13520000,0.309,0.077,281,1989,0.0,1.0,1.0,,52.0,0.02,,0.0,5.0,4.0,0.0,1.0,4.0,19.0,23.0,4.0,18.0,22.0,0.07
rivière à l'Huile,Q10,13520000,0.309,0.077,281,1990,12.0,5.0,17.0,,64.0,0.27,,32.0,38.0,33.0,0.0,17.0,38.0,13.0,51.0,26.0,8.0,34.0,0.04
rivière à l'Huile,Q10,13520000,0.309,0.077,281,1991,16.0,17.0,33.0,,71.0,0.46,,25.0,23.0,24.0,0.0,33.0,64.0,73.0,137.0,48.0,56.0,104.0,0.23
rivière à l'Huile,Q10,13520000,0.309,0.077,281,1992,47.0,15.0,62.0,,178.0,0.35,,39.0,16.0,29.0,0.0,62.0,119.0,92.0,211.0,72.0,77.0,149.0,0.32
rivière à l'Huile,Q10,13520000,0.309,0.077,281,1993,36.0,30.0,66.0,,157.0,0.42,,36.0,24.0,29.0,0.0,66.0,101.0,124.0,225.0,65.0,94.0,159.0,0.43
rivière à l'Huile,Q10,13520000,0.309,0.077,281,1994,8.0,10.0,18.0,,114.0,0.16,,14.0,14.0,14.0,0.0,18.0,56.0,70.0,126.0,48.0,60.0,108.0,0.25
rivière à l'Huile,Q10,13520000,0.309,0.077,281,1995,0.0,0.0,0.0,,16.0,0.0,,0.0,0.0,0.0,0.0,0.0,5.0,8.0,13.0,5.0,8.0,13.0,0.03
rivière à l'Huile,Q10,13520000,0.309,0.077,281,1996,28.0,14.0,42.0,,109.0,0.39,,37.0,25.0,32.0,3.0,45.0,76.0,56.0,132.0,47.0,40.0,87.0,0.17
rivière à l'Huile,Q10,13520000,0.309,0.077,281,1997,0.0,0.0,0.0,,4.0,0.0,,,,,0.0,0.0,,,,,,,
rivière à l'Huile,Q10,13520000,0.309,0.077,281,1998,12.0,3.0,15.0,1.0,36.0,0.42,0.44,34.0,11.0,24.0,0.0,15.0,35.0,27.0,62.0,23.0,24.0,47.0,0.1
rivière à l'Huile,Q10,13520000,0.309,0.077,281,1999,0.0,0.0,0.0,0.0,6.0,0.0,0.0,0.0,0.0,0.0,0.0,0.0,5.0,7.0,12.0,5.0,7.0,12.0,0.03
rivière à l'Huile,Q10,13520000,0.309,0.077,281,2000,1.0,0.0,1.0,0.0,47.0,0.02,0.02,10.0,0.0,6.0,0.0,1.0,10.0,7.0,17.0,9.0,7.0,16.0,0.03
rivière à l'Huile,Q10,13520000,0.309,0.077,281,2001,0.0,0.0,0.0,0.0,16.0,0.0,0.0,0.0,0.0,0.0,0.0,0.0,4.0,8.0,12.0,4.0,8.0,12.0,0.03
rivière à l'Huile,Q10,13520000,0.309,0.077,281,2002,,,,,,,,,,,0.0,0.0,17.0,1.0,18.0,17.0,1.0,18.0,0.01
rivière à l'Huile,Q10,13520000,0.309,0.077,281,2003,,,,,,,,,,,0.0,0.0,16.0,22.0,38.0,16.0,22.0,38.0,0.09
rivière à l'Huile,Q10,13520000,0.309,0.077,281,2004,,,,,,,,,,,,,,,,,,,
rivière à l'Huile,Q10,13520000,0.309,0.077,281,2005,,,,,,,,,,,,,,,,,,,
rivière à l'Huile,Q10,13520000,0.309,0.077,281,2006,,,,,,,,,,,,,,,,,,,
rivière à l'Huile,Q10,13520000,0.309,0.077,281,2007,,,,,,,,,,,,,,,,,,,
rivière à l'Huile,Q10,13520000,0.309,0.077,281,2008,,,,,,,,,,,,,,,,,,,
rivière à l'Huile,Q10,13520000,0.309,0.077,281,2009,,,,,,,,,,,,,,,,,,,
rivière à l'Huile,Q10,13520000,0.309,0.077,281,2010,,,,,,,,,,,,,,,,,,,
rivière à l'Huile,Q10,13520000,0.309,0.077,281,2011,,,,,,,,,,,,,11.0,14.0,25.0,11.0,14.0,25.0,0.06
rivière à l'Huile,Q10,13520000,0.309,0.077,281,2012,,,,,,,,,,,,,3.0,0.0,3.0,3.0,0.0,3.0,0.0
rivière à l'Huile,Q10,13520000,0.309,0.077,282,2013,,,,,,,,,,,,,4.0,13.0,17.0,4.0,13.0,17.0,0.05
rivière à l'Huile,Q10,13520000,0.309,0.077,282,2014,,,,,,,,,,,,,,,,,,,
rivière à l'Huile,Q10,13520000,0.309,0.077,282,2015,,,,,,,,,,,,,12.0,1.0,13.0,12.0,1.0,13.0,0.01
rivière à l'Huile,Q10,13520000,0.309,0.077,282,2016,,,,,,,,,,,,,4.0,3.0,7.0,4.0,3.0,7.0,0.01
rivière à l'Huile,Q10,13520000,0.309,0.077,282,2017,,,,,,,,,,,,,,,,,,,
rivière à l'Huile,Q10,13520000,0.309,0.077,282,2018,,,,,,,,,,,,,5.0,0.0,5.0,5.0,0.0,5.0,0.0
rivière à l'Huile,Q10,13520000,0.309,0.077,282,2019,,,,,,,,,,,,,,,,,,,
rivière à l'Huile,Q10,13520000,0.309,0.077,282,2020,,,,,,,,,,,,,0.0,0.0,0.0,0.0,0.0,0.0,0.0
rivière à l'Huile,Q10,13520000,0.309,0.077,282,2021,,,,,,,,,,,,,5.0,0.0,5.0,5.0,0.0,5.0,0.0
rivière à l'Huile,Q10,13520000,0.309,0.077,282,2022,,,,,,,,,,,,,0.0,0.0,0.0,0.0,0.0,0.0,0.0
rivière à l'Huile,Q10,13520000,0.309,0.077,282,2023,,,,,,,,,,,,,,,,,,,
rivière à l'Huile,Q10,13520000,0.309,0.077,282,2024,,,,,,,,,,,,,,,,,,,
rivière à l'Huile,Q10,13520000,0.309,0.077,282,2025,,,,,,,,,,,,,,,,,,,
rivière MacDonald,Q10,13580000,0.311,0.078,283,1984,27.0,18.0,45.0,,112.0,0.4,,51.0,6.0,13.0,0.0,45.0,53.0,302.0,355.0,26.0,284.0,310.0,1.05
rivière MacDonald,Q10,13580000,0.311,0.078,283,1985,106.0,42.0,148.0,,175.0,0.85,,28.0,14.0,22.0,0.0,148.0,384.0,292.0,676.0,278.0,250.0,528.0,1.04
rivière MacDonald,Q10,13580000,0.311,0.078,283,1986,62.0,57.0,119.0,,184.0,0.65,,28.0,8.0,13.0,0.0,119.0,223.0,684.0,907.0,161.0,627.0,788.0,2.36
rivière MacDonald,Q10,13580000,0.311,0.078,283,1987,34.0,16.0,50.0,,102.0,0.49,,20.0,6.0,12.0,0.0,50.0,168.0,247.0,415.0,134.0,231.0,365.0,0.91
rivière MacDonald,Q10,13580000,0.311,0.078,283,1988,27.0,25.0,52.0,,112.0,0.46,,36.0,26.0,30.0,0.0,52.0,76.0,96.0,172.0,49.0,71.0,120.0,
rivière MacDonald,Q10,13580000,0.311,0.078,283,1989,21.0,25.0,46.0,,131.0,0.35,,29.0,16.0,20.0,0.0,46.0,73.0,159.0,232.0,52.0,134.0,186.0,0.51
rivière MacDonald,Q10,13580000,0.311,0.078,283,1990,28.0,14.0,42.0,,106.0,0.4,,25.0,14.0,20.0,0.0,42.0,113.0,97.0,210.0,85.0,83.0,168.0,0.34
rivière MacDonald,Q10,13580000,0.311,0.078,283,1991,10.0,10.0,20.0,,38.0,0.53,,15.0,14.0,14.0,0.0,20.0,66.0,72.0,138.0,56.0,62.0,118.0,0.25
rivière MacDonald,Q10,13580000,0.311,0.078,283,1992,26.0,12.0,38.0,,133.0,0.29,,46.0,11.0,23.0,0.0,38.0,57.0,110.0,167.0,31.0,98.0,129.0,0.37
rivière MacDonald,Q10,13580000,0.311,0.078,283,1993,35.0,18.0,53.0,,81.0,0.65,,23.0,19.0,22.0,0.0,53.0,150.0,96.0,246.0,115.0,78.0,193.0,0.32
rivière MacDonald,Q10,13580000,0.311,0.078,283,1994,4.0,8.0,12.0,,50.0,0.24,,18.0,24.0,22.0,0.0,12.0,22.0,33.0,55.0,18.0,25.0,43.0,0.1
rivière MacDonald,Q10,13580000,0.311,0.078,283,1995,0.0,0.0,0.0,,4.0,0.0,,0.0,0.0,0.0,0.0,0.0,6.0,3.0,9.0,6.0,3.0,9.0,0.01
rivière MacDonald,Q10,13580000,0.311,0.078,283,1996,4.0,2.0,6.0,,18.0,0.33,,4.0,3.0,4.0,1.0,7.0,96.0,60.0,156.0,91.0,58.0,149.0,0.26
rivière MacDonald,Q10,13580000,0.311,0.078,283,1997,0.0,0.0,0.0,,0.0,,,0.0,0.0,0.0,0.0,0.0,18.0,29.0,47.0,18.0,29.0,47.0,0.12
rivière MacDonald,Q10,13580000,0.311,0.078,283,1998,7.0,4.0,11.0,,6.0,1.83,,64.0,27.0,42.0,0.0,11.0,11.0,15.0,26.0,4.0,11.0,15.0,0.04
rivière MacDonald,Q10,13580000,0.311,0.078,283,1999,1.0,0.0,1.0,,4.0,0.25,,50.0,0.0,14.0,0.0,1.0,2.0,5.0,7.0,1.0,5.0,6.0,0.02
rivière MacDonald,Q10,13580000,0.311,0.078,283,2000,1.0,0.0,1.0,,4.0,0.25,,3.0,0.0,3.0,0.0,1.0,30.0,9.0,39.0,29.0,9.0,38.0,0.05
rivière MacDonald,Q10,13580000,0.311,0.078,283,2001,0.0,0.0,0.0,,7.0,0.0,,0.0,0.0,0.0,0.0,0.0,6.0,12.0,18.0,6.0,12.0,18.0,0.05
rivière MacDonald,Q10,13580000,0.311,0.078,283,2002,,,,,,,,,,,0.0,0.0,29.0,7.0,36.0,29.0,7.0,36.0,0.04
rivière MacDonald,Q10,13580000,0.311,0.078,283,2003,,,,,,,,,,,0.0,0.0,44.0,35.0,79.0,44.0,35.0,79.0,0.16
rivière MacDonald,Q10,13580000,0.311,0.078,283,2004,,,,,,,,,,,,,,,,,,,
rivière MacDonald,Q10,13580000,0.311,0.078,283,2005,,,,,,,,,,,,,,,,,,,
rivière MacDonald,Q10,13580000,0.311,0.078,283,2006,,,,,,,,,,,,,,,,,,,
rivière MacDonald,Q10,13580000,0.311,0.078,283,2007,,,,,,,,,,,,,,,,,,,
rivière MacDonald,Q10,13580000,0.311,0.078,283,2008,,,,,,,,,,,,,,,,,,,
rivière MacDonald,Q10,13580000,0.311,0.078,283,2009,,,,,,,,,,,,,,,,,,,
rivière MacDonald,Q10,13580000,0.311,0.078,283,2010,,,,,,,,,,,,,,,,,,,
rivière MacDonald,Q10,13580000,0.311,0.078,283,2011,,,,,,,,,,,,,16.0,21.0,37.0,16.0,21.0,37.0,0.09
rivière MacDonald,Q10,13580000,0.311,0.078,283,2012,,,,,,,,,,,,,35.0,5.0,40.0,35.0,5.0,40.0,0.04
rivière MacDonald,Q10,13580000,0.311,0.078,284,2013,,,,,,,,,,,,,18.0,64.0,82.0,18.0,64.0,82.0,0.25
rivière MacDonald,Q10,13580000,0.311,0.078,284,2014,,,,,,,,,,,,,51.0,47.0,98.0,51.0,47.0,98.0,0.21
rivière MacDonald,Q10,13580000,0.311,0.078,284,2015,,,,,,,,,,,,,90.0,34.0,124.0,90.0,34.0,124.0,0.18
rivière MacDonald,Q10,13580000,0.311,0.078,284,2016,,,,,,,,,,,,,37.0,67.0,104.0,37.0,67.0,104.0,0.29
rivière MacDonald,Q10,13580000,0.311,0.078,284,2017,,,,,,,,,,,,,39.0,34.0,73.0,39.0,34.0,73.0,0.16
rivière MacDonald,Q10,13580000,0.311,0.078,284,2018,,,,,,,,,,,,,1.0,8.0,9.0,1.0,8.0,9.0,0.03
rivière MacDonald,Q10,13580000,0.311,0.078,284,2019,,,,,,,,,,,,,,,,,,,
rivière MacDonald,Q10,13580000,0.311,0.078,284,2020,,,,,,,,,,,,,42.0,62.0,104.0,42.0,62.0,104.0,0.27
rivière MacDonald,Q10,13580000,0.311,0.078,284,2021,,,,,,,,,,,,,88.0,25.0,113.0,88.0,25.0,113.0,0.14
rivière MacDonald,Q10,13580000,0.311,0.078,284,2022,,,,,,,,,,,,,21.0,12.0,33.0,21.0,12.0,33.0,0.06
rivière MacDonald,Q10,13580000,0.311,0.078,284,2023,,,,,,,,,,,,,,,,,,,
rivière MacDonald,Q10,13580000,0.311,0.078,284,2024,,,,,,,,,,,,,,,,,,,
rivière MacDonald,Q10,13580000,0.311,0.078,284,2025,,,,,,,,,,,,,,,,,,,
rivière à la Patate,Q10,13610000,0.209,0.048,285,1984,8.0,5.0,13.0,,89.0,0.15,,30.0,7.0,13.0,0.0,13.0,27.0,73.0,100.0,19.0,68.0,87.0,0.26
rivière à la Patate,Q10,13610000,0.209,0.048,285,1985,7.0,18.0,25.0,,79.0,0.32,,35.0,40.0,38.0,0.0,25.0,20.0,45.0,65.0,13.0,27.0,40.0,0.11
rivière à la Patate,Q10,13610000,0.209,0.048,285,1986,5.0,4.0,9.0,,28.0,0.32,,18.0,3.0,5.0,0.0,9.0,28.0,154.0,182.0,23.0,150.0,173.0,0.57
rivière à la Patate,Q10,13610000,0.209,0.048,285,1987,6.0,3.0,9.0,,24.0,0.38,,21.0,4.0,9.0,0.0,9.0,28.0,77.0,105.0,22.0,74.0,96.0,0.28
rivière à la Patate,Q10,13610000,0.209,0.048,285,1988,10.0,4.0,14.0,,44.0,0.32,,,,,0.0,14.0,,,,,,,
rivière à la Patate,Q10,13610000,0.209,0.048,285,1989,3.0,8.0,11.0,,48.0,0.23,,9.0,10.0,10.0,0.0,11.0,33.0,82.0,115.0,30.0,74.0,104.0,0.29
rivière à la Patate,Q10,13610000,0.209,0.048,285,1990,20.0,8.0,28.0,,66.0,0.42,,25.0,14.0,20.0,0.0,28.0,81.0,58.0,139.0,61.0,50.0,111.0,0.22
rivière à la Patate,Q10,13610000,0.209,0.048,285,1991,5.0,4.0,9.0,,30.0,0.3,,28.0,57.0,36.0,0.0,9.0,18.0,7.0,25.0,13.0,3.0,16.0,0.02
rivière à la Patate,Q10,13610000,0.209,0.048,285,1992,20.0,11.0,31.0,,91.0,0.34,,25.0,8.0,14.0,0.0,31.0,79.0,143.0,222.0,59.0,132.0,191.0,0.52
rivière à la Patate,Q10,13610000,0.209,0.048,285,1993,16.0,4.0,20.0,,58.0,0.34,,15.0,5.0,10.0,0.0,20.0,106.0,85.0,191.0,90.0,81.0,171.0,0.34
rivière à la Patate,Q10,13610000,0.209,0.048,285,1994,7.0,5.0,12.0,,59.0,0.2,,27.0,14.0,20.0,0.0,12.0,26.0,35.0,61.0,19.0,30.0,49.0,0.12
rivière à la Patate,Q10,13610000,0.209,0.048,285,1995,0.0,0.0,0.0,,5.0,0.0,,0.0,0.0,0.0,0.0,0.0,21.0,16.0,37.0,21.0,16.0,37.0,0.07
rivière à la Patate,Q10,13610000,0.209,0.048,285,1996,19.0,8.0,27.0,,60.0,0.45,,28.0,11.0,19.0,0.0,27.0,69.0,75.0,144.0,50.0,67.0,117.0,0.28
rivière à la Patate,Q10,13610000,0.209,0.048,285,1997,2.0,1.0,3.0,,20.0,0.15,,13.0,3.0,6.0,0.0,3.0,16.0,38.0,54.0,14.0,37.0,51.0,0.15
rivière à la Patate,Q10,13610000,0.209,0.048,285,1998,5.0,6.0,11.0,,29.0,0.38,,7.0,11.0,9.0,0.0,11.0,70.0,55.0,125.0,65.0,49.0,114.0,0.22
rivière à la Patate,Q10,13610000,0.209,0.048,285,1999,1.0,0.0,1.0,,13.0,0.08,,,,,0.0,1.0,,,,,,,
rivière à la Patate,Q10,13610000,0.209,0.048,285,2000,7.0,4.0,11.0,9.0,39.0,0.28,0.51,16.0,7.0,11.0,0.0,11.0,45.0,54.0,99.0,38.0,50.0,88.0,0.21
rivière à la Patate,Q10,13610000,0.209,0.048,285,2001,3.0,0.0,3.0,0.0,22.0,0.14,0.14,15.0,0.0,7.0,0.0,3.0,20.0,21.0,41.0,17.0,21.0,38.0,0.09
rivière à la Patate,Q10,13610000,0.209,0.048,285,2002,,,,,,,,,,,0.0,0.0,23.0,12.0,35.0,23.0,12.0,35.0,0.06
rivière à la Patate,Q10,13610000,0.209,0.048,285,2003,,,,,,,,,,,0.0,0.0,14.0,23.0,37.0,14.0,23.0,37.0,0.09
rivière à la Patate,Q10,13610000,0.209,0.048,285,2004,,,,,,,,,,,,,,,,,,,
rivière à la Patate,Q10,13610000,0.209,0.048,285,2005,,,,,,,,,,,,,,,,,,,
rivière à la Patate,Q10,13610000,0.209,0.048,285,2006,,,,,,,,,,,,,,,,,,,
rivière à la Patate,Q10,13610000,0.209,0.048,285,2007,,,,,,,,,,,,,,,,,,,
rivière à la Patate,Q10,13610000,0.209,0.048,285,2008,,,,,,,,,,,,,,,,,,,
rivière à la Patate,Q10,13610000,0.209,0.048,285,2009,,,,,,,,,,,,,,,,,,,
rivière à la Patate,Q10,13610000,0.209,0.048,285,2010,,,,,,,,,,,,,,,,,,,
rivière à la Patate,Q10,13610000,0.209,0.048,285,2011,,,,,,,,,,,,,103.0,86.0,189.0,103.0,86.0,189.0,0.38
rivière à la Patate,Q10,13610000,0.209,0.048,285,2012,,,,,,,,,,,,,53.0,20.0,73.0,53.0,20.0,73.0,0.1
rivière à la Patate,Q10,13610000,0.209,0.048,286,2013,,,,,,,,,,,,,40.0,65.0,105.0,40.0,65.0,105.0,0.26
rivière à la Patate,Q10,13610000,0.209,0.048,286,2014,,,,,,,,,,,,,47.0,38.0,85.0,47.0,38.0,85.0,0.18
rivière à la Patate,Q10,13610000,0.209,0.048,286,2015,,,,,,,,,,,,,134.0,46.0,180.0,134.0,46.0,180.0,0.25
rivière à la Patate,Q10,13610000,0.209,0.048,286,2016,,,,,,,,,,,,,75.0,100.0,175.0,75.0,100.0,175.0,0.44
rivière à la Patate,Q10,13610000,0.209,0.048,286,2017,,,,,,,,,,,,,52.0,50.0,102.0,52.0,50.0,102.0,0.23
rivière à la Patate,Q10,13610000,0.209,0.048,286,2018,,,,,,,,,,,,,24.0,22.0,46.0,24.0,22.0,46.0,0.1
rivière à la Patate,Q10,13610000,0.209,0.048,286,2019,,,,,,,,,,,,,13.0,21.0,34.0,13.0,21.0,34.0,0.09
rivière à la Patate,Q10,13610000,0.209,0.048,286,2020,,,,,,,,,,,,,16.0,13.0,29.0,16.0,13.0,29.0,0.06
rivière à la Patate,Q10,13610000,0.209,0.048,286,2021,,,,,,,,,,,,,20.0,0.0,20.0,20.0,0.0,20.0,0.01
rivière à la Patate,Q10,13610000,0.209,0.048,286,2022,,,,,,,,,,,,,97.0,33.0,130.0,97.0,33.0,130.0,0.18
rivière à la Patate,Q10,13610000,0.209,0.048,286,2023,,,,,,,,,,,,,,,,,,,
rivière à la Patate,Q10,13610000,0.209,0.048,286,2024,,,,,,,,,,,,,0.0,0.0,0.0,0.0,0.0,0.0,0.0
rivière à la Patate,Q10,13610000,0.209,0.048,286,2025,,,,,,,,,,,,,,,,,,,
rivière Vauréal,Q10,13650000,0.244,0.057,287,1984,0.0,2.0,2.0,,18.0,0.11,,,,,0.0,2.0,,,,,,,
rivière Vauréal,Q10,13650000,0.244,0.057,287,1985,3.0,1.0,4.0,,62.0,0.06,,23.0,2.0,7.0,0.0,4.0,13.0,43.0,56.0,10.0,42.0,52.0,0.17
rivière Vauréal,Q10,13650000,0.244,0.057,287,1986,0.0,0.0,0.0,,1.0,0.0,,0.0,0.0,0.0,0.0,0.0,26.0,95.0,121.0,26.0,95.0,121.0,0.38
rivière Vauréal,Q10,13650000,0.244,0.057,287,1987,2.0,0.0,2.0,,12.0,0.17,,5.0,0.0,2.0,0.0,2.0,43.0,82.0,125.0,41.0,82.0,123.0,0.33
rivière Vauréal,Q10,13650000,0.244,0.057,287,1988,0.0,0.0,0.0,,8.0,0.0,,,,,0.0,0.0,,,,,,,
rivière Vauréal,Q10,13650000,0.244,0.057,287,1989,3.0,1.0,4.0,,9.0,0.44,,,100100100.0,,0.0,4.0,3.0,1.0,4.0,0.0,0.0,0.0,0.0
rivière Vauréal,Q10,13650000,0.244,0.057,287,1990,0.0,0.0,0.0,,9.0,0.0,,0.0,0.0,0.0,0.0,0.0,69.0,24.0,93.0,69.0,24.0,93.0,0.13
rivière Vauréal,Q10,13650000,0.244,0.057,287,1991,1.0,2.0,3.0,,10.0,0.3,,,100100100.0,,0.0,3.0,1.0,2.0,3.0,0.0,0.0,0.0,0.0
rivière Vauréal,Q10,13650000,0.244,0.057,287,1992,10.0,3.0,13.0,,41.0,0.32,,24.0,3.0,10.0,0.0,13.0,41.0,92.0,133.0,31.0,89.0,120.0,0.36
rivière Vauréal,Q10,13650000,0.244,0.057,287,1993,8.0,2.0,10.0,,24.0,0.42,,8.0,3.0,6.0,0.0,10.0,97.0,60.0,157.0,89.0,58.0,147.0,0.22
rivière Vauréal,Q10,13650000,0.244,0.057,287,1994,6.0,7.0,13.0,,27.0,0.48,,15.0,18.0,17.0,0.0,13.0,39.0,39.0,78.0,33.0,32.0,65.0,0.14
rivière Vauréal,Q10,13650000,0.244,0.057,287,1995,0.0,0.0,0.0,,7.0,0.0,,0.0,0.0,0.0,0.0,0.0,8.0,13.0,21.0,8.0,13.0,21.0,0.05
rivière Vauréal,Q10,13650000,0.244,0.057,287,1996,2.0,9.0,11.0,,15.0,0.73,,7.0,32.0,20.0,0.0,11.0,27.0,28.0,55.0,25.0,19.0,44.0,0.08
rivière Vauréal,Q10,13650000,0.244,0.057,287,1997,2.0,6.0,8.0,,26.0,0.31,,8.0,15.0,12.0,0.0,8.0,26.0,39.0,65.0,24.0,33.0,57.0,0.14
rivière Vauréal,Q10,13650000,0.244,0.057,287,1998,0.0,0.0,0.0,,2.0,0.0,,0.0,0.0,0.0,0.0,0.0,20.0,23.0,43.0,20.0,23.0,43.0,0.1
rivière Vauréal,Q10,13650000,0.244,0.057,287,1999,0.0,0.0,0.0,,1.0,0.0,,,,,0.0,0.0,,,,,,,
rivière Vauréal,Q10,13650000,0.244,0.057,287,2000,0.0,0.0,0.0,1.0,8.0,0.0,0.13,0.0,0.0,0.0,0.0,0.0,35.0,32.0,67.0,35.0,32.0,67.0,0.14
rivière Vauréal,Q10,13650000,0.244,0.057,287,2001,0.0,1.0,1.0,0.0,8.0,0.13,0.13,0.0,4.0,3.0,0.0,1.0,9.0,26.0,35.0,9.0,25.0,34.0,0.1
rivière Vauréal,Q10,13650000,0.244,0.057,287,2002,,,,,,,,,,,,,,,,,,,
rivière Vauréal,Q10,13650000,0.244,0.057,287,2003,,,,,,,,,,,,,,,,,,,
rivière Vauréal,Q10,13650000,0.244,0.057,287,2004,,,,,,,,,,,,,,,,,,,
rivière Vauréal,Q10,13650000,0.244,0.057,287,2005,,,,,,,,,,,,,,,,,,,
rivière Vauréal,Q10,13650000,0.244,0.057,287,2006,,,,,,,,,,,,,16.0,12.0,28.0,16.0,12.0,28.0,0.05
rivière Vauréal,Q10,13650000,0.244,0.057,287,2007,,,,,,,,,,,,,40.0,42.0,82.0,40.0,42.0,82.0,0.18
rivière Vauréal,Q10,13650000,0.244,0.057,287,2008,,,,,,,,,,,,,44.0,30.0,74.0,44.0,30.0,74.0,0.14
rivière Vauréal,Q10,13650000,0.244,0.057,287,2009,,,,,,,,,,,,,13.0,11.0,24.0,13.0,11.0,24.0,0.05
rivière Vauréal,Q10,13650000,0.244,0.057,287,2010,,,,,,,,,,,,,,,,,,,
rivière Vauréal,Q10,13650000,0.244,0.057,287,2011,,,,,,,,,,,,,53.0,57.0,110.0,53.0,57.0,110.0,0.24
rivière Vauréal,Q10,13650000,0.244,0.057,287,2012,,,,,,,,,,,,,62.0,42.0,104.0,62.0,42.0,104.0,0.19
rivière Vauréal,Q10,13650000,0.244,0.057,288,2013,,,,,,,,,,,,,34.0,79.0,113.0,34.0,79.0,113.0,0.31
rivière Vauréal,Q10,13650000,0.244,0.057,288,2014,,,,,,,,,,,,,53.0,32.0,85.0,53.0,32.0,85.0,0.15
rivière Vauréal,Q10,13650000,0.244,0.057,288,2015,,,,,,,,,,,,,137.0,101.0,238.0,137.0,101.0,238.0,0.47
rivière Vauréal,Q10,13650000,0.244,0.057,288,2016,,,,,,,,,,,,,10.0,21.0,31.0,10.0,21.0,31.0,0.09
rivière Vauréal,Q10,13650000,0.244,0.057,288,2017,,,,,,,,,,,,,22.0,23.0,45.0,22.0,23.0,45.0,0.1
rivière Vauréal,Q10,13650000,0.244,0.057,288,2018,,,,,,,,,,,,,21.0,14.0,35.0,21.0,14.0,35.0,0.07
rivière Vauréal,Q10,13650000,0.244,0.057,288,2019,,,,,,,,,,,,,,,,,,,
rivière Vauréal,Q10,13650000,0.244,0.057,288,2020,,,,,,,,,,,,,15.0,6.0,21.0,15.0,6.0,21.0,0.03
rivière Vauréal,Q10,13650000,0.244,0.057,288,2021,,,,,,,,,,,,,45.0,55.0,100.0,45.0,55.0,100.0,0.24
rivière Vauréal,Q10,13650000,0.244,0.057,288,2022,,,,,,,,,,,,,26.0,29.0,55.0,26.0,29.0,55.0,0.13
rivière Vauréal,Q10,13650000,0.244,0.057,288,2023,,,,,,,,,,,,,,,,,,,
rivière Vauréal,Q10,13650000,0.244,0.057,288,2024,,,,,,,,,,,,,1.0,0.0,1.0,1.0,0.0,1.0,0.0
rivière Vauréal,Q10,13650000,0.244,0.057,288,2025,,,,,,,,,,,,,,,,,,,
rivière aux Saumons,Q10,13730000,1.15,0.334,289,1984,118.0,257.0,375.0,,460.0,0.82,,,,,0.0,375.0,,,,,,,
rivière aux Saumons,Q10,13730000,1.15,0.334,289,1985,193.0,252.0,445.0,,449.0,0.99,,46.0,24.0,30.0,0.0,445.0,420.0,1045.0,1465.0,227.0,793.0,1020.0,3.1
rivière aux Saumons,Q10,13730000,1.15,0.334,289,1986,74.0,240.0,314.0,,451.0,0.7,,,,,0.0,314.0,,,,,,,
rivière aux Saumons,Q10,13730000,1.15,0.334,289,1987,111.0,89.0,200.0,,288.0,0.69,,,,,0.0,200.0,,,,,,,
rivière aux Saumons,Q10,13730000,1.15,0.334,289,1988,84.0,98.0,182.0,,262.0,0.69,,,,,0.0,182.0,,,,,,,
rivière aux Saumons,Q10,13730000,1.15,0.334,289,1989,29.0,78.0,107.0,,344.0,0.31,,16.0,14.0,14.0,0.0,107.0,187.0,562.0,749.0,158.0,484.0,642.0,1.9
rivière aux Saumons,Q10,13730000,1.15,0.334,289,1990,38.0,56.0,94.0,,211.0,0.45,,,,,0.0,94.0,,,,,,,
rivière aux Saumons,Q10,13730000,1.15,0.334,289,1991,14.0,64.0,78.0,,203.0,0.38,,13.0,29.0,24.0,0.0,78.0,111.0,220.0,331.0,97.0,156.0,253.0,0.64
rivière aux Saumons,Q10,13730000,1.15,0.334,289,1992,34.0,46.0,80.0,,188.0,0.43,,,,,0.0,80.0,,,,,,,
rivière aux Saumons,Q10,13730000,1.15,0.334,289,1993,65.0,52.0,117.0,,148.0,0.79,,,,,0.0,117.0,,,,,,,
rivière aux Saumons,Q10,13730000,1.15,0.334,289,1994,22.0,47.0,69.0,,117.0,0.59,,15.0,47.0,28.0,0.0,69.0,144.0,100.0,244.0,122.0,53.0,175.0,
rivière aux Saumons,Q10,13730000,1.15,0.334,289,1995,0.0,18.0,18.0,,137.0,0.13,,,,,0.0,18.0,,,,,,,
rivière aux Saumons,Q10,13730000,1.15,0.334,289,1996,70.0,108.0,178.0,,200.0,0.89,,15.0,24.0,19.0,0.0,178.0,462.0,459.0,921.0,392.0,351.0,743.0,1.66
rivière aux Saumons,Q10,13730000,1.15,0.334,289,1997,22.0,63.0,85.0,46.0,198.0,0.43,0.66,14.0,25.0,21.0,0.0,85.0,153.0,257.0,410.0,131.0,194.0,325.0,1.03
rivière aux Saumons,Q10,13730000,1.15,0.334,289,1998,27.0,48.0,75.0,0.0,305.0,0.25,0.25,,,,0.0,75.0,,,,,,,
rivière aux Saumons,Q10,13730000,1.15,0.334,289,1999,1.0,9.0,10.0,0.0,97.0,0.1,0.1,,,,0.0,10.0,,,,,,,
rivière aux Saumons,Q10,13730000,1.15,0.334,289,2000,16.0,12.0,28.0,1.0,230.0,0.12,0.13,10.0,11.0,10.0,0.0,28.0,168.0,114.0,282.0,152.0,102.0,254.0,0.51
rivière aux Saumons,Q10,13730000,1.15,0.334,289,2001,16.0,32.0,48.0,3.0,271.0,0.18,0.19,14.0,16.0,16.0,0.0,48.0,111.0,196.0,307.0,95.0,164.0,259.0,0.62
rivière aux Saumons,Q10,13730000,1.15,0.334,289,2002,35.0,0.0,35.0,0.0,276.0,0.13,0.13,21.0,0.0,18.0,0.0,35.0,164.0,31.0,195.0,131.0,29.0,160.0,0.18
rivière aux Saumons,Q10,13730000,1.15,0.334,289,2003,19.0,0.0,19.0,9.0,130.0,0.15,0.22,13.0,0.0,8.0,0.0,19.0,150.0,94.0,244.0,141.0,84.0,225.0,0.39
rivière aux Saumons,Q10,13730000,1.15,0.334,289,2004,15.0,0.0,15.0,21.0,62.0,0.24,0.58,,,,0.0,15.0,,,,,,,
rivière aux Saumons,Q10,13730000,1.15,0.334,289,2005,8.0,0.0,8.0,10.0,122.0,0.07,0.15,,,,0.0,8.0,,,,,,,
rivière aux Saumons,Q10,13730000,1.15,0.334,289,2006,45.0,0.0,45.0,46.0,307.0,0.15,0.3,,,,0.0,45.0,,,,,,,
rivière aux Saumons,Q10,13730000,1.15,0.334,289,2007,33.0,0.0,33.0,14.0,290.0,0.11,0.16,,,,0.0,33.0,,,,,,,
rivière aux Saumons,Q10,13730000,1.15,0.334,289,2008,33.0,0.0,33.0,9.0,242.0,0.14,0.17,,,,0.0,33.0,,,,,,,
rivière aux Saumons,Q10,13730000,1.15,0.334,289,2009,44.0,0.0,44.0,29.0,197.0,0.22,0.37,10.0,0.0,7.0,0.0,44.0,450.0,204.0,654.0,407.0,203.0,610.0,0.97
rivière aux Saumons,Q10,13730000,1.15,0.334,289,2010,43.0,0.0,43.0,26.0,205.0,0.21,0.34,,,,0.0,43.0,,,,,,,
rivière aux Saumons,Q10,13730000,1.15,0.334,289,2011,118.0,0.0,118.0,19.0,185.0,0.64,0.74,,,,0.0,118.0,,,,,,,
rivière aux Saumons,Q10,13730000,1.15,0.334,289,2012,38.0,0.0,38.0,11.0,154.0,0.25,0.32,23.0,0.0,15.0,0.0,38.0,163.0,90.0,253.0,125.0,90.0,215.0,0.4
rivière aux Saumons,Q10,13730000,1.15,0.334,290,2013,49.0,0.0,49.0,32.0,188.0,0.26,0.43,,,,0.0,49.0,,,,,,,
rivière aux Saumons,Q10,13730000,1.15,0.334,290,2014,74.0,0.0,74.0,10.0,174.0,0.43,0.48,,,,0.0,74.0,,,,,,,
rivière aux Saumons,Q10,13730000,1.15,0.334,290,2015,167.0,0.0,167.0,80.0,265.0,0.63,0.93,,,,6.0,173.0,,,,,,,
rivière aux Saumons,Q10,13730000,1.15,0.334,290,2016,83.0,0.0,83.0,49.0,285.0,0.29,0.46,,,,3.0,86.0,,,,,,,
rivière aux Saumons,Q10,13730000,1.15,0.334,290,2017,41.0,0.0,41.0,20.0,116.0,0.35,0.53,,,,1.0,42.0,,,,,,,
rivière aux Saumons,Q10,13730000,1.15,0.334,290,2018,54.0,0.0,54.0,33.0,146.0,0.37,0.6,,,,2.0,56.0,,,,,,,
rivière aux Saumons,Q10,13730000,1.15,0.334,290,2019,59.0,0.0,59.0,53.0,169.0,0.35,0.66,,,,4.0,63.0,,,,,,,
rivière aux Saumons,Q10,13730000,1.15,0.334,290,2020,44.0,0.0,44.0,34.0,210.0,0.21,0.37,,,,2.0,46.0,,,,,,,
rivière aux Saumons,Q10,13730000,1.15,0.334,290,2021,81.0,0.0,81.0,64.0,206.0,0.39,0.7,,,,4.0,85.0,,,,,,,
rivière aux Saumons,Q10,13730000,1.15,0.334,290,2022,68.0,0.0,68.0,25.0,263.0,0.26,0.35,36.0,0.0,28.0,2.0,70.0,190.0,55.0,245.0,121.0,54.0,175.0,0.27
rivière aux Saumons,Q10,13730000,1.15,0.334,290,2023,34.0,0.0,34.0,38.0,378.0,0.09,0.19,,,,3.0,37.0,,,,,,,
rivière aux Saumons,Q10,13730000,1.15,0.334,290,2024,16.0,0.0,16.0,26.0,275.0,0.06,0.15,22.0,0.0,5.0,2.0,18.0,73.0,220.0,293.0,58.0,217.0,275.0,0.91
rivière aux Saumons,Q10,13730000,1.15,0.334,290,2025,0.0,0.0,0.0,8.0,149.0,0.0,0.05,,,,1.0,1.0,,,,,,,
rivière du Renard,Q10,13800000,0.337,0.085,291,1984,0.0,0.0,0.0,,0.0,,,,0.0,0.0,0.0,0.0,0.0,1.0,1.0,0.0,1.0,1.0,0.0
rivière du Renard,Q10,13800000,0.337,0.085,291,1985,0.0,0.0,0.0,,0.0,,,,,,0.0,0.0,,,,,,,
rivière du Renard,Q10,13800000,0.337,0.085,291,1986,0.0,0.0,0.0,,0.0,,,0.0,0.0,0.0,0.0,0.0,13.0,39.0,52.0,13.0,39.0,52.0,0.16
rivière du Renard,Q10,13800000,0.337,0.085,291,1987,0.0,0.0,0.0,,0.0,,,,,,0.0,0.0,,,,,,,
rivière du Renard,Q10,13800000,0.337,0.085,291,1988,0.0,0.0,0.0,,0.0,,,,,,0.0,0.0,,,,,,,
rivière du Renard,Q10,13800000,0.337,0.085,291,1989,0.0,0.0,0.0,,0.0,,,,,,0.0,0.0,,,,,,,
rivière du Renard,Q10,13800000,0.337,0.085,291,1990,0.0,0.0,0.0,,0.0,,,,,,0.0,0.0,,,,,,,
rivière du Renard,Q10,13800000,0.337,0.085,291,1991,0.0,0.0,0.0,,0.0,,,,,,0.0,0.0,,,,,,,
rivière du Renard,Q10,13800000,0.337,0.085,291,1992,0.0,0.0,0.0,,0.0,,,,,,0.0,0.0,,,,,,,
rivière du Renard,Q10,13800000,0.337,0.085,291,1993,0.0,0.0,0.0,,0.0,,,,,,0.0,0.0,,,,,,,
rivière du Renard,Q10,13800000,0.337,0.085,291,1994,0.0,0.0,0.0,,0.0,,,,,,0.0,0.0,,,,,,,
rivière du Renard,Q10,13800000,0.337,0.085,291,1995,0.0,0.0,0.0,,0.0,,,,,,0.0,0.0,,,,,,,
rivière du Renard,Q10,13800000,0.337,0.085,291,1996,1.0,0.0,1.0,,1.0,1.0,,,,,7.0,8.0,,,,,,,
rivière du Renard,Q10,13800000,0.337,0.085,291,1997,0.0,0.0,0.0,,0.0,,,,,,0.0,0.0,,,,,,,
rivière du Renard,Q10,13800000,0.337,0.085,291,1998,0.0,0.0,0.0,,0.0,,,,,,0.0,0.0,,,,,,,
rivière du Renard,Q10,13800000,0.337,0.085,291,1999,0.0,0.0,0.0,,0.0,,,,,,0.0,0.0,,,,,,,
rivière du Renard,Q10,13800000,0.337,0.085,291,2000,0.0,0.0,0.0,,0.0,,,,,,0.0,0.0,,,,,,,
rivière du Renard,Q10,13800000,0.337,0.085,291,2001,0.0,0.0,0.0,,0.0,,,,,,0.0,0.0,,,,,,,
rivière du Renard,Q10,13800000,0.337,0.085,291,2002,,,,,,,,,,,,,,,,,,,
rivière du Renard,Q10,13800000,0.337,0.085,291,2003,,,,,,,,,,,,,,,,,,,
rivière du Renard,Q10,13800000,0.337,0.085,291,2004,,,,,,,,,,,,,,,,,,,
rivière du Renard,Q10,13800000,0.337,0.085,291,2005,,,,,,,,,,,,,,,,,,,
rivière du Renard,Q10,13800000,0.337,0.085,291,2006,,,,,,,,,,,,,,,,,,,
rivière du Renard,Q10,13800000,0.337,0.085,291,2007,,,,,,,,,,,,,,,,,,,
rivière du Renard,Q10,13800000,0.337,0.085,291,2008,,,,,,,,,,,,,,,,,,,
rivière du Renard,Q10,13800000,0.337,0.085,291,2009,,,,,,,,,,,,,,,,,,,
rivière du Renard,Q10,13800000,0.337,0.085,291,2010,,,,,,,,,,,,,,,,,,,
rivière du Renard,Q10,13800000,0.337,0.085,291,2011,,,,,,,,,,,,,,,,,,,
rivière du Renard,Q10,13800000,0.337,0.085,291,2012,,,,,,,,,,,,,,,,,,,
rivière du Renard,Q10,13800000,0.337,0.085,292,2013,,,,,,,,,,,,,,,,,,,
rivière du Renard,Q10,13800000,0.337,0.085,292,2014,,,,,,,,,,,,,,,,,,,
rivière du Renard,Q10,13800000,0.337,0.085,292,2015,,,,,,,,,,,,,,,,,,,
rivière du Renard,Q10,13800000,0.337,0.085,292,2016,,,,,,,,,,,,,,,,,,,
rivière du Renard,Q10,13800000,0.337,0.085,292,2017,,,,,,,,,,,,,,,,,,,
rivière du Renard,Q10,13800000,0.337,0.085,292,2018,,,,,,,,,,,,,,,,,,,
rivière du Renard,Q10,13800000,0.337,0.085,292,2019,,,,,,,,,,,,,,,,,,,
rivière du Renard,Q10,13800000,0.337,0.085,292,2020,,,,,,,,,,,,,,,,,,,
rivière du Renard,Q10,13800000,0.337,0.085,292,2021,,,,,,,,,,,,,,,,,,,
rivière du Renard,Q10,13800000,0.337,0.085,292,2022,,,,,,,,,,,,,,,,,,,
rivière du Renard,Q10,13800000,0.337,0.085,292,2023,,,,,,,,,,,,,,,,,,,
rivière du Renard,Q10,13800000,0.337,0.085,292,2024,,,,,,,,,,,,,,,,,,,
rivière du Renard,Q10,13800000,0.337,0.085,292,2025,,,,,,,,,,,,,,,,,,,
rivière aux Feuilles,Q11,10270000,,,293,1984,,,,,,,,,,,0.0,0.0,,,,,,,
rivière aux Feuilles,Q11,10270000,,,293,1985,,,,,,,,,,,0.0,0.0,,,,,,,
rivière aux Feuilles,Q11,10270000,,,293,1986,,,,,,,,,,,0.0,0.0,,,,,,,
rivière aux Feuilles,Q11,10270000,,,293,1987,,,,,,,,,,,0.0,0.0,,,,,,,
rivière aux Feuilles,Q11,10270000,,,293,1988,,,,,,,,,,,0.0,0.0,,,,,,,
rivière aux Feuilles,Q11,10270000,,,293,1989,,,,,,,,,,,0.0,0.0,,,,,,,
rivière aux Feuilles,Q11,10270000,,,293,1990,4.0,5.0,9.0,,24.0,0.38,,,,,0.0,9.0,,,,,,,
rivière aux Feuilles,Q11,10270000,,,293,1991,0.0,2.0,2.0,,81.0,0.02,,,,,0.0,2.0,,,,,,,
rivière aux Feuilles,Q11,10270000,,,293,1992,,,,,,,,,,,0.0,0.0,,,,,,,
rivière aux Feuilles,Q11,10270000,,,293,1993,,,,,,,,,,,0.0,0.0,,,,,,,
rivière aux Feuilles,Q11,10270000,,,293,1994,,,,,,,,,,,0.0,0.0,,,,,,,
rivière aux Feuilles,Q11,10270000,,,293,1995,0.0,1.0,1.0,,1.0,1.0,,,,,0.0,1.0,,,,,,,
rivière aux Feuilles,Q11,10270000,,,293,1996,,,,,,,,,,,0.0,0.0,,,,,,,
rivière aux Feuilles,Q11,10270000,,,293,1997,17.0,12.0,29.0,,158.0,0.18,,,,,0.0,29.0,,,,,,,
rivière aux Feuilles,Q11,10270000,,,293,1998,18.0,12.0,30.0,,,,,,,,0.0,30.0,,,,,,,
rivière aux Feuilles,Q11,10270000,,,293,1999,0.0,36.0,36.0,,,,,,,,0.0,36.0,,,,,,,
rivière aux Feuilles,Q11,10270000,,,293,2000,44.0,31.0,75.0,,,,,,,,0.0,75.0,,,,,,,
rivière aux Feuilles,Q11,10270000,,,293,2001,14.0,17.0,31.0,3.0,26.0,1.19,1.31,,,,0.0,31.0,,,,,,,
rivière aux Feuilles,Q11,10270000,,,293,2002,8.0,24.0,32.0,12.0,29.0,1.1,1.52,,,,0.0,32.0,,,,,,,
rivière aux Feuilles,Q11,10270000,,,293,2003,36.0,44.0,80.0,88.0,85.0,0.94,1.98,,,,0.0,80.0,,,,,,,
rivière aux Feuilles,Q11,10270000,,,293,2004,15.0,46.0,61.0,43.0,62.0,0.98,1.68,,,,0.0,61.0,,,,,,,
rivière aux Feuilles,Q11,10270000,,,293,2005,49.0,18.0,67.0,2.0,61.0,1.1,1.13,,,,0.0,67.0,,,,,,,
rivière aux Feuilles,Q11,10270000,,,293,2006,10.0,28.0,38.0,76.0,64.0,0.59,1.78,,,,0.0,38.0,,,,,,,
rivière aux Feuilles,Q11,10270000,,,293,2007,35.0,42.0,77.0,26.0,67.0,1.15,1.54,,,,0.0,77.0,,,,,,,
rivière aux Feuilles,Q11,10270000,,,293,2008,26.0,35.0,61.0,,,,,,,,0.0,61.0,,,,,,,
rivière aux Feuilles,Q11,10270000,,,293,2009,10.0,47.0,57.0,2.0,,,,,,,0.0,57.0,,,,,,,
rivière aux Feuilles,Q11,10270000,,,293,2010,25.0,52.0,77.0,,,,,,,,0.0,77.0,,,,,,,
rivière aux Feuilles,Q11,10270000,,,293,2011,62.0,62.0,124.0,,161.0,0.77,,,,,0.0,124.0,,,,,,,
rivière aux Feuilles,Q11,10270000,,,293,2012,0.0,4.0,4.0,3.0,3.0,1.33,2.33,,,,0.0,4.0,,,,,,,
rivière aux Feuilles,Q11,10270000,,,294,2013,14.0,46.0,60.0,10.0,57.0,1.05,1.23,,,,0.0,60.0,,,,,,,
rivière aux Feuilles,Q11,10270000,,,294,2014,12.0,45.0,57.0,0.0,53.0,1.08,1.08,,,,0.0,57.0,,,,,,,
rivière aux Feuilles,Q11,10270000,,,294,2015,25.0,44.0,69.0,0.0,59.0,1.17,1.17,,,,0.0,69.0,,,,,,,
rivière aux Feuilles,Q11,10270000,,,294,2016,20.0,67.0,87.0,34.0,100.0,0.87,1.21,,,,2.0,89.0,,,,,,,
rivière aux Feuilles,Q11,10270000,,,294,2017,26.0,48.0,74.0,21.0,73.0,1.01,1.3,,,,1.0,75.0,,,,,,,
rivière aux Feuilles,Q11,10270000,,,294,2018,9.0,38.0,47.0,60.0,63.0,0.75,1.7,,,,4.0,51.0,,,,,,,
rivière aux Feuilles,Q11,10270000,,,294,2019,16.0,61.0,77.0,55.0,76.0,1.01,1.74,,,,4.0,81.0,,,,,,,
rivière aux Feuilles,Q11,10270000,,,294,2020,,,,,,,,,,,,,,,,,,,
rivière aux Feuilles,Q11,10270000,,,294,2021,13.0,81.0,94.0,123.0,154.0,0.61,1.41,,,,9.0,103.0,,,,,,,
rivière aux Feuilles,Q11,10270000,,,294,2022,40.0,61.0,101.0,156.0,206.0,0.49,1.25,,,,11.0,112.0,,,,,,,
rivière aux Feuilles,Q11,10270000,,,294,2023,31.0,46.0,77.0,70.0,76.0,1.01,1.93,,,,5.0,82.0,,,,,,,
rivière aux Feuilles,Q11,10270000,,,294,2024,11.0,60.0,71.0,142.0,117.0,0.61,1.82,,,,10.0,81.0,,,,,,,
rivière aux Feuilles,Q11,10270000,,,294,2025,11.0,37.0,48.0,112.0,315.0,0.15,0.51,,,,8.0,56.0,,,,,,,
rivière Koksoak,Q11,10350000,,,295,1984,56.0,55.0,111.0,,228.0,0.49,,,,,0.0,111.0,,,,,,,
rivière Koksoak,Q11,10350000,,,295,1985,40.0,7.0,47.0,,108.0,0.44,,,,,0.0,47.0,,,,,,,
rivière Koksoak,Q11,10350000,,,295,1986,59.0,51.0,110.0,,245.0,0.45,,,,,0.0,110.0,,,,,,,
rivière Koksoak,Q11,10350000,,,295,1987,311.0,172.0,483.0,,342.0,1.41,,,,,0.0,483.0,,,,,,,
rivière Koksoak,Q11,10350000,,,295,1988,672.0,166.0,838.0,,641.0,1.31,,,,,8.0,846.0,,,,,,,
rivière Koksoak,Q11,10350000,,,295,1989,361.0,116.0,477.0,,461.0,1.03,,,,,0.0,477.0,,,,,,,
rivière Koksoak,Q11,10350000,,,295,1990,147.0,51.0,198.0,,369.0,0.54,,,,,0.0,198.0,,,,,,,
rivière Koksoak,Q11,10350000,,,295,1991,194.0,87.0,281.0,,448.0,0.63,,,,,0.0,281.0,,,,,,,
rivière Koksoak,Q11,10350000,,,295,1992,105.0,32.0,137.0,,264.0,0.52,,,,,0.0,137.0,,,,,,,
rivière Koksoak,Q11,10350000,,,295,1993,90.0,26.0,116.0,,296.0,0.39,,,,,0.0,116.0,,,,,,,
rivière Koksoak,Q11,10350000,,,295,1994,80.0,38.0,118.0,,203.0,0.58,,,,,0.0,118.0,,,,,,,
rivière Koksoak,Q11,10350000,,,295,1995,100.0,60.0,160.0,,200.0,0.8,,,,,0.0,160.0,,,,,,,
rivière Koksoak,Q11,10350000,,,295,1996,130.0,12.0,142.0,,,,,,,,0.0,142.0,,,,,,,
rivière Koksoak,Q11,10350000,,,295,1997,181.0,62.0,243.0,99.0,321.0,0.76,1.07,,,,0.0,243.0,,,,,,,
rivière Koksoak,Q11,10350000,,,295,1998,205.0,67.0,272.0,89.0,375.0,0.73,0.96,,,,0.0,272.0,,,,,,,
rivière Koksoak,Q11,10350000,,,295,1999,112.0,127.0,239.0,,,,,,,,0.0,239.0,,,,,,,
rivière Koksoak,Q11,10350000,,,295,2000,226.0,74.0,300.0,,,,,,,,0.0,300.0,,,,,,,
rivière Koksoak,Q11,10350000,,,295,2001,216.0,169.0,385.0,905.0,557.0,0.69,2.32,,,,0.0,385.0,,,,,,,
rivière Koksoak,Q11,10350000,,,295,2002,120.0,153.0,273.0,280.0,383.0,0.71,1.44,,,,0.0,273.0,,,,,,,
rivière Koksoak,Q11,10350000,,,295,2003,251.0,182.0,433.0,1093.0,475.0,0.91,3.21,,,,0.0,433.0,,,,,,,
rivière Koksoak,Q11,10350000,,,295,2004,376.0,352.0,728.0,1043.0,502.0,1.45,3.53,,,,0.0,728.0,,,,,,,
rivière Koksoak,Q11,10350000,,,295,2005,99.0,228.0,327.0,1514.0,552.0,0.59,3.34,,,,0.0,327.0,,,,,,,
rivière Koksoak,Q11,10350000,,,295,2006,115.0,179.0,294.0,972.0,608.0,0.48,2.08,,,,0.0,294.0,,,,,,,
rivière Koksoak,Q11,10350000,,,295,2007,23.0,85.0,108.0,647.0,297.0,0.36,2.54,,,,0.0,108.0,,,,,,,
rivière Koksoak,Q11,10350000,,,295,2008,82.0,60.0,142.0,163.0,270.0,0.53,1.13,,,,0.0,142.0,,,,,,,
rivière Koksoak,Q11,10350000,,,295,2009,64.0,223.0,287.0,218.0,,,,,,,0.0,287.0,,,,,,,
rivière Koksoak,Q11,10350000,,,295,2010,94.0,148.0,242.0,,,,,,,,0.0,242.0,,,,,,,
rivière Koksoak,Q11,10350000,,,295,2011,99.0,239.0,338.0,143.0,235.0,1.44,2.05,,,,0.0,338.0,,,,,,,
rivière Koksoak,Q11,10350000,,,295,2012,111.0,160.0,271.0,212.0,249.0,1.09,1.94,,,,0.0,271.0,,,,,,,
rivière Koksoak,Q11,10350000,,,296,2013,66.0,165.0,231.0,66.0,204.0,1.13,1.46,,,,0.0,231.0,,,,,,,
rivière Koksoak,Q11,10350000,,,296,2014,42.0,186.0,228.0,83.0,290.0,0.79,1.07,,,,0.0,228.0,,,,,,,
rivière Koksoak,Q11,10350000,,,296,2015,67.0,130.0,197.0,158.0,194.0,1.02,1.83,,,,11.0,208.0,,,,,,,
rivière Koksoak,Q11,10350000,,,296,2016,106.0,108.0,214.0,170.0,200.0,1.07,1.92,,,,12.0,226.0,,,,,,,
rivière Koksoak,Q11,10350000,,,296,2017,163.0,131.0,294.0,271.0,297.0,0.99,1.9,,,,19.0,313.0,,,,,,,
rivière Koksoak,Q11,10350000,,,296,2018,93.0,221.0,314.0,134.0,275.0,1.14,1.63,,,,9.0,323.0,,,,,,,
rivière Koksoak,Q11,10350000,,,296,2019,44.0,79.0,123.0,88.0,145.0,0.85,1.46,,,,6.0,129.0,,,,,,,
rivière Koksoak,Q11,10350000,,,296,2020,44.0,41.0,85.0,47.0,105.0,0.81,1.26,,,,3.0,88.0,,,,,,,
rivière Koksoak,Q11,10350000,,,296,2021,24.0,18.0,42.0,2.0,42.0,1.0,1.05,,,,0.0,42.0,,,,,,,
rivière Koksoak,Q11,10350000,,,296,2022,59.0,39.0,98.0,2.0,94.0,1.04,1.06,,,,0.0,98.0,,,,,,,
rivière Koksoak,Q11,10350000,,,296,2023,59.0,56.0,115.0,11.0,144.0,0.8,0.88,,,,1.0,116.0,,,,,,,
rivière Koksoak,Q11,10350000,,,296,2024,,,,,,,,,,,,,,,,,,,
rivière Koksoak,Q11,10350000,,,296,2025,16.0,51.0,67.0,210.0,412.0,0.16,0.67,,,,15.0,82.0,,,,,,,
rivière à la Baleine,Q11,10400000,,,297,1984,55.0,101.0,156.0,,491.0,0.32,,,,,0.0,156.0,,,,,,,
rivière à la Baleine,Q11,10400000,,,297,1985,64.0,118.0,182.0,,421.0,0.43,,,,,0.0,182.0,,,,,,,
rivière à la Baleine,Q11,10400000,,,297,1986,155.0,79.0,234.0,,478.0,0.49,,,,,0.0,234.0,,,,,,,
rivière à la Baleine,Q11,10400000,,,297,1987,211.0,84.0,295.0,,542.0,0.54,,,,,61.0,356.0,,,,,,,
rivière à la Baleine,Q11,10400000,,,297,1988,91.0,68.0,159.0,,448.0,0.35,,,,,22.0,181.0,,,,,,,
rivière à la Baleine,Q11,10400000,,,297,1989,134.0,65.0,199.0,,608.0,0.33,,,,,0.0,199.0,,,,,,,
rivière à la Baleine,Q11,10400000,,,297,1990,75.0,66.0,141.0,,395.0,0.36,,,,,0.0,141.0,,,,,,,
rivière à la Baleine,Q11,10400000,,,297,1991,3.0,38.0,41.0,,455.0,0.09,,,,,0.0,41.0,,,,,,,
rivière à la Baleine,Q11,10400000,,,297,1992,27.0,14.0,41.0,,170.0,0.24,,,,,0.0,41.0,,,,,,,
rivière à la Baleine,Q11,10400000,,,297,1993,15.0,15.0,30.0,,169.0,0.18,,,,,0.0,30.0,,,,,,,
rivière à la Baleine,Q11,10400000,,,297,1994,29.0,6.0,35.0,,202.0,0.17,,,,,0.0,35.0,,,,,,,
rivière à la Baleine,Q11,10400000,,,297,1995,41.0,15.0,56.0,,142.0,0.39,,,,,0.0,56.0,,,,,,,
rivière à la Baleine,Q11,10400000,,,297,1996,17.0,23.0,40.0,,271.0,0.15,,,,,0.0,40.0,,,,,,,
rivière à la Baleine,Q11,10400000,,,297,1997,30.0,13.0,43.0,65.0,200.0,0.22,0.54,,,,0.0,43.0,,,,,,,
rivière à la Baleine,Q11,10400000,,,297,1998,28.0,17.0,45.0,81.0,258.0,0.17,0.49,,,,0.0,45.0,,,,,,,
rivière à la Baleine,Q11,10400000,,,297,1999,26.0,50.0,76.0,,,,,,,,0.0,76.0,,,,,,,
rivière à la Baleine,Q11,10400000,,,297,2000,,,,,,,,,,,,,,,,,,,
rivière à la Baleine,Q11,10400000,,,297,2001,172.0,101.0,273.0,,250.0,1.09,,,,,0.0,273.0,,,,,,,
rivière à la Baleine,Q11,10400000,,,297,2002,14.0,8.0,22.0,280.0,,,,,,,0.0,22.0,,,,,,,
rivière à la Baleine,Q11,10400000,,,297,2003,,,,10.0,,,,,,,,,,,,,,,
rivière à la Baleine,Q11,10400000,,,297,2004,,,,,,,,,,,,,,,,,,,
rivière à la Baleine,Q11,10400000,,,297,2005,4.0,32.0,36.0,7.0,42.0,0.86,1.02,,,,,36.0,,,,,,,
rivière à la Baleine,Q11,10400000,,,297,2006,,,,,,,,,,,,,,,,,,,
rivière à la Baleine,Q11,10400000,,,297,2007,,,,,,,,,,,,,,,,,,,
rivière à la Baleine,Q11,10400000,,,297,2008,,,,,,,,,,,,,,,,,,,
rivière à la Baleine,Q11,10400000,,,297,2009,,,,,,,,,,,,,,,,,,,
rivière à la Baleine,Q11,10400000,,,297,2010,,,,,,,,,,,,,,,,,,,
rivière à la Baleine,Q11,10400000,,,297,2011,26.0,119.0,145.0,,152.0,0.95,,,,,0.0,145.0,,,,,,,
rivière à la Baleine,Q11,10400000,,,297,2012,0.0,0.0,0.0,166.0,106.0,0.0,1.57,,,,0.0,0.0,,,,,,,
rivière à la Baleine,Q11,10400000,,,298,2013,0.0,0.0,0.0,655.0,175.0,0.0,3.74,,,,0.0,0.0,,,,,,,
rivière à la Baleine,Q11,10400000,,,298,2014,0.0,0.0,0.0,399.0,,,,,,,0.0,0.0,,,,,,,
rivière à la Baleine,Q11,10400000,,,298,2015,0.0,0.0,0.0,144.0,130.0,0.0,1.11,,,,10.0,10.0,,,,,,,
rivière à la Baleine,Q11,10400000,,,298,2016,3.0,1.0,4.0,401.0,170.0,0.02,2.38,,,,28.0,32.0,,,,,,,
rivière à la Baleine,Q11,10400000,,,298,2017,7.0,3.0,10.0,564.0,176.0,0.06,3.26,,,,39.0,49.0,,,,,,,
rivière à la Baleine,Q11,10400000,,,298,2018,0.0,0.0,0.0,163.0,135.0,0.0,1.21,,,,11.0,11.0,,,,,,,
rivière à la Baleine,Q11,10400000,,,298,2019,0.0,1.0,1.0,340.0,231.0,0.0,1.48,,,,24.0,25.0,,,,,,,
rivière à la Baleine,Q11,10400000,,,298,2020,,,,,,,,,,,,,,,,,,,
rivière à la Baleine,Q11,10400000,,,298,2021,,,,,,,,,,,,,,,,,,,
rivière à la Baleine,Q11,10400000,,,298,2022,0.0,0.0,0.0,159.0,180.0,0.0,0.88,,,,11.0,11.0,,,,,,,
rivière à la Baleine,Q11,10400000,,,298,2023,0.0,0.0,0.0,292.0,188.0,0.0,1.55,,,,20.0,20.0,,,,,,,
rivière à la Baleine,Q11,10400000,,,298,2024,0.0,0.0,0.0,229.0,147.0,0.0,1.56,,,,16.0,16.0,,,,,,,
rivière à la Baleine,Q11,10400000,,,298,2025,0.0,0.0,0.0,164.0,237.0,0.0,0.69,,,,11.0,11.0,,,,,,,
rivière à la Baleine,Q11,10400000,,,298,2014,,2022.0,,,,,,1998.0,2001.0,2002.0,,,,,,,,2001.0,
rivière George,Q11,10480000,,,299,1984,277.0,629.0,906.0,,2118.0,0.43,,,,,0.0,906.0,,,,,,,
rivière George,Q11,10480000,,,299,1985,262.0,583.0,845.0,,2053.0,0.41,,,,,0.0,845.0,,,,,,,
rivière George,Q11,10480000,,,299,1986,557.0,595.0,1152.0,,1963.0,0.59,,,,,8.0,1160.0,,,,,,,
rivière George,Q11,10480000,,,299,1987,801.0,786.0,1587.0,,1941.0,0.82,,,,,0.0,1587.0,,,,,,,
rivière George,Q11,10480000,,,299,1988,597.0,812.0,1409.0,,1802.0,0.78,,,,,0.0,1409.0,,,,,,,
rivière George,Q11,10480000,,,299,1989,574.0,489.0,1063.0,,2180.0,0.49,,,,,0.0,1063.0,,,,,,,
rivière George,Q11,10480000,,,299,1990,561.0,492.0,1053.0,,1797.0,0.59,,,,,0.0,1053.0,,,,,,,
rivière George,Q11,10480000,,,299,1991,375.0,286.0,661.0,,1852.0,0.36,,,,,0.0,661.0,,,,,,,
rivière George,Q11,10480000,,,299,1992,82.0,117.0,199.0,,1181.0,0.17,,,,,0.0,199.0,,,,,,,
rivière George,Q11,10480000,,,299,1993,115.0,153.0,268.0,,630.0,0.43,,,,,0.0,268.0,,,,,,,
rivière George,Q11,10480000,,,299,1994,95.0,163.0,258.0,,1062.0,0.24,,,,,0.0,258.0,,,,,,,
rivière George,Q11,10480000,,,299,1995,188.0,89.0,277.0,,662.0,0.42,,,,,0.0,277.0,,,,,,,
rivière George,Q11,10480000,,,299,1996,120.0,90.0,210.0,,835.0,0.25,,,,,0.0,210.0,,,,,,,
rivière George,Q11,10480000,,,299,1997,55.0,56.0,111.0,9.0,550.0,0.2,0.22,,,,0.0,111.0,,,,,,,
rivière George,Q11,10480000,,,299,1998,71.0,74.0,145.0,29.0,325.0,0.45,0.54,,,,0.0,145.0,,,,,,,
rivière George,Q11,10480000,,,299,1999,61.0,172.0,233.0,,,,,,,,0.0,233.0,,,,,,,
rivière George,Q11,10480000,,,299,2000,74.0,76.0,150.0,,,,,,,,0.0,150.0,,,,,,,
rivière George,Q11,10480000,,,299,2001,17.0,34.0,51.0,77.0,186.0,0.27,0.69,,,,0.0,51.0,,,,,,,
rivière George,Q11,10480000,,,299,2002,35.0,56.0,91.0,13.0,416.0,0.22,0.25,,,,0.0,91.0,,,,,,,
rivière George,Q11,10480000,,,299,2003,31.0,76.0,107.0,119.0,346.0,0.31,0.65,,,,0.0,107.0,,,,,,,
rivière George,Q11,10480000,,,299,2004,37.0,61.0,98.0,46.0,355.0,0.28,0.41,,,,0.0,98.0,,,,,,,
rivière George,Q11,10480000,,,299,2005,91.0,98.0,189.0,146.0,438.0,0.43,0.76,,,,0.0,189.0,,,,,,,
rivière George,Q11,10480000,,,299,2006,49.0,79.0,128.0,70.0,410.0,0.31,0.48,,,,0.0,128.0,,,,,,,
rivière George,Q11,10480000,,,299,2007,16.0,35.0,51.0,22.0,272.0,0.19,0.27,,,,0.0,51.0,,,,,,,
rivière George,Q11,10480000,,,299,2008,78.0,76.0,154.0,211.0,288.0,0.53,1.27,,,,0.0,154.0,,,,,,,
rivière George,Q11,10480000,,,299,2009,19.0,51.0,70.0,44.0,,,,,,,0.0,70.0,,,,,,,
rivière George,Q11,10480000,,,299,2010,56.0,106.0,162.0,,,,,,,,0.0,162.0,,,,,,,
rivière George,Q11,10480000,,,299,2011,86.0,192.0,278.0,227.0,323.0,0.86,1.56,,,,0.0,278.0,,,,,,,
rivière George,Q11,10480000,,,299,2012,136.0,75.0,211.0,227.0,218.0,0.97,2.01,,,,0.0,211.0,,,,,,,
rivière George,Q11,10480000,,,300,2013,53.0,137.0,190.0,276.0,230.0,0.83,2.03,,,,0.0,190.0,,,,,,,
rivière George,Q11,10480000,,,300,2014,51.0,82.0,133.0,124.0,193.0,0.69,1.33,,,,0.0,133.0,,,,,,,
rivière George,Q11,10480000,,,300,2015,156.0,115.0,271.0,309.0,313.0,0.87,1.85,,,,22.0,293.0,,,,,,,
rivière George,Q11,10480000,,,300,2016,176.0,159.0,335.0,1077.0,491.0,0.68,2.88,,,,75.0,410.0,,,,,,,
rivière George,Q11,10480000,,,300,2017,218.0,221.0,439.0,1158.0,560.0,0.78,2.85,,,,81.0,520.0,,,,,,,
rivière George,Q11,10480000,,,300,2018,123.0,256.0,379.0,944.0,681.0,0.56,1.94,,,,66.0,445.0,,,,,,,
rivière George,Q11,10480000,,,300,2019,99.0,177.0,276.0,745.0,817.0,0.34,1.25,,,,52.0,328.0,,,,,,,
rivière George,Q11,10480000,,,300,2020,,,,,,,,,,,,,,,,,,,
rivière George,Q11,10480000,,,300,2021,65.0,129.0,194.0,540.0,457.0,0.42,1.61,,,,38.0,232.0,,,,,,,
rivière George,Q11,10480000,,,300,2022,103.0,240.0,343.0,1021.0,563.0,0.61,2.42,,,,71.0,414.0,,,,,,,
rivière George,Q11,10480000,,,300,2023,135.0,307.0,442.0,1563.0,1058.0,0.42,1.9,,,,109.0,551.0,,,,,,,
rivière George,Q11,10480000,,,300,2024,55.0,155.0,210.0,1335.0,979.0,0.21,1.58,,,,93.0,303.0,,,,,,,
rivière George,Q11,10480000,,,300,2025,112.0,134.0,246.0,1561.0,1281.0,0.19,1.41,,,,109.0,355.0,,,,,,,
autres rivières,Q11,10000000,,,301,1984,,,,,,,,,,,,,,,,,,,
autres rivières,Q11,10000000,,,301,1985,,,,,,,,,,,,,,,,,,,
autres rivières,Q11,10000000,,,301,1986,,,,,,,,,,,,,,,,,,,
autres rivières,Q11,10000000,,,301,1987,,,,,,,,,,,,,,,,,,,
autres rivières,Q11,10000000,,,301,1988,,,,,,,,,,,,,,,,,,,
autres rivières,Q11,10000000,,,301,1989,12.0,8.0,20.0,,,,,,,,,20.0,,,,,,,
autres rivières,Q11,10000000,,,301,1990,5.0,2.0,7.0,,32.0,0.22,,,,,,7.0,,,,,,,
autres rivières,Q11,10000000,,,301,1991,0.0,0.0,0.0,,0.0,,,,,,,0.0,,,,,,,
autres rivières,Q11,10000000,,,301,1992,,,,,,,,,,,,,,,,,,,
autres rivières,Q11,10000000,,,301,1993,,,,,,,,,,,,,,,,,,,
autres rivières,Q11,10000000,,,301,1994,,,,,,,,,,,,,,,,,,,
autres rivières,Q11,10000000,,,301,1995,,,,,,,,,,,,,,,,,,,
autres rivières,Q11,10000000,,,301,1996,,,,,,,,,,,,,,,,,,,
autres rivières,Q11,10000000,,,301,1997,,,,,,,,,,,,,,,,,,,
autres rivières,Q11,10000000,,,301,1998,,,,,,,,,,,,,,,,,,,
autres rivières,Q11,10000000,,,301,1999,,,,,,,,,,,,,,,,,,,
autres rivières,Q11,10000000,,,301,2000,,,,,,,,,,,,,,,,,,,
autres rivières,Q11,10000000,,,301,2001,,,,,,,,,,,,,,,,,,,
autres rivières,Q11,10000000,,,301,2002,,,,,,,,,,,,,,,,,,,
autres rivières,Q11,10000000,,,301,2003,,,,,,,,,,,,,,,,,,,
autres rivières,Q11,10000000,,,301,2004,,,,,,,,,,,,,,,,,,,
autres rivières,Q11,10000000,,,301,2005,,,,,,,,,,,,,,,,,,,
autres rivières,Q11,10000000,,,301,2006,,,,,,,,,,,,,,,,,,,
autres rivières,Q11,10000000,,,301,2007,,,,,,,,,,,,,,,,,,,
autres rivières,Q11,10000000,,,301,2008,,,,,,,,,,,,,,,,,,,
autres rivières,Q11,10000000,,,301,2009,,,,,,,,,,,,,,,,,,,
autres rivières,Q11,10000000,,,301,2010,,,,,,,,,,,,,,,,,,,
autres rivières,Q11,10000000,,,301,2011,,,,,,,,,,,,,,,,,,,
autres rivières,Q11,10000000,,,301,2012,,,,,,,,,,,,,,,,,,,
autres rivières,Q11,10000000,,,302,2013,,,,,,,,,,,,,,,,,,,
autres rivières,Q11,10000000,,,302,2014,,,,,,,,,,,,,,,,,,,
autres rivières,Q11,10000000,,,302,2015,,,,,,,,,,,,,,,,,,,
autres rivières,Q11,10000000,,,302,2016,,,,,,,,,,,,,,,,,,,
autres rivières,Q11,10000000,,,302,2017,,,,,,,,,,,,,,,,,,,
autres rivières,Q11,10000000,,,302,2018,,,,,,,,,,,,,,,,,,,
autres rivières,Q11,10000000,,,302,2019,,,,,,,,,,,,,,,,,,,
autres rivières,Q11,10000000,,,302,2020,,,,,,,,,,,,,,,,,,,
autres rivières,Q11,10000000,,,302,2021,,,,,,,,,,,,,,,,,,,
autres rivières,Q11,10000000,,,302,2022,,,,,,,,,,,,,,,,,,,
autres rivières,Q11,10000000,,,302,2023,,,,,,,,,,,,,,,,,,,
autres rivières,Q11,10000000,,,302,2024,,,,,,,,,,,,,,,,,,,
autres rivières,Q11,10000000,,,302,2025,,,,,,,,,,,,,,,,,,,
